Post_ID,Account_Name,Platform,Category,Post_Type,Post_Date,Post_Text,Followers_At_Post,Reach,Impressions,Likes,Comments_Count,Shares,Is_Sponsored
2684.0,اليوم  السابع  نيوز,فيسبوك ,اخبار,image,2025-01-30,تغطية مباشرة لفعاليات المؤتمر,11465,2694.0,5192,198.0,25.0,12.0,لا
623.0,كورة كل يوم  ,FB,Sports,story,2025-11-07,تحليل فني لأداء الفريق هذا الموسم,68909,10055.0,15745,132.0,12.0,11.0,
3619.0,ملعب مصر,فيس بوك,كورة,صوره,,أهم أحداث مباراة اليوم بالتفصيل,19642,4842.0,6794,265,31.0,22.0,
2689.0,اتعلم اونلاين,youtube,تعليم ,story,05/10/2025,خطوات عملية لتعلم مهارة جديدة,8540,4610.0,9669,211.0,8.0,19.0,لا
1079.0,كوميديا العرب ✅,تويتر (X),ترفيه,Reel,2025-03-11,أفضل خمس مشاهد كوميدية هذا العام,16763,1186.0,1361,101.0,3.0,3.0,
1528.0,بوابة  الأحداث,فيسبوك,اخبار,story,19/05/2025,تغطية مباشرة لفعاليات المؤتمر,44002,14525.0,23803,501.0,34.0,9.0,
346.0,أخبار الرياضة,فيسبوك,رياضة,نص,2024-10-24,أفضل اللقطات من الجولة الأخيرة,34496,11425.0,18174,771.0,113.0,67.0,
3082.0,أكاديمية  المعرفة,Facebook,تعليم,ستوري,,دورة مجانية لتعلم أساسيات البرمجة,12588,3886.0,8456,91.0,8.0,10.0,
1531.0,بوابة الأحداث,فيسبوك,News,text,04/12/2025,ملخص أهم الأخبار المحلية اليوم,282447,162136.0,316726,1140.0,92.0,79.0,Yes
3295.0, موضة اليوم,Facebook,أزياء,,2025-03-17,نصائح لاختيار الألوان المناسبة لبشرتك,21624,1281.0,2395,67.0,8.0,4.0,Yes
1724.0,ضحك ونكت ✅,insta,Entertainment,video,02/01/2024,نكت وضحك من غير توقف,58258,24233.0,52049,645,39.0,127.0,No
3007.0, ملعب مصر,YouTube,كورة,reels,12-02-2025,أهم أحداث مباراة اليوم بالتفصيل,18830,7872.0,9020,261.0,35.0,29.0,
1934.0,كوميديا العرب,YouTube,كوميدي,text,02/10/2024,تحدي جديد بين المتابعين,26184,8855.0,10288,46.0,4.0,1.0,
1109.0,أخبار الرياضة,X,رياضة,ستوري ,29-11-2025,أهم أحداث مباراة اليوم بالتفصيل,94589,30630.0,61571,2274.0,113.0,198.0,
3396.0,عالم الطبخ,انستغرام, طبخ,story,09/07/2025,وصفة سريعة ولذيذة لعشاء اليوم,13275,7235.0,14091,176.0,15.0,26.0,
2796.0,أخبار الرياضة  ,Instagram,Sports,صور,2024-03-30,تحليل فني لأداء الفريق هذا الموسم,98714,50508.0,102981,3190.0,90.0,100.0,0
3613.0, مطبخ سارة,تيك توك,Food,ستوري,2025-06-11,حلويات رمضان بمكونات بسيطة,65599,17949.0,34791,1051.0,97.0,158.0,نعم
3775.0,ضحك ونكت,tiktok,Entertainment,image,2024-07-15,نكت وضحك من غير توقف,27305,1864.0,2348,19.0,2.0,1.0,
514.0,مطبخ  سارة,تيك توك,طبخ,ستوري ,15/02/2024,وصفة سريعة ولذيذة لعشاء اليوم,94400,56126.0,77131,1563.0,121.0,93.0,0
195.0,بوابة الأحداث,TikTok,News,ريلز,2024-01-23,بيان رسمي حول القرار الأخير,33806,11566.0,24565,71.0,5.0,13.0,نعم
1117.0,أزياء العرب,تيك توك,أزياء,story,2025-04-14,إطلالات بسيطة وأنيقة لكل يوم,15980,2678.0,3017,193.0,27.0,28.0,
1917.0,بوابة الأحداث,فيس بوك,اخبار,ستوري ,2025-08-24,ملخص أهم الأخبار المحلية اليوم,3489,1943.0,2027,-139.0,18.0,5.0,Yes
3197.0,أخبار الرياضة,انستغرام,رياضة ,صور,23-10-2024,أخبار الانتقالات الصيفية,44840,7711.0,11443,761.0,92.0,72.0,1
3248.0,أزياء العرب ✅,تيك توك,موضة,reels,2025-12-06,نصائح لاختيار الألوان المناسبة لبشرتك,23296,8690.0,18078,486.0,68.0,13.0,
2977.0,جادجت العرب  ,تيك توك,تكنولوجيا,ريلز,25/06/2025,نصائح لحماية حسابك من الاختراق,38387,11850.0,17964,534.0,75.0,68.0,0
3334.0, منصة التعليم,يوتيوب,تعليم ,video,2025-04-21,شرح مبسط لأهم قواعد اللغة العربية,33165,15798.0,27462,1116.0,87.0,58.0,
3389.0,أكاديمية المعرفة,insta,تعليم,reels,,نصائح للطلاب الجدد في الجامعة,60930,15258.0,30224,216.0,12.0,34.0,1
2729.0,جادجت العرب,إنستغرام,تكنولوجيا,فيديو,,نصائح لحماية حسابك من الاختراق,45731,9212.0,9406,525.0,39.0,12.0,
1742.0,أزياء  العرب,تيكتوك,أزياء,reels,23/04/2025,موديلات جديدة من أشهر الماركات,17528,4771.0,8654,441.0,28.0,38.0,
2361.0,تكنولوجيا  بلس,انستجرام,تكنولوجيا,Reel,2025-11-21,كل ما تريد معرفته عن الذكاء الاصطناعي,535156,70137.0,97454,3377.0,405.0,176.0,No
3243.0,بوابة  الأحداث,فيسبوك,News,image,24/08/2024,تفاصيل جديدة حول الحدث الذي شغل الرأي العام,39266,14801.0,31293,399.0,30.0,31.0,
3527.0,اتعلم اونلاين,تيكتوك,تعليم,منشور نصي,21-05-2024,خطوات عملية لتعلم مهارة جديدة,5356,2445.0,4247,145.0,8.0,10.0,
3891.0,وصفات ماما,تويتر, طبخ,منشور نصي,27-08-2025,حلويات رمضان بمكونات بسيطة,77847,,15462,346.0,21.0,10.0,
2168.0,أزياء العرب,تويتر,موضة ,منشور نصي,26/01/2024,موديلات جديدة من أشهر الماركات,16724,5245.0,9795,180.0,21.0,28.0,
790.0,موضة اليوم  ,انستجرام,موضة,صوره,03/04/2024,موديلات جديدة من أشهر الماركات,104591,50995.0,59646,873.0,39.0,24.0,
3188.0,ملعب  مصر,youtube,رياضة,story,14/12/2024,أهم أحداث مباراة اليوم بالتفصيل,36161,20684.0,30034,936.0,62.0,82.0,0
1052.0,تكنولوجيا بلس,Twitter,تقنيه,منشور نصي,02/04/2025,خمس تطبيقات تساعدك في تنظيم وقتك,61009,14340.0,17974,394.0,54.0,33.0,
3156.0, موضة اليوم,انستجرام,أزياء,reels,26-05-2025,إطلالات بسيطة وأنيقة لكل يوم,4549,1857.0,2379,34.0,2.0,1.0,نعم
3641.0,اليوم السابع نيوز ✅,youtube,أخبار,صور,19/12/2025,تغطية مباشرة لفعاليات المؤتمر,9591,1428.0,2156,122.0,17.0,2.0,Yes
1041.0,أخبار الرياضة ✅,انستجرام,كورة,صورة,2024-02-12,تحليل فني لأداء الفريق هذا الموسم,9692,935.0,1068,23.0,2.0,3.0,1
1171.0,بوابة الأحداث,انستجرام,اخبار,منشور نصي,2025-10-28,آخر التطورات في الساعات الماضية,10368,5498.0,10148,69.0,7.0,13.0,Yes
2162.0,موضة اليوم  ,Instagram,موضة ,ريلز,,نصائح لاختيار الألوان المناسبة لبشرتك,6721,3150.0,6132,228.0,11.0,41.0,
3276.0,موضة اليوم,إنستغرام,موضة ,ريلز,16/10/2025,إطلالات بسيطة وأنيقة لكل يوم,18645,7540.0,9175,249.0,15.0,29.0,
1990.0, منصة التعليم,Twitter,تعليم ,فيديو,02/06/2025,خطوات عملية لتعلم مهارة جديدة,202488,48958.0,72466,4215.0,382.0,808.0,
774.0,موضة اليوم,يوتيوب ,أزياء,reels,15/02/2024,أحدث صيحات الموضة لهذا الموسم,11698,3473.0,5387,41.0,5.0,2.0,لا
306.0,كورة كل يوم  ,فيسبوك,كورة,ستوري,2025-02-06,أخبار الانتقالات الصيفية,84746,17289.0,35096,643.0,75.0,104.0,
2548.0,وصفات ماما ✅,X,أكل وطبخ,story,06-06-2025,أسرار المطبخ اللي محدش بيقولهالك,42831,23468.0,39694,"1,159",114.0,138.0,
3477.0,موضة  اليوم,tiktok,أزياء,reels,03/03/2025,إطلالات بسيطة وأنيقة لكل يوم,18713,7900.0,11831,45.0,5.0,7.0,0
1108.0,أكاديمية  المعرفة,إنستغرام,تعليم,image,,خطوات عملية لتعلم مهارة جديدة,96611,38661.0,48924,2911.0,237.0,370.0,1
3387.0,عالم التقنية ✅,FB,Tech,نص,2025-04-03,كل ما تريد معرفته عن الذكاء الاصطناعي,41796,6948.0,7279,150.0,12.0,25.0,نعم
3722.0, وصفات ماما,فيسبوك ,Food,text,2024-09-23,طريقة عمل الكنافة بالقشطة خطوة بخطوة,49168,28700.0,48180,439.0,27.0,22.0,
4116.0, ستايل بنات,tiktok,أزياء,فديو,04/08/2025,أحدث صيحات الموضة لهذا الموسم,8146,3458.0,5354,154.0,4.0,11.0,
706.0,ضحك  ونكت,تويتر,ترفيه,صورة,15/06/2024,مقاطع مضحكة من كواليس التصوير,80993,18217.0,38430,165.0,22.0,20.0,Yes
1759.0,جادجت العرب  ,YouTube,تقنيه,صور,26/12/2024,خمس تطبيقات تساعدك في تنظيم وقتك,18829,2502.0,4365,112.0,13.0,12.0,Yes
3035.0,أخبار الرياضة,YouTube,Sports,video,2024-06-07,تشكيلة المنتخب المتوقعة في المباراة القادمة,57050,31566.0,46417,1527.0,162.0,,
2422.0,كورة كل يوم,تويتر(X),Sports,ستوري,24-05-2024,أهم أحداث مباراة اليوم بالتفصيل,18465,7432.0,12935,324.0,37.0,40.0,
3106.0,اتعلم اونلاين,انستغرام,تعليم,ريلز,2024-03-11,كيف تذاكر بفعالية قبل الامتحانات,137783,72801.0,138110,3463.0,459.0,676.0,
2718.0,اتعلم اونلاين,تيك توك,تعليم ,صورة,2024-04-01,نصائح للطلاب الجدد في الجامعة,70038,16472.0,28710,1491.0,105.0,146.0,1
276.0, تكنولوجيا بلس,TikTok,Tech,ستوري ,29/03/2024,مقارنة بين أفضل اللابتوبات لعام هذا,22992,13246.0,14342,109.0,5.0,6.0,
738.0,فوازير رمضان ✅,فيس بوك,ترفيه,Reel,28/10/2024,تحدي جديد بين المتابعين,22431,3208.0,6970,264.0,25.0,14.0,لا
743.0,منصة  التعليم,insta,تعليم,صور,28/02/2024,دورة مجانية لتعلم أساسيات البرمجة,44780,23616.0,40140,1548.0,49.0,150.0,نعم
702.0, منصة التعليم,youtube,تعليم ,,04/10/2025,دورة مجانية لتعلم أساسيات البرمجة,8905,4530.0,5171,35.0,4.0,2.0,
4016.0,كوميديا العرب ✅,إنستغرام,ترفيه,image,2025-12-13,أطرف المواقف اللي حصلت الأسبوع ده,27759,14578.0,24541,"1,227",121.0,189.0,نعم
2051.0,ضحك ونكت,تيك توك,كوميدي,video,2024-12-14,مقاطع مضحكة من كواليس التصوير,22023,8117.0,12662,413.0,31.0,10.0,
1123.0,اتعلم اونلاين ✅,تويتر,تعليم ,Reel,2025-08-25,دورة مجانية لتعلم أساسيات البرمجة,50519,10397.0,10400,198.0,26.0,10.0,
2018.0,وصفات ماما ✅,TikTok,طبخ ,ستوري,2024-09-22,حلويات رمضان بمكونات بسيطة,53977,25200.0,43884,1765.0,237.0,223.0,نعم
2070.0,أخبار  الرياضة,يوتيوب,رياضة ,فيديو ,22/09/2025,أخبار الانتقالات الصيفية,37022,12266.0,22667,291.0,16.0,48.0,
2569.0, اليوم السابع نيوز,تيكتوك,اخبار,فديو,19/08/2025,ملخص أهم الأخبار المحلية اليوم,29357,17219.0,32229,1369.0,159.0,199.0,نعم
899.0,كورة كل يوم  ,FB,رياضة ,ستوري ,2025-01-06,أفضل اللقطات من الجولة الأخيرة,27619,2668.0,5253,241.0,31.0,33.0,نعم
3604.0,فوازير رمضان,Twitter,ترفيه,reels,28-06-2025,أفضل خمس مشاهد كوميدية هذا العام,35192,17759.0,37506,833.0,24.0,17.0,1
3266.0,كورة كل يوم,Twitter,رياضة ,image,2024-10-30,أهم أحداث مباراة اليوم بالتفصيل,24618,13336.0,16237,643.0,55.0,107.0,
1598.0,مطبخ سارة  ,يوتيوب,طبخ,منشور نصي,09/04/2024,أكلة اقتصادية وسهلة التحضير,103810,20953.0,32107,224.0,27.0,8.0,لا
378.0,أزياء  العرب,يوتيوب ,أزياء,ستوري ,2024-03-13,إطلالات بسيطة وأنيقة لكل يوم,38211,10275.0,14009,89.0,4.0,,1
363.0,موضة اليوم,Instagram,موضة ,ستوري ,,نصائح لاختيار الألوان المناسبة لبشرتك,18805,4666.0,6179,344.0,42.0,61.0,
2791.0,وصفات ماما ✅,X,أكل وطبخ,ستوري ,12/09/2025,أكلة اقتصادية وسهلة التحضير,115849,47309.0,71376,927.0,83.0,183.0,0
3956.0,ستايل بنات,YouTube,موضة,Reel,2024-06-16,إطلالات بسيطة وأنيقة لكل يوم,21873,7154.0,9805,364,,43.0,
2271.0,ضحك ونكت,Facebook,كوميدي,صوره,27/07/2024,  أطرف المواقف اللي حصلت الأسبوع ده   ,28501,8077.0,13336,353.0,8.0,32.0,1
2142.0,بوابة الأحداث ✅,يوتيوب,News,text,25/02/2024,ملخص أهم الأخبار المحلية اليوم,18711,6439.0,11046,244.0,6.0,36.0,لا
1731.0,أكاديمية  المعرفة,insta,تعليم ,فيديو,04-09-2025,نصائح للطلاب الجدد في الجامعة,45176,21604.0,28051,1722.0,120.0,272.0,لا
1782.0,تكنولوجيا بلس,يوتيوب ,تكنولوجيا,story,03-04-2025,مقارنة بين أفضل اللابتوبات لعام هذا,18238,5330.0,8652,381.0,30.0,62.0,1
1120.0, منصة التعليم,تويتر(X),Education,ريلز,08/08/2024,خطوات عملية لتعلم مهارة جديدة,39036,10300.0,10886,842.0,38.0,87.0,Yes
2437.0,اليوم  السابع  نيوز,tiktok,اخبار,,2024-12-12,آخر التطورات في الساعات الماضية,970652,323174.0,544027,2044.0,230.0,65.0,
417.0,ستايل بنات,insta,موضة,reels,2024-11-19,نصائح لاختيار الألوان المناسبة لبشرتك,12973,5081.0,7117,345.0,9.0,54.0,نعم
1391.0,عالم التقنية,youtube,تكنولوجيا,Reel,16/01/2025,كل ما تريد معرفته عن الذكاء الاصطناعي,54806,23274.0,44280,1402.0,198.0,,0
3155.0,ستايل بنات ✅,تويتر (X),موضة ,ستوري,04/01/2024,أحدث صيحات الموضة لهذا الموسم,146747,64956.0,67305,2104.0,139.0,330.0,
2621.0,منصة التعليم,تيك توك,تعليم,نص,2025-08-16,نصائح للطلاب الجدد في الجامعة,26106,11732.0,21337,158.0,18.0,23.0,
3138.0,مطبخ سارة,tiktok,Food,ريلز,2025-12-02,حلويات رمضان بمكونات بسيطة,219041,46651.0,54341,1815.0,145.0,94.0,
2979.0,مطبخ  سارة,تيكتوك,أكل وطبخ,فديو,2025-08-24,طريقة عمل الكنافة بالقشطة خطوة بخطوة,10319,3940.0,4207,242.0,25.0,43.0,
1377.0,أخبار الرياضة,youtube,Sports,فيديو ,13/02/2024,تحليل فني لأداء الفريق هذا الموسم,637437,204288.0,342907,11480.0,1348.0,411.0,Yes
595.0, وصفات ماما,YouTube,طبخ,صورة,2025-10-18,حلويات رمضان بمكونات بسيطة,60209,30444.0,33373,1552.0,198.0,246.0,
1684.0,كوميديا العرب,Instagram,كوميدي,نص,2024-06-13,تحدي جديد بين المتابعين,21809,8489.0,13674,1003.0,102.0,94.0,No
49.0,اليوم  السابع  نيوز,تويتر(X),News,text,2024-01-07,بيان رسمي حول القرار الأخير,116211,47911.0,57278,538.0,12.0,65.0,
3326.0,موضة اليوم,تويتر (X),موضة,ستوري ,,موديلات جديدة من أشهر الماركات,44772,3106.0,4578,235.0,7.0,35.0,نعم
3088.0,منصة التعليم  ,يوتيوب,تعليم ,نص,2024-06-02,خطوات عملية لتعلم مهارة جديدة,48997,27258.0,51971,1769.0,174.0,49.0,0
1290.0,كورة كل يوم  ,Facebook,Sports,ريلز,2024-11-27,  أخبار الانتقالات الصيفية   ,70519,18516.0,23210,1425.0,86.0,139.0,1
1791.0,اتعلم اونلاين,Twitter,تعليم,ستوري,,دورة مجانية لتعلم أساسيات البرمجة,65584,28273.0,57709,822.0,120.0,10.0,1
3105.0,ضحك ونكت ✅,YouTube,ترفيه,صوره,24/11/2024,أطرف المواقف اللي حصلت الأسبوع ده,119286,67696.0,125646,6288.0,677.0,409.0,
,منصة التعليم ✅,تيك توك,,image,28/10/2025,دورة مجانية لتعلم أساسيات البرمجة,33014,13137.0,27829,215.0,23.0,,
4109.0,عالم التقنية,تيك توك,تقنيه,text,2025-03-03,مقارنة بين أفضل اللابتوبات لعام هذا,27501,15127.0,20621,"1,095",149.0,176.0,No
2429.0,ملعب مصر,انستغرام,رياضة ,ستوري ,10/03/2025,أخبار الانتقالات الصيفية,8206,614.0,880,42.0,4.0,3.0,
1698.0,كورة كل يوم  ,X,كورة,Reel,,أهم أحداث مباراة اليوم بالتفصيل,36554,15583.0,19613,560.0,11.0,108.0,نعم
1152.0,ضحك ونكت,فيسبوك ,Entertainment,video,28/03/2025,تحدي جديد بين المتابعين,110425,62669.0,99245,3333.0,422.0,384.0,
3743.0,أخبار الرياضة,X,رياضة ,story,22/02/2025,أفضل اللقطات من الجولة الأخيرة,11670,2726.0,5235,68.0,6.0,8.0,نعم
2086.0,ستايل بنات ✅,X,موضة ,صوره,2025-01-07,أحدث صيحات الموضة لهذا الموسم,39100,20406.0,28789,723.0,100.0,11.0,Yes
1197.0,أخبار الرياضة,TikTok,Sports,video,2024-06-11,تشكيلة المنتخب المتوقعة في المباراة القادمة,266208,116829.0,141711,3672.0,,131.0,
1730.0,بوابة الأحداث ✅,تويتر(X),أخبار,نص,15/04/2025,ملخص أهم الأخبار المحلية اليوم,27715,5797.0,10405,355.0,,46.0,لا
3562.0, وصفات ماما,يوتيوب ,Food,Reel,2024-02-23,أسرار المطبخ اللي محدش بيقولهالك,147902,55611.0,114727,4450.0,283.0,274.0,1
714.0,موضة اليوم ✅,انستجرام,أزياء,story,23/12/2025,أفكار تنسيق ملابس اقتصادية,18066,9699.0,10708,626.0,44.0,104.0,لا
2639.0, أخبار مصر الآن,insta,أخبار,فيديو ,2025-08-13,ملخص أهم الأخبار المحلية اليوم,71959,18564.0,32517,630.0,35.0,12.0,
3047.0,كوميديا  العرب,FB,كوميدي,text,2024-11-11,نكت وضحك من غير توقف,79334,12629.0,12681,970.0,71.0,91.0,No
434.0, وصفات ماما,فيسبوك ,طبخ ,ستوري,10/02/2025,وصفة سريعة ولذيذة لعشاء اليوم,46138,7389.0,12857,598.0,52.0,13.0,
3691.0,اتعلم اونلاين ✅,فيسبوك,تعليم ,فديو,2025-10-16,كيف تذاكر بفعالية قبل الامتحانات,141883,54904.0,97534,5429.0,376.0,767.0,
1105.0, اليوم السابع نيوز,إنستغرام,News,صوره,2024-11-21,ملخص أهم الأخبار المحلية اليوم,60207,24692.0,31460,654.0,23.0,40.0,0
413.0, عالم الطبخ,youtube,طبخ ,ستوري ,,حلويات رمضان بمكونات بسيطة,59914,4698.0,7543,389.0,16.0,63.0,0
211.0,ستايل بنات,تويتر,أزياء,نص,17/07/2025,نصائح لاختيار الألوان المناسبة لبشرتك,90972,40380.0,53590,1376.0,59.0,191.0,
1439.0,ملعب مصر,Instagram,رياضة,فيديو,2024-10-10,أخبار الانتقالات الصيفية,62606,14273.0,28637,225.0,8.0,5.0,نعم
52.0,بوابة الأحداث  ,إنستغرام,اخبار,منشور نصي,21/02/2024,ملخص أهم الأخبار المحلية اليوم,65402,6667.0,12131,63.0,8.0,0.0,0
671.0,اليوم السابع نيوز,تويتر,اخبار,ستوري ,2024-10-01,تغطية مباشرة لفعاليات المؤتمر,102343,25153.0,29635,1713.0,119.0,60.0,
2315.0,اتعلم اونلاين,tiktok,تعليم ,صوره,,دورة مجانية لتعلم أساسيات البرمجة,21373,12462.0,23017,358.0,13.0,14.0,
3038.0, كورة كل يوم,انستجرام,كورة,text,26-07-2024,أفضل اللقطات من الجولة الأخيرة,130563,52819.0,110303,3407.0,502.0,490.0,No
2909.0,كورة كل يوم  ,تيك توك,كورة,video,16/09/2024,أفضل اللقطات من الجولة الأخيرة,76725,6414.0,9775,646.0,38.0,119.0,
3140.0, موضة اليوم,youtube,موضة ,,,أحدث صيحات الموضة لهذا الموسم,44659,13859.0,20831,1035.0,74.0,75.0,
1770.0,كوميديا العرب,تيكتوك,كوميدي,ريلز,2025-11-10,نكت وضحك من غير توقف,5807,3017.0,5086,114.0,8.0,7.0,
2480.0,فوازير  رمضان,يوتيوب,ترفيه,text,2025-09-28,مقاطع مضحكة من كواليس التصوير,42856,19551.0,30797,"1,051",,17.0,1
2586.0,ملعب مصر,Instagram,رياضة ,story,30-06-2025,تشكيلة المنتخب المتوقعة في المباراة القادمة,18741,3242.0,4312,202.0,4.0,11.0,
357.0,ستايل بنات,فيسبوك,موضة,نص,2024-12-15,نصائح لاختيار الألوان المناسبة لبشرتك,27874,4858.0,8591,480.0,31.0,63.0,
1410.0,كوميديا العرب ✅,إنستغرام,Entertainment,صور,2024-08-04,أفضل خمس مشاهد كوميدية هذا العام,79943,11015.0,13727,702.0,16.0,90.0,1
1475.0,مطبخ سارة,يوتيوب, طبخ,ستوري,13-10-2025,طريقة عمل الكنافة بالقشطة خطوة بخطوة,83324,24305.0,32992,877.0,108.0,49.0,
815.0,ستايل بنات,يوتيوب ,موضة ,فيديو ,07-09-2025,نصائح لاختيار الألوان المناسبة لبشرتك,73382,8890.0,12899,123.0,9.0,19.0,
2760.0,تكنولوجيا  بلس,YouTube,تقنية,صورة,23/12/2024,خمس تطبيقات تساعدك في تنظيم وقتك,14945,6747.0,8240,261.0,21.0,39.0,نعم
1700.0,عالم الطبخ,انستغرام,طبخ ,reels,05/07/2024,أسرار المطبخ اللي محدش بيقولهالك,33990,18750.0,23129,1407.0,189.0,269.0,0
1778.0,أكاديمية المعرفة,انستجرام,تعليم,ستوري ,08/10/2025,خطوات عملية لتعلم مهارة جديدة,301583,162254.0,164389,12293.0,308.0,2103.0,No
3134.0,ستايل بنات ✅,Instagram,أزياء,منشور نصي,2024-02-14,إطلالات بسيطة وأنيقة لكل يوم,48041,4403.0,8182,394.0,47.0,32.0,لا
2527.0,أخبار مصر الآن ✅,Instagram,News,text,2024-11-08,بيان رسمي حول القرار الأخير,11173,1199.0,2175,90.0,6.0,8.0,
591.0,بوابة الأحداث,تيكتوك,اخبار,صور,2025-01-13,تفاصيل جديدة حول الحدث الذي شغل الرأي العام,33609,12804.0,21742,481.0,17.0,40.0,
1051.0, ضحك ونكت,تويتر (X),ترفيه,نص,,مقاطع مضحكة من كواليس التصوير,13382,4939.0,10297,179.0,7.0,23.0,
200.0,كورة كل يوم  ,Facebook,رياضة,ريلز,07/11/2025,أخبار الانتقالات الصيفية,246232,79642.0,138689,6921.0,165.0,1293.0,
2195.0,بوابة الأحداث ✅,انستغرام,اخبار,story,18/04/2025,آخر التطورات في الساعات الماضية,23511,1364.0,2803,29.0,1.0,2.0,0
162.0,منصة التعليم ✅,يوتيوب,تعليم,صورة,2024-06-06,دورة مجانية لتعلم أساسيات البرمجة,130411,51995.0,85686,3164.0,376.0,357.0,0
2686.0,فوازير رمضان,إنستغرام,ترفيه,Reel,2025-01-24,نكت وضحك من غير توقف,91500,20643.0,22492,287.0,,50.0,
1326.0,أخبار  الرياضة,يوتيوب,رياضة,صورة,22/05/2024,تحليل فني لأداء الفريق هذا الموسم,37413,6848.0,10122,44.0,1.0,0.0,
1803.0,بوابة الأحداث ✅,TikTok,News,صور,2024-06-12,  تفاصيل جديدة حول الحدث الذي شغل الرأي العام   ,16733,5290.0,9745,99.0,6.0,19.0,Yes
2927.0,ضحك ونكت,TikTok,ترفيه,ريلز,2025-02-19,مقاطع مضحكة من كواليس التصوير,105678,15311.0,15828,662.0,73.0,108.0,لا
3488.0,اليوم السابع نيوز ✅,تيك توك,News,منشور نصي,2024-06-04,تغطية مباشرة لفعاليات المؤتمر,46738,14421.0,31093,588.0,31.0,62.0,1
2608.0,ملعب مصر  ,تيك توك,Sports,Reel,24/06/2024,أهم أحداث مباراة اليوم بالتفصيل,66438,28690.0,45609,1214.0,102.0,241.0,Yes
3096.0,ملعب مصر,انستجرام,رياضة ,reels,10/06/2025,تشكيلة المنتخب المتوقعة في المباراة القادمة,92876,5852.0,12450,294.0,6.0,5.0,1
3191.0,تكنولوجيا بلس,فيس بوك,تكنولوجيا,صورة,2024-03-27,نصائح لحماية حسابك من الاختراق,19248,5151.0,9205,473.0,53.0,37.0,0
4020.0,كورة كل يوم ✅,تيك توك,رياضة ,ريلز,06-08-2025,تشكيلة المنتخب المتوقعة في المباراة القادمة,30995,17821.0,36041,1577.0,200.0,78.0,
3774.0, أخبار الرياضة,انستغرام,كورة,Reel,2025-01-10,تحليل فني لأداء الفريق هذا الموسم,21733,7394.0,15748,501.0,28.0,61.0,
1869.0,أخبار الرياضة  ,YouTube,رياضة,فيديو,27-02-2024,تشكيلة المنتخب المتوقعة في المباراة القادمة,8680,1516.0,2345,163.0,6.0,2.0,
3301.0,موضة اليوم,TikTok,موضة,image,2024-03-15,أفكار تنسيق ملابس اقتصادية,56359,6473.0,6949,172.0,15.0,18.0,
515.0,مطبخ سارة  ,youtube, طبخ,,15/11/2024,أسرار المطبخ اللي محدش بيقولهالك,98377,55535.0,67912,2580.0,72.0,71.0,
2535.0,ملعب مصر  ,يوتيوب,كورة,فيديو,24/12/2024,أفضل اللقطات من الجولة الأخيرة,37847,9768.0,18700,386.0,44.0,57.0,0
891.0,ملعب مصر  ,TikTok,رياضة ,,16/04/2025,أخبار الانتقالات الصيفية,94494,55075.0,87076,556.0,71.0,110.0,
2066.0,اتعلم اونلاين  ,FB,Education,ريلز,31/01/2025,شرح مبسط لأهم قواعد اللغة العربية,10391,4335.0,8781,407.0,20.0,34.0,
460.0,موضة اليوم ✅,يوتيوب ,موضة ,صورة,03/11/2025,موديلات جديدة من أشهر الماركات,11641,5489.0,9333,469.0,58.0,50.0,Yes
319.0,ضحك ونكت,youtube,Entertainment,فيديو ,2025-01-17,مقاطع مضحكة من كواليس التصوير,5568,3131.0,4622,39.0,1.0,2.0,Yes
654.0,أخبار مصر الآن,Twitter,أخبار,reels,2025-11-20,آخر التطورات في الساعات الماضية,42961,19130.0,21669,173.0,8.0,3.0,No
893.0,مطبخ سارة,انستغرام,Food,صوره,2025-01-09,وصفة سريعة ولذيذة لعشاء اليوم,32366,6339.0,11557,511.0,64.0,10.0,
3530.0,أزياء العرب,Twitter,موضة ,image,03/03/2025,إطلالات بسيطة وأنيقة لكل يوم,110582,42181.0,92703,649.0,23.0,89.0,
3232.0,ستايل  بنات,tiktok,أزياء,ستوري ,26/04/2024,موديلات جديدة من أشهر الماركات,60347,18035.0,29089,1107.0,96.0,59.0,
3220.0,عالم التقنية ✅,يوتيوب,تقنية,video,22/09/2024,مراجعة كاملة لأحدث هاتف صدر هذا الشهر,22206,6924.0,12300,69.0,2.0,2.0,No
2020.0, جادجت العرب,FB,تقنية,ستوري,26-04-2024,خمس تطبيقات تساعدك في تنظيم وقتك,132754,56146.0,102267,1672.0,,267.0,0
4062.0,أزياء العرب  ,فيس بوك,موضة,text,25-01-2025,إطلالات بسيطة وأنيقة لكل يوم,49874,23570.0,32880,2558.0,64.0,32.0,
1550.0,كورة كل يوم,TikTok,كورة,صور,01-12-2024,أهم أحداث مباراة اليوم بالتفصيل,17080,4738.0,7146,397.0,21.0,37.0,No
326.0, منصة التعليم,فيسبوك,تعليم ,ستوري,2024-01-08,خطوات عملية لتعلم مهارة جديدة,148885,66728.0,76381,4548.0,406.0,168.0,
688.0,أزياء العرب,تيكتوك,أزياء,صورة,24/11/2025,إطلالات بسيطة وأنيقة لكل يوم,57669,33821.0,57099,1287.0,37.0,232.0,نعم
99.0, كورة كل يوم,انستجرام,Sports,صور,04-07-2025,تحليل فني لأداء الفريق هذا الموسم,83758,39209.0,67234,,116.0,331.0,
1585.0,أخبار مصر الآن,Twitter,اخبار,image,11/12/2024,تغطية مباشرة لفعاليات المؤتمر,14815,5710.0,10685,218.0,21.0,18.0,نعم
2730.0,منصة التعليم,TikTok,تعليم,image,13-03-2025,خطوات عملية لتعلم مهارة جديدة,16735,9059.0,15705,133.0,11.0,2.0,
1126.0,عالم التقنية ✅,تويتر(X),تكنولوجيا,Reel,2025-11-21,مراجعة كاملة لأحدث هاتف صدر هذا الشهر,32915,18860.0,19362,729.0,44.0,42.0,Yes
373.0,موضة اليوم ✅,tiktok,موضة ,text,2024-12-05,نصائح لاختيار الألوان المناسبة لبشرتك,28894,9277.0,13777,513.0,10.0,50.0,
1176.0,جادجت العرب,فيس بوك,تكنولوجيا,reels,2024-05-20,مراجعة كاملة لأحدث هاتف صدر هذا الشهر,18121,10034.0,13500,227.0,25.0,31.0,
2780.0, تكنولوجيا بلس,تيكتوك,تقنية,ريلز,,  خمس تطبيقات تساعدك في تنظيم وقتك   ,20839,8514.0,14655,655.0,55.0,116.0,
1454.0,أكاديمية المعرفة,انستغرام,تعليم ,ريلز,15/02/2024,خطوات عملية لتعلم مهارة جديدة,22472,12903.0,13741,732.0,46.0,19.0,Yes
1940.0,اليوم السابع نيوز,تويتر(X),News,ستوري ,02/09/2024,آخر التطورات في الساعات الماضية,29772,4553.0,8927,364.0,16.0,35.0,نعم
2058.0, أخبار مصر الآن,Facebook,اخبار,صورة,2024-10-27,ملخص أهم الأخبار المحلية اليوم,39550,14186.0,19935,183.0,22.0,30.0,1
1159.0, أزياء العرب,X,موضة ,منشور نصي,2024-11-06,إطلالات بسيطة وأنيقة لكل يوم,34212,20066.0,28090,937.0,92.0,25.0,
3688.0,أزياء العرب  ,تيكتوك,موضة,reels,2025-09-07,أحدث صيحات الموضة لهذا الموسم,26678,8930.0,13994,238.0,9.0,24.0,
2496.0,اليوم السابع نيوز,يوتيوب,News,ريلز,2025-09-04,تفاصيل جديدة حول الحدث الذي شغل الرأي العام,15102,1390.0,2357,17.0,1.0,2.0,No
3706.0,جادجت  العرب,Facebook,تقنية,video,2024-07-13,مقارنة بين أفضل اللابتوبات لعام هذا,9329,1649.0,1995,112.0,12.0,2.0,
3687.0,كوميديا العرب,YouTube,ترفيه,text,30/11/2025,أفضل خمس مشاهد كوميدية هذا العام,34465,7607.0,10515,370.0,37.0,69.0,
1672.0,ملعب مصر  ,تويتر,Sports,ستوري,2025-07-01,أخبار الانتقالات الصيفية,20560,4974.0,7682,361.0,22.0,66.0,
1865.0,عالم التقنية  ,تيكتوك,تقنيه,ستوري,2025-09-17,مقارنة بين أفضل اللابتوبات لعام هذا,7056,1807.0,3541,131.0,,23.0,
1460.0,أخبار  الرياضة,TikTok,رياضة ,story,2025-12-31,أخبار الانتقالات الصيفية,113936,62468.0,130005,7039.0,257.0,1172.0,
1256.0,أخبار  الرياضة,X,رياضة ,صورة,2024-09-20,أفضل اللقطات من الجولة الأخيرة,4576,797.0,1382,27.0,2.0,3.0,
1681.0,أخبار مصر الآن  ,youtube,اخبار,فيديو,09/05/2024,  تغطية مباشرة لفعاليات المؤتمر   ,2204,829.0,1061,78.0,4.0,7.0,
2567.0, أزياء العرب,TikTok,موضة ,نص,2024-04-08,موديلات جديدة من أشهر الماركات,7955,3785.0,6537,226.0,15.0,11.0,Yes
904.0,موضة  اليوم,Instagram,أزياء,story,2024-06-13,موديلات جديدة من أشهر الماركات,41088,12448.0,21514,306.0,44.0,18.0,0
2225.0,وصفات ماما  ,فيس بوك,طبخ ,ريلز,16/07/2025,طريقة عمل الكنافة بالقشطة خطوة بخطوة,13884,6690.0,12286,292.0,42.0,33.0,
1122.0,أكاديمية المعرفة,تيكتوك,تعليم,صورة,09/04/2024,شرح مبسط لأهم قواعد اللغة العربية,77262,34930.0,45081,701.0,40.0,90.0,نعم
695.0,مطبخ  سارة,YouTube,أكل وطبخ,فيديو,2024-03-12,أسرار المطبخ اللي محدش بيقولهالك,51827,24318.0,41585,570.0,57.0,70.0,0
787.0, ستايل بنات,يوتيوب,موضة ,منشور نصي,30/03/2025,إطلالات بسيطة وأنيقة لكل يوم,13921,5018.0,6537,390.0,53.0,11.0,1
3444.0, جادجت العرب,يوتيوب,تقنية,صوره,2024-07-12,نصائح لحماية حسابك من الاختراق,37556,3039.0,6496,61.0,5.0,5.0,نعم
416.0,عالم  التقنية,تويتر (X),Tech,ريلز,2025-11-28,نصائح لحماية حسابك من الاختراق,24538,13455.0,13651,689.0,62.0,44.0,
1348.0,وصفات  ماما,tiktok,Food,video,08/02/2025,طريقة عمل الكنافة بالقشطة خطوة بخطوة,11928,3823.0,7348,82.0,4.0,16.0,
2329.0,عالم  التقنية,فيس بوك,تقنيه,video,26/05/2024,مقارنة بين أفضل اللابتوبات لعام هذا,59210,3211.0,6409,238.0,6.0,18.0,
188.0,عالم  التقنية,تيكتوك,تقنية,صوره,04/08/2025,خمس تطبيقات تساعدك في تنظيم وقتك,34943,13719.0,24116,799.0,90.0,145.0,
2210.0, ضحك ونكت,انستجرام,كوميدي,story,2025-05-25,نكت وضحك من غير توقف,145358,76455.0,114788,5717.0,398.0,936.0,لا
2446.0,اتعلم  اونلاين,FB,Education,صور,2025-11-08,نصائح للطلاب الجدد في الجامعة,40422,6031.0,9502,376.0,40.0,35.0,نعم
2740.0,تكنولوجيا  بلس,Twitter,تكنولوجيا,ستوري ,,مراجعة كاملة لأحدث هاتف صدر هذا الشهر,20257,11650.0,21661,1013.0,47.0,201.0,
1790.0,أخبار مصر الآن  ,TikTok,أخبار,ستوري ,2024-01-18,تغطية مباشرة لفعاليات المؤتمر,16840,9593.0,9663,341.0,47.0,36.0,Yes
298.0,أكاديمية المعرفة  ,TikTok,تعليم ,story,27/06/2024,دورة مجانية لتعلم أساسيات البرمجة,113536,26608.0,32156,2150.0,71.0,119.0,0
3229.0,جادجت العرب,فيسبوك,تكنولوجيا,ستوري,10/08/2024,مقارنة بين أفضل اللابتوبات لعام هذا,16248,8395.0,13905,900.0,125.0,22.0,
3004.0,عالم  التقنية,إنستغرام,تقنية,ستوري ,21-11-2025,كل ما تريد معرفته عن الذكاء الاصطناعي,59943,16326.0,26012,747.0,83.0,71.0,
2266.0,عالم الطبخ,تيكتوك,Food,فيديو,11/07/2025,وصفة سريعة ولذيذة لعشاء اليوم,10185,1387.0,2539,21.0,2.0,3.0,
1116.0,وصفات ماما ✅,يوتيوب,طبخ ,صور,09/02/2025,طريقة عمل الكنافة بالقشطة خطوة بخطوة,28702,14589.0,18964,913.0,62.0,93.0,لا
2559.0,ستايل  بنات,تويتر,موضة,منشور نصي,2024-09-04,موديلات جديدة من أشهر الماركات,45005,19123.0,40563,1553.0,54.0,125.0,
1523.0,منصة التعليم ✅,تيك توك,تعليم,صوره,2024-02-18,نصائح للطلاب الجدد في الجامعة,178443,87316.0,186352,4594.0,643.0,722.0,
3195.0, كورة كل يوم,Twitter,رياضة ,text,2024-11-15,أخبار الانتقالات الصيفية,22220,2749.0,3385,262.0,11.0,44.0,لا
1437.0,ضحك ونكت,FB,Entertainment,ريلز,27/04/2024,مقاطع مضحكة من كواليس التصوير,67706,12222.0,16455,1283.0,142.0,32.0,No
758.0,تكنولوجيا بلس  ,يوتيوب,تقنية,ستوري,2025-06-09,مراجعة كاملة لأحدث هاتف صدر هذا الشهر,44330,16341.0,33773,981.0,85.0,19.0,
2380.0,ملعب  مصر,youtube,رياضة,صورة,09/07/2025,تحليل فني لأداء الفريق هذا الموسم,50730,,34417,1708.0,99.0,196.0,No
213.0,أكاديمية المعرفة ✅,إنستغرام,تعليم ,صورة,10/03/2024,كيف تذاكر بفعالية قبل الامتحانات,35609,17565.0,29162,149.0,21.0,18.0,No
992.0, مطبخ سارة,انستجرام,أكل وطبخ,ستوري ,2025-01-01,حلويات رمضان بمكونات بسيطة,39457,10183.0,19344,129.0,19.0,20.0,
2318.0,عالم الطبخ,فيس بوك,أكل وطبخ,Reel,2025-02-04,حلويات رمضان بمكونات بسيطة,33426,12424.0,12605,335.0,29.0,55.0,
761.0,ملعب مصر  ,تويتر(X),,صوره,2024-08-21,تشكيلة المنتخب المتوقعة في المباراة القادمة,65607,7392.0,13103,620.0,64.0,60.0,
2907.0,أزياء العرب  ,فيسبوك,أزياء,صور,2025-02-06,أفكار تنسيق ملابس اقتصادية,22937,6673.0,10439,185.0,18.0,22.0,لا
3357.0,ضحك ونكت,انستغرام,Entertainment,ستوري,2024-07-02,مقاطع مضحكة من كواليس التصوير,8249,839.0,1374,58.0,6.0,5.0,Yes
2936.0,جادجت العرب,تويتر(X),تكنولوجيا,ريلز,05/03/2024,  كل ما تريد معرفته عن الذكاء الاصطناعي   ,15709,6261.0,10697,305.0,27.0,37.0,
488.0,وصفات ماما,Twitter,طبخ ,نص,2024-01-16,أكلة اقتصادية وسهلة التحضير,7718,4493.0,6863,152.0,9.0,10.0,
668.0,أكاديمية المعرفة,tiktok,تعليم ,video,2024-11-26,كيف تذاكر بفعالية قبل الامتحانات,6044,897.0,1319,67.0,7.0,2.0,
988.0,ستايل  بنات,YouTube,موضة ,ستوري,2024-09-23,أفكار تنسيق ملابس اقتصادية,94134,53042.0,98867,3344.0,259.0,425.0,
1223.0,أزياء  العرب,YouTube,أزياء,video,15/09/2024,موديلات جديدة من أشهر الماركات,12506,2099.0,2261,126,10.0,20.0,
2572.0,جادجت العرب,يوتيوب,تقنية,ريلز,,مراجعة كاملة لأحدث هاتف صدر هذا الشهر,55016,7043.0,12888,216.0,31.0,34.0,نعم
2440.0,كوميديا العرب  ,X,Entertainment,فيديو ,,نكت وضحك من غير توقف,37789,16491.0,31807,441.0,60.0,34.0,
751.0,أخبار مصر الآن ✅,insta,أخبار,story,2024-02-17,تغطية مباشرة لفعاليات المؤتمر,121371,42436.0,48834,1130.0,53.0,99.0,No
896.0,بوابة الأحداث,YouTube,اخبار,نص,2025-12-29,تغطية مباشرة لفعاليات المؤتمر,39266,14758.0,23302,682.0,30.0,70.0,1
2858.0,تكنولوجيا  بلس,انستغرام,Tech,ستوري,2025-07-03,خمس تطبيقات تساعدك في تنظيم وقتك,10442,4868.0,10601,357.0,31.0,64.0,1
1063.0,أزياء  العرب,تويتر (X),أزياء,ستوري ,2024-10-18,موديلات جديدة من أشهر الماركات,43480,20043.0,27539,753.0,22.0,133.0,No
1345.0,منصة التعليم  ,يوتيوب ,تعليم,نص,10/01/2024,شرح مبسط لأهم قواعد اللغة العربية,54703,16865.0,32710,1289.0,140.0,17.0,
3810.0,وصفات ماما ✅,insta,طبخ,ريلز,2024-09-23,حلويات رمضان بمكونات بسيطة,136994,7547.0,10050,105.0,15.0,8.0,1
2853.0, أكاديمية المعرفة,X,تعليم ,story,2024-03-10,نصائح للطلاب الجدد في الجامعة,8545,792.0,1173,41.0,5.0,1.0,Yes
736.0,وصفات ماما,tiktok,Food,صورة,2025-06-16,وصفة سريعة ولذيذة لعشاء اليوم,21204,10514.0,22479,108.0,15.0,12.0,
2519.0,فوازير رمضان ✅,youtube,Entertainment,text,01/12/2024,مقاطع مضحكة من كواليس التصوير,27389,10846.0,21026,789.0,31.0,59.0,
2521.0,كورة كل يوم ✅,يوتيوب,رياضة,نص,,أخبار الانتقالات الصيفية,42828,3243.0,7034,212.0,29.0,20.0,لا
801.0, عالم الطبخ,Facebook,أكل وطبخ,ستوري ,2025-10-13,أسرار المطبخ اللي محدش بيقولهالك,20002,3989.0,7894,122,7.0,23.0,Yes
1258.0,اليوم السابع نيوز  ,تويتر(X),أخبار,نص,2025-01-07,بيان رسمي حول القرار الأخير,37742,8619.0,16026,127.0,4.0,20.0,
532.0,أخبار مصر الآن,انستجرام,اخبار,صور,2024-03-27,ملخص أهم الأخبار المحلية اليوم,24624,7672.0,11425,155.0,22.0,18.0,
3901.0,فوازير رمضان  ,فيسبوك ,كوميدي,reels,2024-01-06,تحدي جديد بين المتابعين,17327,6776.0,10950,105.0,8.0,5.0,1
1138.0,فوازير  رمضان,فيسبوك,كوميدي,reels,25/03/2025,أطرف المواقف اللي حصلت الأسبوع ده,26040,2690.0,4459,211.0,21.0,8.0,
563.0,أزياء  العرب,Instagram,موضة ,صورة,2025-03-01,نصائح لاختيار الألوان المناسبة لبشرتك,89357,20407.0,36973,1259.0,136.0,150.0,Yes
1855.0,أخبار الرياضة,يوتيوب,رياضة ,فيديو ,2025-02-07,أفضل اللقطات من الجولة الأخيرة,133235,54863.0,93121,3391.0,171.0,318.0,Yes
3764.0,ضحك ونكت,Twitter,ترفيه,story,02/02/2024,مقاطع مضحكة من كواليس التصوير,30704,15235.0,24621,141.0,4.0,17.0,نعم
3596.0, ستايل بنات,فيسبوك ,أزياء,صوره,2025-02-09,موديلات جديدة من أشهر الماركات,203927,38971.0,49237,-377.0,55.0,29.0,
2624.0,موضة اليوم,يوتيوب ,موضة ,story,11/01/2024,  موديلات جديدة من أشهر الماركات   ,29422,4783.0,8332,57.0,8.0,6.0,1
285.0,بوابة الأحداث,YouTube,أخبار,صورة,2025-07-17,آخر التطورات في الساعات الماضية,67450,5682.0,9176,435.0,11.0,69.0,
501.0,اتعلم اونلاين,يوتيوب,تعليم ,image,2025-07-29,نصائح للطلاب الجدد في الجامعة,12060,2050.0,4200,48.0,0.0,8.0,0
3802.0,جادجت  العرب,فيسبوك,تقنيه,صور,07/12/2025,نصائح لحماية حسابك من الاختراق,51784,17497.0,18249,418.0,46.0,21.0,0
3632.0,موضة اليوم,إنستغرام,أزياء,فيديو,01-09-2024,موديلات جديدة من أشهر الماركات,30065,5971.0,10726,93.0,13.0,6.0,
3309.0,كورة كل يوم ✅,insta,كورة,فيديو ,2024-05-21,أفضل اللقطات من الجولة الأخيرة,9378,2709.0,3392,227.0,11.0,4.0,
1269.0,عالم الطبخ,tiktok,طبخ ,صورة,,طريقة عمل الكنافة بالقشطة خطوة بخطوة,5338,601.0,1088,45.0,5.0,0.0,
2530.0,كوميديا  العرب,انستجرام,ترفيه,منشور نصي,12-06-2024,نكت وضحك من غير توقف,368618,212331.0,280226,7259.0,873.0,1350.0,لا
1928.0,أخبار الرياضة,انستغرام,كورة,منشور نصي,24/08/2025,أهم أحداث مباراة اليوم بالتفصيل,13562,1256.0,2150,25.0,3.0,2.0,Yes
3698.0,ستايل بنات,تويتر(X),أزياء,Reel,29-01-2025,أحدث صيحات الموضة لهذا الموسم,11380,5069.0,5314,229.0,13.0,31.0,
861.0,جادجت العرب,TikTok,تقنية,ريلز,2024-12-25,خمس تطبيقات تساعدك في تنظيم وقتك,21628,7963.0,16671,366.0,25.0,62.0,0
3000.0,أخبار مصر الآن,FB,أخبار,video,2025-07-08,تغطية مباشرة لفعاليات المؤتمر,35280,2292.0,3096,95.0,5.0,18.0,
2294.0, بوابة الأحداث,تيكتوك,News,reels,,تغطية مباشرة لفعاليات المؤتمر,3069,1580.0,2515,97.0,13.0,7.0,نعم
2346.0,فوازير رمضان,insta,Entertainment,فيديو ,2025-05-10,تحدي جديد بين المتابعين,12628,2655.0,5741,70.0,7.0,10.0,لا
1620.0,أكاديمية المعرفة,X,Education,منشور نصي,2024-07-05,كيف تذاكر بفعالية قبل الامتحانات,28238,12441.0,15558,395.0,30.0,57.0,
653.0,اليوم السابع نيوز,youtube,أخبار,ستوري ,2025-03-15,بيان رسمي حول القرار الأخير,50095,14366.0,16419,679.0,46.0,,Yes
3303.0,اليوم السابع نيوز,فيسبوك,اخبار,صورة,11/10/2024,تفاصيل جديدة حول الحدث الذي شغل الرأي العام,17460,6103.0,10154,168,19.0,2.0,
2982.0,أكاديمية المعرفة ✅,فيسبوك ,تعليم,,2024-02-13,كيف تذاكر بفعالية قبل الامتحانات,43570,18957.0,39779,270.0,33.0,18.0,
3791.0,مطبخ سارة ✅,تويتر,Food,ستوري ,10/07/2025,وصفة سريعة ولذيذة لعشاء اليوم,137695,46935.0,81356,2876.0,145.0,173.0,
3238.0,بوابة  الأحداث,YouTube,News,ستوري ,26-12-2025,ملخص أهم الأخبار المحلية اليوم,15670,9183.0,18501,788.0,68.0,68.0,
3037.0,أخبار مصر الآن,يوتيوب ,أخبار,فديو,2024-06-19,ملخص أهم الأخبار المحلية اليوم,20439,9617.0,9692,528.0,53.0,52.0,
2139.0,موضة  اليوم,فيس بوك,موضة,reels,2024-03-10,إطلالات بسيطة وأنيقة لكل يوم,31054,9474.0,16398,54.0,3.0,9.0,
2425.0, اتعلم اونلاين,FB,تعليم,صورة,17-01-2025,كيف تذاكر بفعالية قبل الامتحانات,3590,388.0,728,11.0,1.0,1.0,1
3682.0,جادجت العرب  ,فيسبوك ,تقنيه,صور,2024-07-04,مقارنة بين أفضل اللابتوبات لعام هذا,52117,28143.0,49934,1139.0,23.0,38.0,1
493.0,كوميديا  العرب,فيس بوك,كوميدي,story,2024-07-03,مقاطع مضحكة من كواليس التصوير,32313,9762.0,18255,601.0,72.0,104.0,
1644.0,فوازير  رمضان,فيس بوك,Entertainment,ريلز,2024-04-20,مقاطع مضحكة من كواليس التصوير,52397,25097.0,39488,825.0,115.0,102.0,
3581.0,أخبار الرياضة  ,يوتيوب ,كورة,ستوري ,2024-03-09,تشكيلة المنتخب المتوقعة في المباراة القادمة,34019,15675.0,26646,290.0,17.0,17.0,لا
3662.0,أخبار الرياضة  ,تويتر(X),رياضة,Reel,2024-12-07,أفضل اللقطات من الجولة الأخيرة,18888,7207.0,7444,114.0,15.0,20.0,1
1181.0,أكاديمية المعرفة ✅,تيك توك,تعليم,صور,2024-02-16,شرح مبسط لأهم قواعد اللغة العربية,64104,17239.0,27864,1257.0,88.0,35.0,Yes
3563.0,عالم الطبخ,Twitter, طبخ,reels,2024-05-07,أسرار المطبخ اللي محدش بيقولهالك,26340,11598.0,13654,873.0,47.0,90.0,نعم
1228.0,أزياء العرب  ,Twitter,أزياء,صورة,2024-04-02,نصائح لاختيار الألوان المناسبة لبشرتك,34270,6849.0,13685,643.0,13.0,23.0,
3649.0,منصة التعليم,فيسبوك,Education,Reel,2025-08-01,نصائح للطلاب الجدد في الجامعة,35034,9622.0,10755,210.0,28.0,26.0,لا
2741.0,أزياء العرب,TikTok,موضة ,فيديو ,25-06-2025,أفكار تنسيق ملابس اقتصادية,76594,19041.0,31511,1295.0,144.0,,
1626.0, أخبار مصر الآن,FB,News,صورة,2024-12-15,تفاصيل جديدة حول الحدث الذي شغل الرأي العام,13428,2440.0,3087,,7.0,23.0,نعم
2245.0,مطبخ  سارة,Instagram, طبخ,ستوري,27/09/2024,حلويات رمضان بمكونات بسيطة,13161,6543.0,13176,165.0,8.0,30.0,
1016.0,عالم الطبخ,فيس بوك,أكل وطبخ,story,2024-10-12,أكلة اقتصادية وسهلة التحضير,65587,28769.0,61242,760.0,64.0,86.0,
2037.0,ملعب مصر,youtube,كورة,نص,21/06/2024,أفضل اللقطات من الجولة الأخيرة,60469,11841.0,12081,672.0,91.0,128.0,No
2356.0,كورة كل يوم  ,فيس بوك,Sports,نص,2025-05-28,تشكيلة المنتخب المتوقعة في المباراة القادمة,44401,21620.0,28274,1401.0,44.0,195.0,
3460.0, كوميديا العرب,تويتر,ترفيه,ستوري,2025-05-22,أفضل خمس مشاهد كوميدية هذا العام,17367,9043.0,14642,198.0,28.0,9.0,0
935.0,أكاديمية المعرفة,فيس بوك,تعليم,ريلز,2024-08-03,نصائح للطلاب الجدد في الجامعة,16785,2353.0,3158,217.0,31.0,,0
88.0,تكنولوجيا بلس ✅,tiktok,تكنولوجيا,ريلز,2025-01-18,خمس تطبيقات تساعدك في تنظيم وقتك,3633,1607.0,3333,83,2.0,7.0,No
379.0,اليوم السابع نيوز,فيسبوك ,أخبار,فيديو,2025-07-01,تغطية مباشرة لفعاليات المؤتمر,30459,2491.0,5354,258.0,38.0,29.0,لا
1871.0,جادجت العرب  ,YouTube,Tech,نص,24/11/2024,نصائح لحماية حسابك من الاختراق,37278,5016.0,5817,129,7.0,1.0,
3042.0,أخبار الرياضة,Facebook,Sports,صور,29-09-2025,تحليل فني لأداء الفريق هذا الموسم,236670,134529.0,249543,5812.0,,704.0,
962.0,وصفات ماما,انستجرام, طبخ,صور,2024-04-23,وصفة سريعة ولذيذة لعشاء اليوم,186603,81442.0,174870,4090.0,588.0,539.0,نعم
3024.0,جادجت  العرب,YouTube,تقنية,فيديو,2024-07-13,كل ما تريد معرفته عن الذكاء الاصطناعي,46333,11043.0,21599,560,70.0,11.0,Yes
1522.0, موضة اليوم,insta,موضة ,فيديو,03/04/2025,موديلات جديدة من أشهر الماركات,44433,13471.0,22628,235.0,30.0,3.0,1
1169.0,كوميديا العرب,تيك توك,Entertainment,ريلز,05/07/2025,أفضل خمس مشاهد كوميدية هذا العام,32489,18817.0,39172,625.0,93.0,36.0,0
2212.0,منصة التعليم,Facebook,تعليم,ستوري,2024-12-05,خطوات عملية لتعلم مهارة جديدة,145157,80882.0,95606,5142.0,609.0,564.0,
3866.0,منصة التعليم ✅,انستغرام,تعليم,ستوري ,2024-10-12,خطوات عملية لتعلم مهارة جديدة,27011,14787.0,29022,356.0,23.0,65.0,
4031.0,ملعب مصر  ,تويتر,Sports,صوره,2024-08-25,أفضل اللقطات من الجولة الأخيرة,62799,,74356,1110.0,66.0,153.0,Yes
1272.0,عالم التقنية ✅,فيسبوك,تكنولوجيا,Reel,2024-10-06,مراجعة كاملة لأحدث هاتف صدر هذا الشهر,224082,72964.0,133111,5840.0,806.0,1103.0,0
3324.0,منصة التعليم ✅,FB,Education,صوره,2025-03-18,خطوات عملية لتعلم مهارة جديدة,84056,47786.0,76622,3530.0,289.0,77.0,
1584.0,اتعلم اونلاين  ,Facebook,Education,صور,2025-04-02,خطوات عملية لتعلم مهارة جديدة,32371,5399.0,10955,43.0,6.0,3.0,
1230.0,مطبخ سارة ✅,فيسبوك , طبخ,ريلز,,أسرار المطبخ اللي محدش بيقولهالك,6138,2355.0,4126,157.0,14.0,30.0,نعم
1109.0,أخبار الرياضة,X,رياضة,ستوري ,29-11-2025,أهم أحداث مباراة اليوم بالتفصيل,94589,30630.0,61571,2274.0,113.0,198.0,
421.0,منصة  التعليم,TikTok,Education,صور,2025-05-17,دورة مجانية لتعلم أساسيات البرمجة,28842,13147.0,24262,520.0,37.0,31.0,
3703.0,بوابة الأحداث,انستجرام,News,منشور نصي,11/10/2024,تغطية مباشرة لفعاليات المؤتمر,19697,3706.0,6916,111.0,15.0,2.0,
4049.0,عالم الطبخ ✅,Facebook,طبخ,story,2025-01-28,طريقة عمل الكنافة بالقشطة خطوة بخطوة,46841,17821.0,31670,1353.0,63.0,173.0,Yes
2600.0,ضحك  ونكت,Twitter,Entertainment,ستوري ,2024-04-21,نكت وضحك من غير توقف,129533,33896.0,65733,787.0,47.0,72.0,
2166.0,كوميديا العرب,insta,Entertainment,image,2024-05-11,تحدي جديد بين المتابعين,8894,930.0,1883,4.0,0.0,0.0,
2917.0,مطبخ  سارة,youtube,طبخ,text,2024-07-17,وصفة سريعة ولذيذة لعشاء اليوم,15027,8786.0,15272,127.0,15.0,3.0,
3450.0,كورة كل يوم ✅,FB,كورة,صور,2024-02-21,تحليل فني لأداء الفريق هذا الموسم,43953,17603.0,37709,171.0,16.0,33.0,No
3121.0,عالم التقنية ✅,تويتر,تقنية,ريلز,09-11-2025,كل ما تريد معرفته عن الذكاء الاصطناعي,90119,33323.0,72346,3336.0,321.0,163.0,
741.0,بوابة الأحداث  ,insta,News,صوره,2024-09-05,آخر التطورات في الساعات الماضية,5756,2852.0,3667,70,3.0,0.0,نعم
4073.0,اليوم  السابع  نيوز,تويتر(X),أخبار,فيديو,2025-01-04,آخر التطورات في الساعات الماضية,224052,116686.0,219169,2687.0,396.0,309.0,1
3564.0,كوميديا العرب  ,tiktok,كوميدي,reels,26/06/2025,أفضل خمس مشاهد كوميدية هذا العام,105389,45667.0,46318,2920.0,142.0,446.0,
2683.0,كورة كل يوم ✅,فيسبوك ,رياضة,ستوري ,09/08/2024,تشكيلة المنتخب المتوقعة في المباراة القادمة,4592,1655.0,2135,14.0,0.0,0.0,
1814.0,وصفات ماما  ,FB,Food,reels,27-06-2025,حلويات رمضان بمكونات بسيطة,31362,7067.0,7501,241.0,22.0,34.0,نعم
2291.0,ملعب مصر ✅,يوتيوب ,Sports,منشور نصي,07/04/2024,أفضل اللقطات من الجولة الأخيرة,129423,36589.0,76250,1838.0,154.0,274.0,
3067.0,ملعب مصر,فيسبوك,رياضة,ستوري,26/12/2025,أفضل اللقطات من الجولة الأخيرة,54845,29282.0,62457,308.0,35.0,58.0,لا
2228.0,عالم التقنية,تيكتوك,تقنيه,صوره,2024-03-06,كل ما تريد معرفته عن الذكاء الاصطناعي,19341,6033.0,13184,288.0,7.0,38.0,
3083.0,أخبار الرياضة,Instagram,رياضة,reels,01/01/2025,أفضل اللقطات من الجولة الأخيرة,38067,2257.0,4694,151.0,11.0,23.0,1
2268.0,اتعلم اونلاين,YouTube,تعليم ,image,2024-02-10,خطوات عملية لتعلم مهارة جديدة,83483,35157.0,66943,1017.0,26.0,172.0,Yes
2061.0,وصفات ماما,انستجرام, طبخ,reels,2025-04-08,طريقة عمل الكنافة بالقشطة خطوة بخطوة,18844,7070.0,13141,708.0,70.0,59.0,لا
3733.0,اتعلم اونلاين ✅,إنستغرام,تعليم ,صور,2025-07-14,نصائح للطلاب الجدد في الجامعة,32831,15616.0,32572,719.0,51.0,17.0,No
1821.0,كوميديا العرب,tiktok,كوميدي,story,14/03/2024,أفضل خمس مشاهد كوميدية هذا العام,34884,7758.0,13949,586.0,44.0,115.0,
401.0,كوميديا  العرب,تويتر(X),Entertainment,ستوري,02-06-2024,أطرف المواقف اللي حصلت الأسبوع ده,51414,2571.0,3856,104.0,15.0,5.0,
3475.0,مطبخ سارة ✅,فيسبوك,Food,Reel,14-05-2025,طريقة عمل الكنافة بالقشطة خطوة بخطوة,212258,109099.0,170016,8243.0,579.0,906.0,
1356.0,منصة التعليم ✅,تويتر (X),تعليم ,نص,,شرح مبسط لأهم قواعد اللغة العربية,16157,1812.0,3612,56.0,8.0,7.0,1
1877.0,موضة  اليوم,انستغرام,موضة ,story,2025-10-21,موديلات جديدة من أشهر الماركات,50286,15068.0,22444,577.0,78.0,115.0,Yes
2723.0,كورة كل يوم,فيس بوك,Sports,ريلز,24/02/2024,تحليل فني لأداء الفريق هذا الموسم,248907,109808.0,159568,4325.0,388.0,415.0,نعم
1548.0,اتعلم اونلاين,فيس بوك,Education,,2025-11-22,دورة مجانية لتعلم أساسيات البرمجة,65651,8393.0,15547,420.0,54.0,24.0,لا
2002.0,اتعلم اونلاين  ,تويتر,تعليم,text,26/05/2025,  خطوات عملية لتعلم مهارة جديدة   ,51414,17379.0,37867,164.0,19.0,6.0,
2179.0,ضحك ونكت  ,youtube,ترفيه,صور,2025-05-13,أفضل خمس مشاهد كوميدية هذا العام,13826,,3500,130.0,4.0,2.0,0
1383.0,أكاديمية  المعرفة,فيس بوك,Education,منشور نصي,2024-10-29,كيف تذاكر بفعالية قبل الامتحانات,110484,7475.0,13250,626.0,84.0,92.0,0
1164.0,عالم التقنية,tiktok,تكنولوجيا,text,2025-07-04,مقارنة بين أفضل اللابتوبات لعام هذا,155660,18941.0,25970,347.0,20.0,12.0,
439.0,ضحك ونكت ✅,Twitter,ترفيه,فديو,2024-11-02,تحدي جديد بين المتابعين,22178,9100.0,11941,141.0,4.0,6.0,1
1592.0,أخبار مصر الآن  ,Twitter,اخبار,فيديو,2025-08-27,ملخص أهم الأخبار المحلية اليوم,25765,9371.0,17877,155.0,14.0,21.0,No
220.0, مطبخ سارة,Instagram,Food,صور,24/08/2025,أكلة اقتصادية وسهلة التحضير,20877,4191.0,4590,59,2.0,4.0,لا
3705.0,أكاديمية المعرفة ✅,X,تعليم,reels,25/05/2024,دورة مجانية لتعلم أساسيات البرمجة,168136,80453.0,118360,1469.0,176.0,232.0,No
3438.0,منصة  التعليم,X,Education,صورة,2024-12-01,شرح مبسط لأهم قواعد اللغة العربية,13302,1263.0,1456,123.0,18.0,7.0,
2807.0,بوابة  الأحداث,تيك توك,اخبار,فيديو ,2024-12-11,ملخص أهم الأخبار المحلية اليوم,58372,34421.0,46058,1199.0,160.0,141.0,
872.0, موضة اليوم,يوتيوب,موضة ,فديو,28/04/2024,نصائح لاختيار الألوان المناسبة لبشرتك,111217,28572.0,41166,1727.0,115.0,189.0,0
1583.0,كورة  كل  يوم,يوتيوب ,رياضة,video,20-11-2025,أهم أحداث مباراة اليوم بالتفصيل,30226,11937.0,16755,601.0,22.0,84.0,
1842.0,كورة كل يوم  ,Facebook,رياضة ,صورة,17/03/2024,تشكيلة المنتخب المتوقعة في المباراة القادمة,74050,10392.0,20941,808.0,105.0,46.0,
3077.0,جادجت العرب,تويتر (X),Tech,reels,06/08/2024,كل ما تريد معرفته عن الذكاء الاصطناعي,52252,26302.0,49096,2051.0,71.0,348.0,1
2755.0,بوابة  الأحداث,TikTok,اخبار,فيديو ,2025-11-29,آخر التطورات في الساعات الماضية,67240,9416.0,10391,600.0,60.0,85.0,
3448.0,أخبار  مصر  الآن,X,اخبار,reels,2025-04-13,ملخص أهم الأخبار المحلية اليوم,17815,4170.0,8305,280.0,36.0,51.0,
4081.0, ضحك ونكت,Facebook,ترفيه,story,2025-12-03,تحدي جديد بين المتابعين,14822,1892.0,3877,54.0,3.0,10.0,1
3788.0, أخبار مصر الآن,تويتر,اخبار,image,2024-11-22,آخر التطورات في الساعات الماضية,25515,2844.0,5099,175.0,22.0,34.0,
853.0, مطبخ سارة,تيك توك,طبخ ,صوره,2025-12-27,وصفة سريعة ولذيذة لعشاء اليوم,42063,3364.0,6740,174.0,16.0,7.0,No
4085.0,ملعب مصر,إنستغرام,رياضة,فيديو ,2025-03-04,تحليل فني لأداء الفريق هذا الموسم,151972,36576.0,51076,1079.0,72.0,121.0,1
2643.0,أزياء العرب,تويتر (X),موضة,image,2025-03-01,أفكار تنسيق ملابس اقتصادية,25573,10313.0,15948,459.0,57.0,72.0,
641.0,أخبار مصر الآن  ,تيك توك,News,فيديو,2025-11-18,ملخص أهم الأخبار المحلية اليوم,101666,42979.0,55992,3023.0,,442.0,Yes
3498.0,منصة التعليم  ,يوتيوب ,تعليم,ريلز,2025-03-13,نصائح للطلاب الجدد في الجامعة,93169,17954.0,24186,1020.0,50.0,69.0,
2857.0, كوميديا العرب,youtube,كوميدي,Reel,25-01-2025,مقاطع مضحكة من كواليس التصوير,91936,54191.0,94945,4218.0,307.0,768.0,
3482.0,كورة  كل  يوم,فيس بوك,رياضة,صور,02/11/2025,أخبار الانتقالات الصيفية,20087,9794.0,12861,143.0,20.0,15.0,لا
3882.0, ستايل بنات,تويتر(X),موضة,فيديو,28-02-2024,أحدث صيحات الموضة لهذا الموسم,10121,1093.0,1158,6.0,0.0,0.0,
3446.0,ستايل بنات,تويتر (X),موضة ,Reel,30-10-2025,أحدث صيحات الموضة لهذا الموسم,75363,13225.0,17341,460.0,24.0,8.0,Yes
314.0,أزياء العرب,يوتيوب ,موضة,video,14/04/2025,موديلات جديدة من أشهر الماركات,5821,2185.0,4027,56.0,1.0,,
1464.0, عالم التقنية,YouTube,تكنولوجيا,فيديو,2025-07-04,كل ما تريد معرفته عن الذكاء الاصطناعي,78469,32463.0,67961,1140.0,118.0,200.0,1
1527.0,أخبار مصر الآن ✅,insta,,صورة,2025-07-06,آخر التطورات في الساعات الماضية,26648,13955.0,27571,78.0,2.0,5.0,
2811.0,ستايل  بنات,فيسبوك,موضة,video,06-05-2025,إطلالات بسيطة وأنيقة لكل يوم,37050,1903.0,2759,26.0,3.0,2.0,Yes
1579.0,جادجت العرب  ,انستجرام,تكنولوجيا,ستوري ,,مراجعة كاملة لأحدث هاتف صدر هذا الشهر,59229,34866.0,54296,2772.0,234.0,517.0,نعم
733.0, وصفات ماما,انستغرام,أكل وطبخ,نص,2024-02-18,أكلة اقتصادية وسهلة التحضير,46335,9517.0,12703,490.0,13.0,58.0,
440.0,أخبار مصر الآن  ,X,أخبار,صوره,12/09/2024,ملخص أهم الأخبار المحلية اليوم,153834,63890.0,131487,"5,507",189.0,357.0,
3397.0,اليوم السابع نيوز  ,X,News,reels,25/03/2025,آخر التطورات في الساعات الماضية,12245,4450.0,7077,273,37.0,26.0,0
260.0,كورة كل يوم  ,تويتر,رياضة,صورة,2025-12-11,تحليل فني لأداء الفريق هذا الموسم,199229,79683.0,152461,1463.0,31.0,83.0,لا
4039.0,فوازير رمضان,insta,Entertainment,reels,15/06/2025,نكت وضحك من غير توقف,37512,4449.0,8531,134.0,13.0,17.0,
1956.0, فوازير رمضان,TikTok,Entertainment,reels,2024-01-12,تحدي جديد بين المتابعين,34810,3631.0,3934,74,8.0,8.0,
3250.0,ضحك ونكت  ,تيكتوك,ترفيه,text,30/01/2024,نكت وضحك من غير توقف,14515,2578.0,5415,31.0,1.0,6.0,
1611.0,فوازير رمضان  ,انستغرام,Entertainment,فديو,2024-04-18,تحدي جديد بين المتابعين,19588,7166.0,14329,366.0,23.0,13.0,نعم
639.0,ضحك ونكت  ,youtube,ترفيه,ريلز,2025-03-22,أطرف المواقف اللي حصلت الأسبوع ده,42637,4944.0,6795,454.0,17.0,86.0,No
1512.0,أخبار الرياضة ✅,تويتر,Sports,فيديو,,أهم أحداث مباراة اليوم بالتفصيل,114289,19701.0,43334,442.0,21.0,11.0,
1078.0,موضة  اليوم,فيسبوك,أزياء,صورة,21-09-2025,إطلالات بسيطة وأنيقة لكل يوم,71921,20561.0,36654,1093.0,154.0,45.0,
2837.0, اتعلم اونلاين,youtube,تعليم,reels,2025-07-25,شرح مبسط لأهم قواعد اللغة العربية,149058,40564.0,73838,441.0,16.0,8.0,Yes
638.0,أزياء العرب  ,YouTube,موضة,ريلز,29/08/2024,إطلالات بسيطة وأنيقة لكل يوم,11919,1557.0,2846,154.0,9.0,16.0,لا
2069.0,موضة اليوم ✅,انستغرام,أزياء,,,أفكار تنسيق ملابس اقتصادية,8570,746.0,899,-69.0,9.0,11.0,
1282.0,ستايل بنات,يوتيوب,موضة,منشور نصي,2024-01-08,نصائح لاختيار الألوان المناسبة لبشرتك,17051,3574.0,5895,17.0,1.0,3.0,
2424.0,مطبخ  سارة,تيك توك,أكل وطبخ,ستوري ,2024-05-20,حلويات رمضان بمكونات بسيطة,48577,14695.0,28583,74.0,2.0,11.0,
916.0, أزياء العرب,Instagram,موضة,فديو,,أفكار تنسيق ملابس اقتصادية,10949,5475.0,6602,470.0,43.0,67.0,0
719.0,فوازير رمضان,Twitter,ترفيه,reels,08/03/2024,أطرف المواقف اللي حصلت الأسبوع ده,185283,32532.0,34814,1014.0,42.0,78.0,
1538.0,بوابة الأحداث ✅,Twitter,News,ستوري ,17-09-2025,ملخص أهم الأخبار المحلية اليوم,94460,40475.0,88363,3684.0,177.0,576.0,
3815.0,بوابة الأحداث ✅,يوتيوب,أخبار,منشور نصي,04/11/2024,تغطية مباشرة لفعاليات المؤتمر,14032,2532.0,4484,19.0,0.0,0.0,No
3161.0,أزياء العرب ✅,يوتيوب,موضة ,ريلز,02/03/2025,إطلالات بسيطة وأنيقة لكل يوم,23631,9678.0,13112,622.0,67.0,41.0,0
2069.0,موضة اليوم ✅,انستغرام,أزياء,video,,أفكار تنسيق ملابس اقتصادية,8570,746.0,899,69.0,9.0,11.0,Yes
4034.0,,TikTok,رياضة ,صور,2024-04-15,  أخبار الانتقالات الصيفية   ,12643,4716.0,10131,222.0,19.0,,0
3151.0, أزياء العرب,TikTok,موضة ,reels,14/02/2024,نصائح لاختيار الألوان المناسبة لبشرتك,59017,22227.0,42193,484.0,48.0,82.0,
3031.0,ستايل بنات  ,YouTube,موضة,ريلز,2024-05-10,نصائح لاختيار الألوان المناسبة لبشرتك,46927,20393.0,44509,214.0,10.0,27.0,نعم
2860.0,أخبار  مصر  الآن,تويتر,News,,2025-06-19,بيان رسمي حول القرار الأخير,51225,25230.0,39386,1892.0,273.0,94.0,Yes
, كورة كل يوم,فيس بوك,Sports,text,,تشكيلة المنتخب المتوقعة في المباراة القادمة,147152,50753.0,78107,1796.0,203.0,90.0,0
76.0,كورة كل يوم,إنستغرام,رياضة,reels,2024-12-03,تحليل فني لأداء الفريق هذا الموسم,31496,3541.0,6394,208.0,18.0,35.0,1
541.0,عالم  التقنية,فيس بوك,تكنولوجيا,ستوري ,2024-05-28,خمس تطبيقات تساعدك في تنظيم وقتك,5161,1884.0,2619,12.0,0.0,2.0,
3502.0,فوازير رمضان ✅,يوتيوب ,Entertainment,صورة,2025-05-22,أطرف المواقف اللي حصلت الأسبوع ده,89544,24888.0,42523,282.0,34000.0,49.0,
1754.0,عالم التقنية,X,تقنية,صورة,11-07-2024,مقارنة بين أفضل اللابتوبات لعام هذا,29239,12690.0,26794,1162.0,109.0,79.0,نعم
2777.0,جادجت العرب,يوتيوب ,تقنية,فديو,03-06-2025,نصائح لحماية حسابك من الاختراق,38677,14838.0,18144,792.0,45.0,108.0,
230.0, موضة اليوم,تويتر,موضة ,صور,2024-11-17,أفكار تنسيق ملابس اقتصادية,439327,50083.0,99211,2323.0,308.0,378.0,0
3221.0,جادجت العرب,فيسبوك ,تكنولوجيا,فديو,2025-11-24,مراجعة كاملة لأحدث هاتف صدر هذا الشهر,109919,39078.0,52808,2281.0,88.0,321.0,Yes
487.0,ضحك ونكت  ,إنستغرام,كوميدي,story,2025-05-29,تحدي جديد بين المتابعين,30431,6016.0,6744,96.0,14.0,14.0,0
579.0,منصة التعليم,يوتيوب ,تعليم,reels,25/01/2024,نصائح للطلاب الجدد في الجامعة,45099,19454.0,35809,1692.0,143.0,251.0,
2423.0, كورة كل يوم,يوتيوب ,رياضة ,صوره,2025-07-17,تحليل فني لأداء الفريق هذا الموسم,74495,35845.0,69435,3985.0,380.0,122.0,لا
1033.0,بوابة  الأحداث,تويتر(X),News,ستوري,23/08/2024,تفاصيل جديدة حول الحدث الذي شغل الرأي العام,37704,10143.0,16194,501.0,66.0,47.0,No
1342.0,جادجت العرب,تويتر (X),تكنولوجيا,ستوري,14/02/2025,خمس تطبيقات تساعدك في تنظيم وقتك,69002,10586.0,21506,253.0,20.0,26.0,Yes
3547.0, أكاديمية المعرفة,يوتيوب,تعليم,reels,2024-04-18,شرح مبسط لأهم قواعد اللغة العربية,51739,19774.0,37692,1080.0,134.0,120.0,1
2055.0,كوميديا العرب,تويتر(X),كوميدي,نص,2025-12-24,أطرف المواقف اللي حصلت الأسبوع ده,49010,22385.0,38636,725.0,88.0,57.0,نعم
799.0,أخبار الرياضة,فيسبوك ,رياضة,video,29-04-2024,تحليل فني لأداء الفريق هذا الموسم,80166,48070.0,60266,1476.0,214.0,,
877.0,موضة  اليوم,فيس بوك,موضة,video,26/05/2024,أفكار تنسيق ملابس اقتصادية,75571,30835.0,61343,1029.0,57.0,201.0,No
450.0,أكاديمية المعرفة  ,فيس بوك,تعليم,منشور نصي,,شرح مبسط لأهم قواعد اللغة العربية,5541,2930.0,5150,-125.0,12.0,4.0,
601.0, فوازير رمضان,X,Entertainment,فيديو ,2024-08-17,أطرف المواقف اللي حصلت الأسبوع ده,46749,23573.0,41435,1883.0,139.0,361.0,Yes
841.0,اليوم  السابع  نيوز,انستجرام,أخبار,story,2024-12-19,تغطية مباشرة لفعاليات المؤتمر,27924,13061.0,16289,687.0,51.0,108.0,
1702.0,عالم التقنية,فيس بوك,تكنولوجيا,نص,2025-03-24,مراجعة كاملة لأحدث هاتف صدر هذا الشهر,26915,6396.0,11476,347.0,13.0,55.0,
3322.0,اليوم السابع نيوز ✅,تويتر(X),اخبار,Reel,24-09-2025,تفاصيل جديدة حول الحدث الذي شغل الرأي العام,8922,1200.0,2564,50.0,5.0,1.0,No
3272.0,أزياء العرب,فيس بوك,أزياء,text,2025-11-13,أحدث صيحات الموضة لهذا الموسم,14654,5124.0,11111,346.0,41.0,51.0,1
1263.0,ضحك ونكت,تيك توك,ترفيه,ستوري,2025-09-17,مقاطع مضحكة من كواليس التصوير,10194,3208.0,5584,112.0,16.0,12.0,
4024.0,فوازير رمضان,يوتيوب,Entertainment,فيديو ,25-02-2024,مقاطع مضحكة من كواليس التصوير,2925,1670.0,3475,119.0,6000.0,9.0,
,مطبخ سارة ✅,تيكتوك,طبخ ,نص,,طريقة عمل الكنافة بالقشطة خطوة بخطوة,17819,10575.0,16732,258.0,20.0,37.0,لا
1525.0,ضحك ونكت  ,يوتيوب,كوميدي,صور,2024-06-23,أطرف المواقف اللي حصلت الأسبوع ده,32472,8880.0,10657,44.0,4.0,7.0,نعم
1853.0, كوميديا العرب,tiktok,Entertainment,Reel,2024-04-25,تحدي جديد بين المتابعين,130794,66350.0,81349,5297.0,721.0,226.0,No
2658.0,ضحك  ونكت,Twitter,ترفيه,منشور نصي,2024-05-10,نكت وضحك من غير توقف,28026,9023.0,19757,62.0,4.0,5.0,
1465.0,موضة اليوم ✅,إنستغرام,موضة,فيديو ,13/08/2024,موديلات جديدة من أشهر الماركات,64128,22130.0,42096,345.0,24.0,36.0,
2863.0,ستايل بنات  ,تيكتوك,أزياء,نص,2025-10-15,نصائح لاختيار الألوان المناسبة لبشرتك,47647,22395.0,48108,1758.0,106.0,79.0,
1663.0,موضة اليوم,Instagram,موضة,video,29-05-2024,  أحدث صيحات الموضة لهذا الموسم   ,125847,58171.0,93762,4428.0,159.0,519.0,
3855.0, أكاديمية المعرفة,insta,Education,منشور نصي,17/05/2025,خطوات عملية لتعلم مهارة جديدة,14406,4657.0,4812,165.0,14.0,8.0,
512.0,وصفات  ماما,انستجرام,طبخ ,ريلز,2024-04-04,حلويات رمضان بمكونات بسيطة,76496,29550.0,53609,1152.0,164.0,205.0,
3336.0, أكاديمية المعرفة,إنستغرام,تعليم ,ريلز,2025-05-16,خطوات عملية لتعلم مهارة جديدة,11695,1654.0,2830,112.0,10.0,3.0,0
3099.0,عالم التقنية  ,tiktok,تقنيه,صوره,2025-08-23,كل ما تريد معرفته عن الذكاء الاصطناعي,13237,2282.0,4304,172.0,7.0,24.0,نعم
4110.0,اليوم السابع نيوز ✅,تويتر(X),News,reels,2024-08-24,آخر التطورات في الساعات الماضية,203594,111123.0,139692,8142.0,948.0,861.0,
828.0, كوميديا العرب,انستغرام,Entertainment,ستوري,2024-01-24,مقاطع مضحكة من كواليس التصوير,40611,3643.0,6635,207.0,17.0,7.0,
2091.0,ستايل بنات ✅,تويتر(X),موضة ,reels,2024-02-09,أفكار تنسيق ملابس اقتصادية,15814,1202.0,1484,79.0,3.0,2.0,
2470.0, عالم الطبخ,فيس بوك, طبخ,ستوري,15/11/2025,أكلة اقتصادية وسهلة التحضير,34720,13380.0,28164,157.0,10.0,25.0,لا
214.0,اتعلم اونلاين ✅,تويتر(X),تعليم ,ريلز,2025-11-06,كيف تذاكر بفعالية قبل الامتحانات,63100,31584.0,65096,675.0,67.0,59.0,
4158.0,اتعلم اونلاين  ,فيسبوك ,تعليم,reels,2025-06-15,دورة مجانية لتعلم أساسيات البرمجة,53832,12302.0,18485,777.0,91.0,18.0,
361.0,اتعلم اونلاين ✅,YouTube,تعليم ,story,,نصائح للطلاب الجدد في الجامعة,21502,9928.0,13711,40.0,1.0,2.0,
3049.0,أكاديمية المعرفة  ,يوتيوب,تعليم ,فيديو ,07/08/2025,خطوات عملية لتعلم مهارة جديدة,69833,20656.0,43225,1022.0,75.0,163.0,
3553.0,منصة التعليم  ,يوتيوب,تعليم,صورة,2025-12-12,خطوات عملية لتعلم مهارة جديدة,102289,11889.0,24692,124.0,12.0,14.0,Yes
585.0,عالم الطبخ,Facebook, طبخ,صورة,04/02/2025,أسرار المطبخ اللي محدش بيقولهالك,9266,4039.0,6736,180.0,4.0,12.0,لا
518.0,وصفات  ماما,انستغرام,طبخ,reels,2024-01-30,وصفة سريعة ولذيذة لعشاء اليوم,7111,3316.0,3537,13.0,1.0,1.0,لا
3763.0,أكاديمية المعرفة ✅,TikTok,Education,فيديو ,2025-10-25,  خطوات عملية لتعلم مهارة جديدة   ,24854,5567.0,8278,390.0,47.0,33.0,0
2753.0,اتعلم  اونلاين,TikTok,Education,story,,دورة مجانية لتعلم أساسيات البرمجة,2113,712.0,1526,44.0,1.0,8.0,
63.0,بوابة الأحداث,TikTok,اخبار,نص,09/11/2024,تفاصيل جديدة حول الحدث الذي شغل الرأي العام,85618,9517.0,15142,47.0,1.0,1.0,لا
802.0,ضحك ونكت,FB,Entertainment,فيديو ,2024-04-09,تحدي جديد بين المتابعين,26925,10671.0,16000,256.0,32.0,16.0,
2001.0,اتعلم اونلاين  ,X,تعليم ,منشور نصي,2025-03-15,كيف تذاكر بفعالية قبل الامتحانات,27759,8961.0,12700,340.0,43.0,32.0,0
1306.0,بوابة الأحداث,انستجرام,,نص,28/04/2024,تفاصيل جديدة حول الحدث الذي شغل الرأي العام,9433,2798.0,4900,41.0,5.0,2.0,No
4168.0, أخبار مصر الآن,انستغرام,News,story,2024-11-06,تغطية مباشرة لفعاليات المؤتمر,55740,18703.0,19582,195.0,10.0,11.0,
2704.0,كوميديا  العرب,إنستغرام,كوميدي,فيديو,03/06/2025,أفضل خمس مشاهد كوميدية هذا العام,4968,1740.0,3202,154.0,21.0,12.0,لا
3826.0,ملعب مصر,FB,رياضة ,image,2025-02-04,أفضل اللقطات من الجولة الأخيرة,108202,57794.0,114928,559.0,21.0,93.0,
1087.0,موضة اليوم ✅,youtube,موضة ,نص,,نصائح لاختيار الألوان المناسبة لبشرتك,2410,664.0,848,,0.0,0.0,Yes
3550.0,عالم الطبخ ✅,فيسبوك , طبخ,,2025-10-19,أكلة اقتصادية وسهلة التحضير,28108,6222.0,12100,45,2.0,8.0,Yes
3346.0,بوابة  الأحداث,تويتر(X),أخبار,صوره,27-05-2025,بيان رسمي حول القرار الأخير,94166,20364.0,41406,829.0,88.0,116.0,Yes
1167.0,عالم التقنية  ,X,Tech,Reel,21/08/2024,  كل ما تريد معرفته عن الذكاء الاصطناعي   ,63127,22775.0,46242,385.0,41.0,12.0,0
3046.0,ضحك ونكت,تويتر (X),ترفيه,نص,27/04/2024,أطرف المواقف اللي حصلت الأسبوع ده,54348,9391.0,17123,584.0,71.0,100.0,نعم
1083.0, موضة اليوم,FB,موضة ,نص,23/08/2025,نصائح لاختيار الألوان المناسبة لبشرتك,30885,11068.0,12330,237.0,11.0,41.0,لا
1179.0,أزياء  العرب,يوتيوب ,أزياء,ريلز,2024-04-24,أحدث صيحات الموضة لهذا الموسم,106142,58405.0,59668,3690.0,333.0,263.0,
3865.0,موضة اليوم  ,إنستغرام,أزياء,ستوري,2024-11-11,أحدث صيحات الموضة لهذا الموسم,185766,102932.0,144578,5543.0,369.0,561.0,Yes
1628.0,وصفات ماما ✅,إنستغرام,أكل وطبخ,نص,2025-12-14,أسرار المطبخ اللي محدش بيقولهالك,84697,44767.0,75867,2087.0,263.0,23.0,نعم
454.0,كوميديا العرب ✅,Twitter,كوميدي,فيديو,08/07/2024,مقاطع مضحكة من كواليس التصوير,98406,50563.0,79996,2009.0,158.0,90.0,
665.0,كوميديا  العرب,يوتيوب,كوميدي,ريلز,2024-07-03,أطرف المواقف اللي حصلت الأسبوع ده,9058,3165.0,3772,178.0,10.0,18.0,No
1612.0,فوازير رمضان  ,فيسبوك,ترفيه,منشور نصي,,مقاطع مضحكة من كواليس التصوير,120843,21526.0,44915,136.0,8.0,17.0,
2787.0,منصة  التعليم,فيسبوك ,تعليم ,فديو,22/10/2025,نصائح للطلاب الجدد في الجامعة,118400,40669.0,45816,3857.0,107.0,325.0,
158.0,اتعلم اونلاين ✅,فيس بوك,تعليم ,text,2024-03-08,نصائح للطلاب الجدد في الجامعة,21356,10434.0,18678,1015.0,113.0,171.0,
2646.0, فوازير رمضان,فيس بوك,Entertainment,video,2025-03-12,أطرف المواقف اللي حصلت الأسبوع ده,7616,3853.0,5109,419.0,58.0,66.0,1
2335.0,اليوم السابع نيوز  ,انستغرام,أخبار,صورة,,تفاصيل جديدة حول الحدث الذي شغل الرأي العام,30494,5670.0,7432,483.0,55.0,8.0,
157.0,موضة اليوم ✅,انستجرام,أزياء,reels,30-08-2024,أحدث صيحات الموضة لهذا الموسم,454490,228869.0,324392,15691.0,858.0,2776.0,
4102.0, ضحك ونكت,فيس بوك,كوميدي,story,14/07/2024,أطرف المواقف اللي حصلت الأسبوع ده,24954,10503.0,20790,745.0,97.0,134.0,نعم
2316.0,عالم التقنية,Facebook,تقنية,صور,18/12/2024,مقارنة بين أفضل اللابتوبات لعام هذا,40010,3003.0,6254,177.0,22.0,28.0,
3972.0,اتعلم اونلاين  ,Twitter,Education,نص,13/04/2025,خطوات عملية لتعلم مهارة جديدة,50446,17987.0,37186,1276.0,84.0,181.0,
110.0,أزياء العرب,تيك توك,أزياء,ريلز,05/06/2024,أحدث صيحات الموضة لهذا الموسم,237232,72143.0,154150,1362.0,116.0,171.0,لا
3811.0,ملعب مصر  ,انستجرام,كورة,صوره,2024-08-21,أهم أحداث مباراة اليوم بالتفصيل,203703,15501.0,19984,1474.0,100.0,119.0,
3957.0, فوازير رمضان,youtube,كوميدي,Reel,2025-06-21,نكت وضحك من غير توقف,16716,9898.0,15846,391.0,56.0,16.0,
1376.0,ملعب  مصر,Instagram,Sports,نص,15/09/2025,أخبار الانتقالات الصيفية,62603,28671.0,54705,1624.0,156.0,192.0,1
4096.0,ضحك ونكت  ,انستجرام,Entertainment,story,2024-01-16,نكت وضحك من غير توقف,44518,8604.0,14620,629.0,85.0,80.0,
2289.0,جادجت العرب ✅,Twitter,تقنية,video,23-07-2025,  نصائح لحماية حسابك من الاختراق   ,47282,18013.0,39599,410.0,26.0,45.0,
855.0,عالم التقنية,تويتر (X),تكنولوجيا,ريلز,2025-05-28,  خمس تطبيقات تساعدك في تنظيم وقتك   ,18372,2289.0,2689,167.0,20.0,31.0,
2062.0,فوازير  رمضان,تويتر,ترفيه,منشور نصي,21-01-2024,نكت وضحك من غير توقف,110374,36066.0,69336,2450.0,171.0,385.0,0
534.0,كوميديا العرب,تيك توك,Entertainment,story,24/02/2025,مقاطع مضحكة من كواليس التصوير,43064,10553.0,17526,506.0,63.0,63.0,
2272.0,كوميديا العرب,YouTube,Entertainment,فيديو ,01-11-2025,أفضل خمس مشاهد كوميدية هذا العام,20135,5239.0,9310,489.0,72.0,32.0,
789.0,اليوم السابع نيوز,يوتيوب ,أخبار,صور,2024-11-25,ملخص أهم الأخبار المحلية اليوم,11081,1701.0,2320,17.0,0.0,1.0,نعم
1775.0,تكنولوجيا بلس ✅,فيس بوك,تقنيه,ستوري ,25/07/2024,خمس تطبيقات تساعدك في تنظيم وقتك,164212,57569.0,71748,,447.0,500.0,
3566.0,فوازير رمضان ✅,فيسبوك ,ترفيه,video,2025-07-10,نكت وضحك من غير توقف,14003,6542.0,10056,411.0,53.0,45.0,
3113.0,أخبار  الرياضة,تويتر(X),كورة,Reel,2025-09-05,تحليل فني لأداء الفريق هذا الموسم,115954,58342.0,120786,5141.0,541.0,432.0,
928.0,أخبار مصر الآن,انستجرام,اخبار,ريلز,,تفاصيل جديدة حول الحدث الذي شغل الرأي العام,30665,13489.0,26822,1070.0,33.0,99.0,
905.0,أخبار مصر الآن ✅,فيسبوك ,أخبار,ريلز,30/12/2025,تفاصيل جديدة حول الحدث الذي شغل الرأي العام,15225,5443.0,8726,91.0,5.0,9.0,No
2060.0,اليوم السابع نيوز ✅,youtube,News,text,09/03/2024,بيان رسمي حول القرار الأخير,18675,1438.0,2199,59.0,5.0,2.0,
2076.0,مطبخ سارة,تويتر (X), طبخ,Reel,2025-10-11,أسرار المطبخ اللي محدش بيقولهالك,57083,10273.0,15677,47,1.0,2.0,
3624.0,جادجت العرب,تويتر(X),تقنية,text,2024-09-14,نصائح لحماية حسابك من الاختراق,14345,8362.0,14937,191.0,28.0,10.0,
1597.0, أخبار مصر الآن,يوتيوب,,video,2024-08-23,ملخص أهم الأخبار المحلية اليوم,29939,14807.0,19487,64.0,2.0,9.0,
2209.0,تكنولوجيا بلس,فيسبوك,تقنيه,ريلز,,مقارنة بين أفضل اللابتوبات لعام هذا,37195,16235.0,30763,526.0,41.0,26.0,1
1448.0,فوازير رمضان  ,Twitter,ترفيه,text,2025-08-04,أطرف المواقف اللي حصلت الأسبوع ده,80234,14888.0,15048,,31.0,12.0,
499.0,فوازير رمضان  ,TikTok,ترفيه,ستوري ,2025-09-26,نكت وضحك من غير توقف,20988,11751.0,25428,545.0,37.0,88.0,نعم
2379.0,أخبار  مصر  الآن,tiktok,اخبار,فيديو,2025-10-25,آخر التطورات في الساعات الماضية,153000,9589.0,20743,847.0,100.0,71.0,
2219.0,أكاديمية المعرفة,TikTok,تعليم,ستوري ,31-01-2024,دورة مجانية لتعلم أساسيات البرمجة,117274,47496.0,50047,1941.0,235.0,140.0,
3554.0,وصفات  ماما,يوتيوب ,Food,نص,2025-08-23,طريقة عمل الكنافة بالقشطة خطوة بخطوة,51258,5280.0,10341,415.0,56.0,48.0,
3919.0, كورة كل يوم,يوتيوب ,رياضة ,text,2025-07-12,  تحليل فني لأداء الفريق هذا الموسم   ,12856,3644.0,5017,247.0,12.0,40.0,
2370.0,عالم الطبخ,تيك توك,Food,reels,2025-11-13,وصفة سريعة ولذيذة لعشاء اليوم,25020,3843.0,7150,137.0,5.0,11.0,
480.0,ستايل بنات,YouTube,موضة,منشور نصي,08/11/2024,أفكار تنسيق ملابس اقتصادية,195832,11853.0,22934,783.0,100.0,127.0,
906.0,كورة  كل  يوم,فيسبوك,Sports,منشور نصي,2024-05-26,أخبار الانتقالات الصيفية,35922,13366.0,13502,1094.0,73.0,21.0,لا
3749.0,عالم الطبخ ✅,فيس بوك,طبخ ,ريلز,20/11/2025,أكلة اقتصادية وسهلة التحضير,41493,12173.0,20055,567.0,26.0,103.0,نعم
1145.0,جادجت  العرب,إنستغرام,تكنولوجيا,ستوري ,2025-08-24,كل ما تريد معرفته عن الذكاء الاصطناعي,25119,9376.0,18909,317.0,9.0,33.0,0
570.0,بوابة الأحداث,youtube,أخبار,نص,2025-08-16,ملخص أهم الأخبار المحلية اليوم,104686,45413.0,94473,3799.0,411.0,720.0,
118.0,تكنولوجيا بلس  ,يوتيوب ,تقنية,ستوري,2025-05-13,كل ما تريد معرفته عن الذكاء الاصطناعي,12009,1986.0,4126,38.0,,3.0,نعم
721.0,ستايل بنات,يوتيوب ,موضة ,story,09/03/2025,أفكار تنسيق ملابس اقتصادية,15051,6556.0,9787,249.0,27.0,33.0,نعم
2416.0, موضة اليوم,تيكتوك,موضة,ستوري ,2024-08-22,موديلات جديدة من أشهر الماركات,27800,12694.0,20936,1127.0,104.0,138.0,
649.0,فوازير رمضان,tiktok,Entertainment,video,2025-04-09,أطرف المواقف اللي حصلت الأسبوع ده,98280,27354.0,41212,1767.0,223.0,235.0,
3686.0,ستايل بنات,تويتر(X),موضة ,منشور نصي,2025-03-22,إطلالات بسيطة وأنيقة لكل يوم,39498,3170.0,4853,70.0,7.0,3.0,
3.0,أخبار مصر الآن  ,إنستغرام,اخبار,story,2025-04-04,بيان رسمي حول القرار الأخير,22847,4965.0,8091,194.0,19.0,7.0,نعم
3100.0,مطبخ  سارة,Twitter,أكل وطبخ,فيديو ,2024-11-04,طريقة عمل الكنافة بالقشطة خطوة بخطوة,333948,196139.0,372653,5682.0,397.0,976.0,
2273.0,ملعب  مصر,تويتر,كورة,فيديو ,2025-12-14,أخبار الانتقالات الصيفية,7251,,1137,21.0,1.0,,No
359.0,عالم  التقنية,فيس بوك,تكنولوجيا,فيديو ,2025-02-28,نصائح لحماية حسابك من الاختراق,44786,8198.0,15221,752.0,69.0,81.0,
2514.0, ضحك ونكت,tiktok,Entertainment,image,2025-04-06,نكت وضحك من غير توقف,76382,8217.0,15284,216.0,8.0,15.0,
475.0, عالم الطبخ,فيسبوك, طبخ,صورة,2024-02-25,حلويات رمضان بمكونات بسيطة,16019,2817.0,4834,305,19.0,33.0,
3209.0,ضحك ونكت,فيسبوك ,Entertainment,reels,22/05/2025,أفضل خمس مشاهد كوميدية هذا العام,10305,3340.0,4823,237.0,18.0,34.0,
2656.0,تكنولوجيا بلس  ,insta,تقنية,فديو,2025-06-14,خمس تطبيقات تساعدك في تنظيم وقتك,60272,31443.0,32874,456.0,33.0,90.0,نعم
4129.0,أخبار  مصر  الآن,انستجرام,News,text,2025-09-17,آخر التطورات في الساعات الماضية,61622,34456.0,61766,157.0,21.0,27.0,
371.0,ملعب مصر,فيسبوك ,كورة,منشور نصي,06/06/2024,أخبار الانتقالات الصيفية,11054,4888.0,6056,375.0,25.0,7.0,
616.0,بوابة الأحداث,FB,News,صورة,2025-06-16,ملخص أهم الأخبار المحلية اليوم,6325,1762.0,2921,73.0,10.0,2.0,0
1648.0,أخبار الرياضة  ,تيك توك,رياضة ,ستوري ,2024-09-28,تشكيلة المنتخب المتوقعة في المباراة القادمة,23704,4309.0,8753,446.0,28.0,27.0,1
31.0,مطبخ سارة ✅,tiktok,Food,نص,2024-05-13,طريقة عمل الكنافة بالقشطة خطوة بخطوة,82624,8388.0,12089,207.0,30.0,17.0,
922.0,فوازير  رمضان,تويتر,,نص,19/06/2025,أطرف المواقف اللي حصلت الأسبوع ده,17349,4035.0,7639,59.0,3.0,9.0,Yes
1766.0,ملعب مصر  ,تيكتوك,Sports,ستوري,2025-07-27,تشكيلة المنتخب المتوقعة في المباراة القادمة,41085,8547.0,14623,208.0,4.0,6.0,
329.0,منصة التعليم,insta,Education,image,17-12-2024,دورة مجانية لتعلم أساسيات البرمجة,11007,2404.0,4680,124.0,15.0,21.0,
445.0,ضحك ونكت,Instagram,كوميدي,منشور نصي,2024-07-15,تحدي جديد بين المتابعين,63291,11156.0,12729,160.0,18.0,23.0,
4013.0, اتعلم اونلاين,تويتر(X),تعليم ,فيديو,20-11-2025,دورة مجانية لتعلم أساسيات البرمجة,76093,39430.0,55233,600.0,82.0,24.0,
2499.0,اتعلم  اونلاين,youtube,Education,reels,11/09/2025,نصائح للطلاب الجدد في الجامعة,64313,16141.0,19659,"1,352",109.0,199.0,1
1043.0,,YouTube,موضة,صوره,04-06-2025,  أحدث صيحات الموضة لهذا الموسم   ,41630,5901.0,6231,391.0,49.0,56.0,نعم
3208.0,منصة التعليم  ,insta,Education,فيديو ,21/11/2025,شرح مبسط لأهم قواعد اللغة العربية,341111,59037.0,125302,1993.0,75.0,49.0,
2347.0,أخبار  مصر  الآن,فيس بوك,اخبار,ستوري ,28/03/2024,تغطية مباشرة لفعاليات المؤتمر,13399,4125.0,4232,287.0,37.0,46.0,
2812.0,أكاديمية المعرفة,X,تعليم ,text,31/03/2025,شرح مبسط لأهم قواعد اللغة العربية,76120,21888.0,36512,1483.0,89.0,246.0,
451.0,جادجت العرب,Twitter,Tech,فيديو,2024-07-16,مقارنة بين أفضل اللابتوبات لعام هذا,14833,6387.0,7967,306.0,14.0,32.0,
604.0, بوابة الأحداث,إنستغرام,News,image,2024-12-31,آخر التطورات في الساعات الماضية,19650,2748.0,3356,58.0,1.0,4.0,1
1168.0,كورة كل يوم ✅,تويتر (X),كورة,ريلز,13/03/2025,تحليل فني لأداء الفريق هذا الموسم,14234,6151.0,9410,459.0,47.0,37.0,نعم
3833.0,عالم التقنية,YouTube,Tech,صورة,2025-09-03,مراجعة كاملة لأحدث هاتف صدر هذا الشهر,86565,13759.0,15381,1079.0,140.0,142.0,نعم
96.0,ستايل بنات,X,موضة ,نص,2025-07-24,أحدث صيحات الموضة لهذا الموسم,77295,36577.0,44786,1189.0,102.0,66.0,
3280.0,منصة التعليم  ,tiktok,تعليم ,ريلز,2024-02-22,دورة مجانية لتعلم أساسيات البرمجة,38955,21894.0,37310,1498.0,205.0,159.0,
768.0,فوازير رمضان  ,Twitter,كوميدي,فيديو ,04-05-2025,تحدي جديد بين المتابعين,9343,4047.0,7569,405.0,59.0,9.0,No
3618.0,أخبار الرياضة ✅,FB,رياضة,نص,2025-04-13,أخبار الانتقالات الصيفية,7246,1081.0,1983,80.0,4.0,,1
3133.0, ملعب مصر,FB,رياضة ,story,2025-02-15,أخبار الانتقالات الصيفية,52420,24181.0,50164,323.0,23.0,59.0,
4172.0, منصة التعليم,انستغرام,تعليم ,text,2024-01-20,شرح مبسط لأهم قواعد اللغة العربية,38483,20297.0,43671,2194.0,299.0,142.0,
4185.0,أزياء العرب,تويتر,موضة ,نص,30/12/2025,أحدث صيحات الموضة لهذا الموسم,25199,10161.0,13956,127.0,10.0,14.0,Yes
290.0,ملعب  مصر,X,Sports,ستوري ,23/07/2024,تشكيلة المنتخب المتوقعة في المباراة القادمة,17123,3560.0,6947,217.0,26.0,18.0,نعم
2442.0, بوابة الأحداث,Twitter,اخبار,text,2024-04-09,تفاصيل جديدة حول الحدث الذي شغل الرأي العام,19088,4955.0,9560,259.0,29.0,3.0,لا
3864.0,ضحك ونكت  ,يوتيوب,كوميدي,Reel,2024-03-04,مقاطع مضحكة من كواليس التصوير,100060,25122.0,45305,2075.0,279.0,134.0,
29.0,فوازير رمضان,تيك توك,Entertainment,video,2025-11-10,نكت وضحك من غير توقف,48682,2569.0,3064,153.0,16.0,8.0,
428.0, أزياء العرب,X,أزياء,فديو,2025-10-06,أفكار تنسيق ملابس اقتصادية,116960,31517.0,63278,730.0,107.0,21.0,
3801.0,اتعلم اونلاين  ,انستغرام,تعليم,image,2025-07-21,شرح مبسط لأهم قواعد اللغة العربية,104621,27160.0,35593,1490.0,111.0,263.0,
3920.0,تكنولوجيا بلس  ,انستجرام,تكنولوجيا,text,2025-05-11,  مراجعة كاملة لأحدث هاتف صدر هذا الشهر   ,12317,6265.0,7103,643.0,35.0,62.0,
1732.0,كوميديا العرب,انستجرام,كوميدي,فيديو,02/05/2024,أفضل خمس مشاهد كوميدية هذا العام,95600,42889.0,45952,2010.0,292.0,329.0,
2532.0, أزياء العرب,تويتر(X),موضة,video,09/08/2025,أحدث صيحات الموضة لهذا الموسم,20163,4989.0,5618,140.0,19.0,9.0,
652.0,منصة التعليم,إنستغرام,تعليم,فديو,22/01/2024,دورة مجانية لتعلم أساسيات البرمجة,32142,17782.0,35789,1071.0,38.0,24.0,No
1813.0,ملعب مصر ✅,انستغرام,رياضة ,صورة,2025-05-12,تشكيلة المنتخب المتوقعة في المباراة القادمة,30582,16917.0,19764,946,85.0,27.0,
3284.0, ملعب مصر,انستغرام,Sports,فديو,2024-08-02,أفضل اللقطات من الجولة الأخيرة,12693,3817.0,6371,222.0,28.0,32.0,
3867.0,جادجت العرب ✅,youtube,تقنيه,فديو,2025-09-19,مراجعة كاملة لأحدث هاتف صدر هذا الشهر,27363,11865.0,17408,777.0,64.0,147.0,Yes
2985.0,جادجت العرب ✅,تويتر (X),تقنيه,ستوري ,06-04-2024,مراجعة كاملة لأحدث هاتف صدر هذا الشهر,58702,26635.0,30003,603.0,12.0,24.0,
1893.0, فوازير رمضان,تويتر (X),Entertainment,ستوري ,2025-03-09,نكت وضحك من غير توقف,15846,8719.0,17380,196.0,10.0,4.0,No
4004.0,عالم التقنية,فيسبوك,تكنولوجيا,صوره,03/10/2024,كل ما تريد معرفته عن الذكاء الاصطناعي,33723,12406.0,20350,235.0,27.0,16.0,نعم
2115.0,مطبخ سارة,TikTok,Food,text,2024-11-22,وصفة سريعة ولذيذة لعشاء اليوم,80048,21394.0,35879,566.0,12.0,58.0,1
533.0,بوابة الأحداث ✅,تويتر (X),News,صوره,29-12-2024,تفاصيل جديدة حول الحدث الذي شغل الرأي العام,25782,7211.0,8217,530.0,56.0,13.0,
2027.0,ملعب مصر,تويتر(X),Sports,reels,2024-10-07,أفضل اللقطات من الجولة الأخيرة,36775,12835.0,20099,286.0,,5.0,Yes
1507.0,اتعلم اونلاين,تيك توك,تعليم ,صورة,27-10-2025,دورة مجانية لتعلم أساسيات البرمجة,45193,23612.0,25786,324.0,32.0,20.0,Yes
1210.0, أخبار مصر الآن,Facebook,اخبار,منشور نصي,12/04/2025,بيان رسمي حول القرار الأخير,56944,9420.0,14980,59.0,5.0,10.0,
2844.0,كورة كل يوم,X,Sports,نص,2025-07-14,تحليل فني لأداء الفريق هذا الموسم,2786,741.0,1364,3.0,0.0,0.0,
540.0, منصة التعليم,Instagram,تعليم ,ريلز,05/11/2025,خطوات عملية لتعلم مهارة جديدة,223700,64250.0,93474,4960.0,643.0,505.0,Yes
3424.0, وصفات ماما,FB,طبخ ,فديو,2025-10-24,أسرار المطبخ اللي محدش بيقولهالك,27073,11905.0,17851,1269.0,135.0,220.0,
3849.0,بوابة  الأحداث,tiktok,أخبار,Reel,28/03/2025,ملخص أهم الأخبار المحلية اليوم,25298,2746.0,3766,187.0,23.0,15.0,
3862.0,كورة  كل  يوم,Twitter,Sports,ستوري ,2024-10-21,أهم أحداث مباراة اليوم بالتفصيل,30260,14997.0,20087,86.0,10.0,5.0,لا
2213.0,جادجت العرب ✅,فيس بوك,تقنيه,نص,,كل ما تريد معرفته عن الذكاء الاصطناعي,139341,71421.0,136712,3260.0,249.0,47.0,No
35.0, وصفات ماما,Twitter,طبخ ,صورة,15/08/2024,أكلة اقتصادية وسهلة التحضير,15571,8067.0,11134,162.0,22.0,23.0,0
1442.0,أزياء العرب,فيس بوك,موضة ,reels,2025-03-19,إطلالات بسيطة وأنيقة لكل يوم,20353,5431.0,9843,323.0,37.0,61.0,نعم
3385.0,أزياء العرب  ,Instagram,موضة,Reel,18/03/2025,إطلالات بسيطة وأنيقة لكل يوم,46100,11584.0,20656,323.0,26.0,16.0,
3937.0,كوميديا العرب,انستغرام,Entertainment,صور,2024-07-25,أطرف المواقف اللي حصلت الأسبوع ده,4803,2237.0,3080,237.0,6.0,25.0,
2098.0,تكنولوجيا بلس ✅,تيك توك,Tech,Reel,20/02/2024,مقارنة بين أفضل اللابتوبات لعام هذا,74655,25351.0,41761,1684.0,86.0,146.0,
3399.0, وصفات ماما,insta,طبخ ,image,2024-06-05,حلويات رمضان بمكونات بسيطة,343240,137939.0,234814,2152.0,137.0,196.0,نعم
2229.0,فوازير رمضان  ,Instagram,ترفيه,فديو,09-08-2025,أفضل خمس مشاهد كوميدية هذا العام,8664,3119.0,3708,311.0,24.0,19.0,
263.0,أخبار مصر الآن  ,تيكتوك,News,صورة,23-05-2024,بيان رسمي حول القرار الأخير,16565,9557.0,13776,268,16.0,47.0,لا
128.0,ملعب مصر ✅,Facebook,رياضة,video,06/04/2025,أفضل اللقطات من الجولة الأخيرة,32967,9358.0,9610,274.0,28.0,16.0,
617.0,اليوم السابع نيوز  ,tiktok,اخبار,story,2025-04-12,بيان رسمي حول القرار الأخير,13826,1702.0,2026,184.0,25.0,36.0,
1245.0,ستايل  بنات,فيسبوك,موضة,فديو,2025-10-14,أحدث صيحات الموضة لهذا الموسم,546229,113431.0,163380,1031.0,54.0,24.0,Yes
3546.0,مطبخ  سارة,تيكتوك,Food,ستوري ,2025-03-04,وصفة سريعة ولذيذة لعشاء اليوم,16546,8613.0,13763,800.0,44.0,37.0,لا
888.0,أخبار  مصر  الآن,يوتيوب ,News,منشور نصي,2025-10-13,تفاصيل جديدة حول الحدث الذي شغل الرأي العام,103457,61412.0,95700,506.0,38.0,20.0,No
669.0,اليوم  السابع  نيوز,FB,News,صور,2024-01-22,تفاصيل جديدة حول الحدث الذي شغل الرأي العام,34721,16540.0,23339,864.0,33.0,162.0,
3809.0,أكاديمية المعرفة,فيس بوك,تعليم ,صور,2024-09-02,كيف تذاكر بفعالية قبل الامتحانات,131947,11935.0,16051,612.0,45.0,89.0,
730.0,فوازير رمضان,انستجرام,ترفيه,ستوري ,2025-11-06,مقاطع مضحكة من كواليس التصوير,21824,6705.0,11580,222.0,27.0,2.0,
4071.0,أخبار مصر الآن  ,tiktok,أخبار,,2024-09-01,تغطية مباشرة لفعاليات المؤتمر,119777,71235.0,125186,4153.0,558.0,794.0,نعم
3059.0,ملعب  مصر,TikTok,رياضة,text,25/01/2024,تشكيلة المنتخب المتوقعة في المباراة القادمة,62120,,36263,648.0,54.0,70.0,
2481.0,أخبار  مصر  الآن,tiktok,اخبار,صورة,2024-11-30,بيان رسمي حول القرار الأخير,74280,4462.0,7381,335.0,39.0,49.0,
2615.0,اليوم السابع نيوز ✅,Facebook,News,فديو,2024-12-03,ملخص أهم الأخبار المحلية اليوم,12032,3327.0,4006,17.0,1.0,1.0,1
2713.0, عالم التقنية,فيس بوك,تقنية,ستوري ,2025-03-31,  مراجعة كاملة لأحدث هاتف صدر هذا الشهر   ,191525,59764.0,68720,1383.0,183.0,190.0,1
122.0,اتعلم اونلاين,Twitter,تعليم ,text,2025-12-07,كيف تذاكر بفعالية قبل الامتحانات,209456,37092.0,66998,172.0,21.0,7.0,
769.0,أخبار الرياضة ✅,يوتيوب ,كورة,نص,2025-08-11,أخبار الانتقالات الصيفية,59118,24004.0,27701,"1,901",263.0,177.0,
1966.0, ملعب مصر,Twitter,كورة,فديو,2024-09-12,تحليل فني لأداء الفريق هذا الموسم,28064,15268.0,20845,733.0,31.0,57.0,No
663.0, بوابة الأحداث,تويتر(X),اخبار,reels,2024-04-28,آخر التطورات في الساعات الماضية,65262,9322.0,18874,48.0,5.0,9.0,
1874.0, ستايل بنات,tiktok,موضة ,image,2025-10-15,نصائح لاختيار الألوان المناسبة لبشرتك,11986,3713.0,5903,17.0,1.0,2.0,
2226.0,جادجت العرب,Twitter,تقنيه,text,2025-09-19,كل ما تريد معرفته عن الذكاء الاصطناعي,34485,12454.0,16900,697.0,41.0,15.0,Yes
2107.0,أخبار  الرياضة,فيسبوك,رياضة ,نص,2025-05-23,أهم أحداث مباراة اليوم بالتفصيل,32925,11360.0,21476,923,104.0,184.0,
112.0,أخبار مصر الآن,فيسبوك ,News,ستوري,2024-10-21,بيان رسمي حول القرار الأخير,75039,21256.0,40040,2319.0,182.0,73.0,0
3180.0,ضحك  ونكت,فيسبوك,Entertainment,نص,12-07-2024,تحدي جديد بين المتابعين,11718,5185.0,9307,19.0,0.0,1.0,
3960.0,مطبخ  سارة,تويتر, طبخ,فيديو ,02/02/2024,وصفة سريعة ولذيذة لعشاء اليوم,36239,12593.0,13692,934.0,135.0,156.0,Yes
3736.0,أخبار مصر الآن,insta,اخبار,صورة,31-03-2024,تغطية مباشرة لفعاليات المؤتمر,26643,11927.0,19949,903.0,75.0,123.0,
2698.0, اليوم السابع نيوز,Facebook,News,صور,05/02/2025,آخر التطورات في الساعات الماضية,100488,24443.0,27923,360.0,22.0,64.0,No
1750.0,كورة كل يوم,تويتر (X),كورة,text,2025-06-27,تشكيلة المنتخب المتوقعة في المباراة القادمة,218496,29045.0,58181,2142.0,178.0,126.0,Yes
2319.0,ملعب مصر ✅,Instagram,رياضة,ريلز,2024-07-22,أهم أحداث مباراة اليوم بالتفصيل,41576,6743.0,7719,271.0,26.0,4.0,
3343.0,عالم الطبخ,فيس بوك, طبخ,صورة,2025-03-07,طريقة عمل الكنافة بالقشطة خطوة بخطوة,22890,13502.0,25441,676.0,22.0,78.0,نعم
2964.0, اتعلم اونلاين,تيكتوك,تعليم ,image,2024-01-08,دورة مجانية لتعلم أساسيات البرمجة,39924,11857.0,14673,158.0,21.0,29.0,
3431.0,أخبار مصر الآن,إنستغرام,اخبار,نص,31/12/2024,ملخص أهم الأخبار المحلية اليوم,588841,136967.0,177027,8690.0,724.0,1134.0,
2788.0,أكاديمية  المعرفة,tiktok,Education,نص,13/11/2024,كيف تذاكر بفعالية قبل الامتحانات,22138,7042.0,8279,,64.0,72.0,نعم
4069.0,وصفات ماما  ,TikTok,طبخ ,فيديو,12/11/2025,أسرار المطبخ اللي محدش بيقولهالك,6213,987.0,1482,27.0,2.0,1.0,
597.0, جادجت العرب,X,تقنيه,فيديو,2025-01-16,كل ما تريد معرفته عن الذكاء الاصطناعي,56160,20742.0,44037,1353.0,169.0,257.0,0
3654.0,فوازير رمضان,X,Entertainment,فيديو ,26/11/2024,نكت وضحك من غير توقف,18959,3640.0,4611,84.0,4.0,7.0,
102.0,,YouTube,تعليم,video,22/01/2024,خطوات عملية لتعلم مهارة جديدة,31080,4361.0,8623,287.0,19.0,50.0,
427.0,كوميديا العرب ✅,يوتيوب,كوميدي,ريلز,19/11/2024,أفضل خمس مشاهد كوميدية هذا العام,103499,28408.0,28932,,112.0,275.0,
3449.0,عالم التقنية ✅,youtube,Tech,صور,2024-02-29,كل ما تريد معرفته عن الذكاء الاصطناعي,8300,4595.0,5639,35.0,4.0,6.0,لا
565.0,منصة التعليم  ,تيكتوك,Education,reels,2025-03-02,شرح مبسط لأهم قواعد اللغة العربية,142990,24350.0,26101,411.0,53.0,7.0,No
406.0,فوازير رمضان,تويتر,ترفيه,منشور نصي,01/08/2025,مقاطع مضحكة من كواليس التصوير,150598,72188.0,122757,5099.0,277.0,633.0,1
2201.0,وصفات  ماما,insta,أكل وطبخ,text,31/12/2025,وصفة سريعة ولذيذة لعشاء اليوم,15948,4140.0,7711,265.0,37.0,28.0,
3501.0, بوابة الأحداث,انستجرام,أخبار,image,2025-09-07,آخر التطورات في الساعات الماضية,88330,52278.0,70798,3898.0,371.0,623.0,
1059.0,ضحك ونكت  ,Facebook,ترفيه,منشور نصي,09/06/2024,أفضل خمس مشاهد كوميدية هذا العام,94285,29449.0,52146,235.0,28.0,,نعم
708.0,كورة  كل  يوم,تيك توك,رياضة ,نص,08/11/2024,أفضل اللقطات من الجولة الأخيرة,49003,28423.0,41281,1335.0,145.0,249.0,
2320.0,تكنولوجيا بلس,يوتيوب,Tech,ريلز,11/01/2025,خمس تطبيقات تساعدك في تنظيم وقتك,8542,928.0,1540,41.0,3.0,6.0,
747.0,تكنولوجيا بلس,Twitter,تكنولوجيا,,2024-07-18,كل ما تريد معرفته عن الذكاء الاصطناعي,4808,748.0,1025,66.0,5.0,7.0,
3913.0,أكاديمية المعرفة,youtube,,فيديو,,دورة مجانية لتعلم أساسيات البرمجة,191543,110114.0,140581,525.0,45.0,52.0,No
1147.0,كورة كل يوم,انستجرام,رياضة ,Reel,2024-12-31,تحليل فني لأداء الفريق هذا الموسم,169471,11114.0,22163,747.0,83.0,37.0,نعم
2792.0,ضحك  ونكت,تيكتوك,ترفيه,story,02/03/2025,أطرف المواقف اللي حصلت الأسبوع ده,56692,25847.0,36000,2348.0,132.0,29.0,
1687.0,بوابة الأحداث,فيس بوك,أخبار,صوره,06/08/2025,تفاصيل جديدة حول الحدث الذي شغل الرأي العام,47310,5261.0,6600,308.0,37.0,55.0,نعم
3355.0,عالم  التقنية,TikTok,تكنولوجيا,story,2025-05-06,كل ما تريد معرفته عن الذكاء الاصطناعي,13674,6681.0,7980,408.0,24.0,60.0,No
3507.0,ستايل بنات,YouTube,موضة,فديو,,موديلات جديدة من أشهر الماركات,236469,16158.0,24186,,118.0,60.0,1
2937.0,مطبخ  سارة,انستغرام,طبخ ,reels,2025-11-30,وصفة سريعة ولذيذة لعشاء اليوم,19588,3955.0,7332,277.0,16.0,50.0,
2078.0,وصفات  ماما,FB,طبخ,فيديو ,02-05-2025,حلويات رمضان بمكونات بسيطة,19465,7551.0,7804,685.0,17.0,51.0,Yes
3227.0,ستايل بنات,يوتيوب,أزياء,reels,31/12/2024,أفكار تنسيق ملابس اقتصادية,48381,,8871,54,1.0,10.0,Yes
3120.0, كوميديا العرب,تيكتوك,كوميدي,ستوري ,2025-05-22,نكت وضحك من غير توقف,6509,2142.0,2243,216.0,24.0,27.0,نعم
950.0,كورة كل يوم,تيك توك,رياضة ,فيديو,,أهم أحداث مباراة اليوم بالتفصيل,49587,19388.0,27303,1551.0,69.0,,No
415.0,كورة كل يوم,يوتيوب ,Sports,ستوري ,2024-09-20,أخبار الانتقالات الصيفية,72655,30514.0,59685,876.0,82.0,147.0,
588.0,ضحك  ونكت,youtube,Entertainment,ستوري,12-11-2025,مقاطع مضحكة من كواليس التصوير,178185,45938.0,49357,1622.0,66.0,219.0,
2444.0,اليوم  السابع  نيوز,YouTube,أخبار,ريلز,2025-06-06,آخر التطورات في الساعات الماضية,18872,3464.0,5994,,11.0,45.0,No
2645.0,تكنولوجيا بلس ✅,يوتيوب ,تكنولوجيا,صور,12/07/2024,مراجعة كاملة لأحدث هاتف صدر هذا الشهر,28030,4245.0,6136,171.0,19.0,19.0,
2255.0,منصة  التعليم,انستغرام,تعليم ,ستوري,22/09/2025,دورة مجانية لتعلم أساسيات البرمجة,25630,1518.0,2228,85.0,6.0,1.0,لا
456.0,كوميديا العرب  ,فيسبوك,كوميدي,صور,2024-02-14,نكت وضحك من غير توقف,34080,9003.0,14855,656.0,68.0,15.0,نعم
420.0,كورة كل يوم ✅,فيسبوك,Sports,reels,21/03/2024,أخبار الانتقالات الصيفية,59980,12165.0,16198,659.0,18.0,71.0,نعم
934.0,أخبار  الرياضة,فيسبوك,Sports,ريلز,2024-03-20,أفضل اللقطات من الجولة الأخيرة,45152,2293.0,3530,192.0,28.0,12.0,No
1253.0,ستايل  بنات,فيسبوك ,موضة,video,25/01/2025,موديلات جديدة من أشهر الماركات,37581,2509.0,2905,241.0,,26.0,نعم
449.0,ضحك ونكت  ,يوتيوب ,ترفيه,text,07/06/2024,أطرف المواقف اللي حصلت الأسبوع ده,7435,2583.0,4741,148.0,12.0,13.0,No
3107.0, فوازير رمضان,Instagram,ترفيه,فيديو,2025-09-03,أطرف المواقف اللي حصلت الأسبوع ده,32011,9024.0,10210,287.0,19.0,36.0,
432.0, أزياء العرب,يوتيوب ,أزياء,ريلز,2025-10-22,  نصائح لاختيار الألوان المناسبة لبشرتك   ,47263,9402.0,12195,89.0,10.0,11.0,
3737.0, جادجت العرب,تيك توك,Tech,منشور نصي,15-05-2024,خمس تطبيقات تساعدك في تنظيم وقتك,21178,8336.0,8624,386.0,56.0,68.0,
2339.0, اتعلم اونلاين,انستجرام,Education,ستوري,2024-01-25,خطوات عملية لتعلم مهارة جديدة,83029,41929.0,76415,1934.0,225.0,193.0,
2591.0,أزياء  العرب,فيسبوك ,موضة,ستوري,24-05-2024,موديلات جديدة من أشهر الماركات,144845,65906.0,142445,998.0,109.0,178.0,
1458.0,موضة اليوم,تيك توك,موضة,منشور نصي,2025-10-04,أفكار تنسيق ملابس اقتصادية,187480,21527.0,46280,230.0,5.0,33.0,
2100.0,فوازير رمضان,X,Entertainment,فيديو ,2024-05-15,مقاطع مضحكة من كواليس التصوير,14087,1506.0,2333,60.0,4.0,0.0,
2085.0,تكنولوجيا  بلس,انستجرام,تقنية,صورة,,كل ما تريد معرفته عن الذكاء الاصطناعي,22095,7345.0,12717,140.0,14.0,13.0,
659.0,فوازير رمضان ✅,فيس بوك,كوميدي,صوره,2025-08-17,أفضل خمس مشاهد كوميدية هذا العام,16613,1453.0,1779,71.0,5.0,5.0,
197.0,أكاديمية  المعرفة,تويتر (X),Education,Reel,18-01-2025,نصائح للطلاب الجدد في الجامعة,90792,27247.0,44105,1445.0,55.0,22.0,
2023.0, أزياء العرب,فيسبوك ,أزياء,story,14-06-2024,أحدث صيحات الموضة لهذا الموسم,64207,17516.0,35855,696.0,78.0,21.0,
2246.0,منصة التعليم,TikTok,تعليم ,Reel,10/09/2024,نصائح للطلاب الجدد في الجامعة,19944,6510.0,11635,292.0,20.0,21.0,
1983.0,تكنولوجيا بلس,Instagram,تكنولوجيا,فديو,2025-02-01,مراجعة كاملة لأحدث هاتف صدر هذا الشهر,1064236,595644.0,618241,34737.0,867.0,3184.0,
1284.0,عالم الطبخ,يوتيوب , طبخ,منشور نصي,2024-09-25,أكلة اقتصادية وسهلة التحضير,46395,15385.0,25517,850.0,121.0,154.0,
494.0,موضة اليوم,تويتر (X),موضة,نص,02/04/2024,نصائح لاختيار الألوان المناسبة لبشرتك,19234,4282.0,7046,433.0,58.0,34.0,
842.0,ملعب مصر,insta,رياضة ,Reel,26/05/2024,أخبار الانتقالات الصيفية,7362,1739.0,2915,44.0,1.0,7.0,1
3064.0,اليوم السابع نيوز,انستغرام,News,نص,2024-06-29,آخر التطورات في الساعات الماضية,89466,15808.0,20807,429.0,15.0,35.0,0
2655.0,أكاديمية المعرفة  ,tiktok,تعليم ,story,2024-11-07,نصائح للطلاب الجدد في الجامعة,41188,20202.0,30073,662.0,25.0,51.0,
1307.0,ضحك ونكت  ,فيسبوك ,كوميدي,image,2024-02-13,نكت وضحك من غير توقف,93727,38871.0,54810,1975.0,228.0,202.0,Yes
2464.0,منصة التعليم ✅,YouTube,Education,صورة,2025-04-20,خطوات عملية لتعلم مهارة جديدة,57963,28153.0,30249,291.0,25.0,25.0,نعم
3307.0,ستايل بنات  ,فيس بوك,موضة,فديو,13/09/2024,موديلات جديدة من أشهر الماركات,156213,67737.0,141503,6626.0,541.0,454.0,
701.0, كوميديا العرب,تيك توك,كوميدي,فديو,,أطرف المواقف اللي حصلت الأسبوع ده,37146,17563.0,18868,811.0,20.0,16.0,
341.0,كورة  كل  يوم,Twitter,رياضة ,Reel,30/03/2025,  أهم أحداث مباراة اليوم بالتفصيل   ,2892,1725.0,3547,109.0,10.0,5.0,1
2706.0,عالم التقنية ✅,insta,Tech,reels,2025-04-30,نصائح لحماية حسابك من الاختراق,186891,71620.0,96443,6364.0,768.0,698.0,0
2652.0,بوابة الأحداث  ,تيكتوك,News,منشور نصي,15-04-2025,آخر التطورات في الساعات الماضية,53683,17537.0,27946,393.0,26.0,17.0,
3453.0,مطبخ سارة,تويتر (X), طبخ,منشور نصي,26-03-2025,وصفة سريعة ولذيذة لعشاء اليوم,43761,4013.0,4985,251.0,14.0,22.0,0
637.0,ملعب مصر,TikTok,Sports,reels,21-03-2025,أفضل اللقطات من الجولة الأخيرة,16139,7986.0,16375,299.0,39.0,46.0,لا
431.0,أكاديمية المعرفة  ,youtube,تعليم,reels,2025-08-08,كيف تذاكر بفعالية قبل الامتحانات,21961,3504.0,7193,190.0,9.0,9.0,
1675.0,مطبخ سارة,فيسبوك ,Food,Reel,15-05-2024,أسرار المطبخ اللي محدش بيقولهالك,13542,4205.0,7477,21.0,0.0,1.0,
3192.0,عالم التقنية,إنستغرام,Tech,فيديو,2024-01-06,خمس تطبيقات تساعدك في تنظيم وقتك,57581,6752.0,8508,665.0,95.0,16.0,نعم
1633.0,كورة كل يوم,يوتيوب ,كورة,ستوري,18/05/2024,تشكيلة المنتخب المتوقعة في المباراة القادمة,60446,8499.0,8928,447.0,53.0,82.0,نعم
2948.0,أزياء العرب  ,انستجرام,موضة,story,2024-06-02,نصائح لاختيار الألوان المناسبة لبشرتك,23110,5527.0,7452,233.0,21.0,36.0,
268.0,أزياء العرب  ,فيسبوك ,أزياء,فيديو ,13/11/2024,موديلات جديدة من أشهر الماركات,121584,9994.0,14002,840.0,102.0,90.0,No
1650.0,موضة اليوم,فيس بوك,أزياء,صوره,24/04/2024,إطلالات بسيطة وأنيقة لكل يوم,53327,22565.0,48397,1389.0,202.0,237.0,
1236.0,كوميديا العرب ✅,YouTube,كوميدي,story,2025-08-11,مقاطع مضحكة من كواليس التصوير,14294,6858.0,14518,189.0,10.0,31.0,
3778.0,جادجت العرب,TikTok,تقنيه,ريلز,02-03-2025,خمس تطبيقات تساعدك في تنظيم وقتك,163782,35915.0,52598,251.0,15.0,21.0,لا
749.0,اليوم السابع نيوز  ,FB,اخبار,صور,,بيان رسمي حول القرار الأخير,22979,8683.0,16389,237.0,5.0,40.0,
187.0, ملعب مصر,YouTube,Sports,text,2025-04-24,تشكيلة المنتخب المتوقعة في المباراة القادمة,106796,58245.0,87720,1795.0,248.0,89.0,
1831.0,ملعب  مصر,فيسبوك ,Sports,ريلز,13-02-2024,تشكيلة المنتخب المتوقعة في المباراة القادمة,64169,34233.0,50850,914.0,81.0,28.0,
2006.0,اليوم السابع نيوز  ,يوتيوب,اخبار,صورة,2025-07-20,آخر التطورات في الساعات الماضية,24790,10231.0,10741,,45.0,93.0,0
3868.0, كورة كل يوم,يوتيوب ,كورة,ستوري ,2024-06-08,تحليل فني لأداء الفريق هذا الموسم,35988,2257.0,4185,104.0,11.0,1.0,
280.0,عالم الطبخ,يوتيوب,أكل وطبخ,ستوري ,,طريقة عمل الكنافة بالقشطة خطوة بخطوة,27410,7684.0,10082,679.0,36.0,91.0,
2465.0,موضة اليوم ✅,تيك توك,موضة,video,2025-10-28,أفكار تنسيق ملابس اقتصادية,62545,11296.0,14849,533.0,30.0,87.0,
620.0,ضحك ونكت,tiktok,كوميدي,story,31/12/2025,مقاطع مضحكة من كواليس التصوير,232745,14862.0,21190,1162.0,62.0,165.0,1
3509.0,أزياء العرب ✅,انستغرام,موضة,فديو,02/01/2025,أحدث صيحات الموضة لهذا الموسم,122654,33272.0,34292,1545.0,182.0,97.0,لا
3898.0, أكاديمية المعرفة,Facebook,تعليم ,reels,15/02/2024,دورة مجانية لتعلم أساسيات البرمجة,11365,1910.0,2525,89.0,7.0,3.0,
1097.0,عالم  التقنية,فيس بوك,Tech,منشور نصي,06/10/2025,مراجعة كاملة لأحدث هاتف صدر هذا الشهر,62156,23507.0,33018,536.0,46.0,,Yes
513.0,كوميديا العرب  ,تيك توك,كوميدي,صوره,01/12/2024,أطرف المواقف اللي حصلت الأسبوع ده,14924,3057.0,6590,16.0,1.0,2.0,Yes
1338.0,أخبار  مصر  الآن,فيس بوك,أخبار,صورة,2025-12-04,آخر التطورات في الساعات الماضية,5834,1296.0,2571,69.0,3.0,4.0,No
1158.0, أخبار الرياضة,انستجرام,Sports,صوره,09/02/2025,تشكيلة المنتخب المتوقعة في المباراة القادمة,11183,4098.0,6180,175.0,18.0,30.0,Yes
1055.0,أزياء  العرب,تويتر,موضة,text,12-08-2024,أحدث صيحات الموضة لهذا الموسم,46604,14854.0,25606,626.0,66.0,11.0,
3934.0, ملعب مصر,Twitter,Sports,منشور نصي,2024-01-17,أهم أحداث مباراة اليوم بالتفصيل,47502,4744.0,9285,222.0,31.0,17.0,نعم
933.0,أكاديمية  المعرفة,فيسبوك ,تعليم,ستوري,2025-10-15,كيف تذاكر بفعالية قبل الامتحانات,21638,12897.0,19209,403.0,24.0,10.0,لا
1423.0,منصة  التعليم,FB,Education,reels,2024-08-20,دورة مجانية لتعلم أساسيات البرمجة,87466,48055.0,61646,3806.0,559.0,241.0,
2915.0,كوميديا العرب,تويتر (X),Entertainment,Reel,,أفضل خمس مشاهد كوميدية هذا العام,8572,2853.0,5583,269.0,17.0,43.0,Yes
1142.0,كوميديا العرب,تيكتوك,كوميدي,صور,27/01/2024,أفضل خمس مشاهد كوميدية هذا العام,28055,13105.0,13450,785.0,82.0,62.0,0
2776.0,اليوم السابع نيوز ✅,فيسبوك ,أخبار,video,2024-08-14,ملخص أهم الأخبار المحلية اليوم,288542,66952.0,104076,695.0,76.0,132.0,
3137.0,ملعب مصر,فيسبوك,رياضة ,صوره,21/11/2025,تحليل فني لأداء الفريق هذا الموسم,180073,62825.0,88357,5042.0,327.0,132.0,
3983.0,فوازير رمضان,يوتيوب ,ترفيه,image,20-08-2025,تحدي جديد بين المتابعين,14857,5218.0,10063,257.0,32.0,50.0,
461.0,بوابة الأحداث ✅,X,News,صور,2024-04-16,تفاصيل جديدة حول الحدث الذي شغل الرأي العام,54707,21404.0,40468,356.0,48.0,54.0,
2298.0,ستايل بنات ✅,تويتر(X),موضة,ستوري,2025-11-10,أحدث صيحات الموضة لهذا الموسم,89390,33347.0,45782,"3,596",359.0,325.0,1
3019.0,كوميديا العرب,YouTube,كوميدي,,2025-06-29,نكت وضحك من غير توقف,14427,4439.0,4872,,49.0,12.0,
1243.0,اتعلم اونلاين,تيكتوك,تعليم ,ستوري ,2025-03-08,خطوات عملية لتعلم مهارة جديدة,41692,5876.0,12770,99.0,13.0,10.0,No
1135.0,موضة اليوم  ,tiktok,أزياء,نص,15/05/2024,أحدث صيحات الموضة لهذا الموسم,37706,9754.0,15683,493.0,28.0,73.0,نعم
61.0,ستايل بنات,تويتر,أزياء,ستوري,2025-05-15,إطلالات بسيطة وأنيقة لكل يوم,22673,2191.0,4785,78.0,9.0,14.0,
1806.0, اتعلم اونلاين,تيكتوك,تعليم,صورة,2024-11-18,كيف تذاكر بفعالية قبل الامتحانات,4906,1290.0,2697,100.0,4.0,10.0,
1816.0,اتعلم اونلاين,يوتيوب,تعليم ,نص,2024-09-14,شرح مبسط لأهم قواعد اللغة العربية,122605,26178.0,40959,254.0,8.0,11.0,
1947.0, ستايل بنات,tiktok,موضة ,Reel,26/02/2025,أحدث صيحات الموضة لهذا الموسم,10123,666.0,997,28.0,3.0,1.0,
360.0,فوازير رمضان,تويتر(X),ترفيه,Reel,22-08-2025,مقاطع مضحكة من كواليس التصوير,22211,2855.0,5511,82.0,4.0,2.0,
1808.0,ملعب مصر,فيسبوك ,رياضة,ستوري,2024-05-10,أفضل اللقطات من الجولة الأخيرة,15360,6300.0,6628,,2.0,0.0,
132.0,فوازير رمضان,تويتر,Entertainment,منشور نصي,2025-10-20,نكت وضحك من غير توقف,97021,32541.0,34374,702,21.0,87.0,لا
1802.0,موضة اليوم,TikTok,موضة,image,2024-02-29,إطلالات بسيطة وأنيقة لكل يوم,6845,1023.0,1691,99.0,12.0,13.0,0
3487.0,منصة  التعليم,tiktok,Education,صورة,2024-02-18,كيف تذاكر بفعالية قبل الامتحانات,10575,1345.0,2350,42.0,2.0,5.0,
2032.0,أزياء العرب,insta,موضة ,فديو,06/06/2024,موديلات جديدة من أشهر الماركات,14512,7837.0,13420,590,20.0,54.0,No
528.0,عالم التقنية,تيك توك,تقنيه,نص,06-08-2025,مقارنة بين أفضل اللابتوبات لعام هذا,15361,2904.0,4916,124.0,15.0,12.0,0
4100.0,تكنولوجيا  بلس,إنستغرام,Tech,text,29-04-2024,كل ما تريد معرفته عن الذكاء الاصطناعي,431518,207971.0,211963,1786.0,266.0,134.0,
1501.0,جادجت العرب ✅,YouTube,تقنية,فيديو ,,كل ما تريد معرفته عن الذكاء الاصطناعي,3805,328.0,572,16.0,2.0,1.0,1
2839.0,أخبار مصر الآن  ,يوتيوب,أخبار,story,16-09-2025,بيان رسمي حول القرار الأخير,8875,3919.0,4679,21.0,2.0,2.0,
1979.0,فوازير رمضان,TikTok,Entertainment,reels,26/12/2024,مقاطع مضحكة من كواليس التصوير,33865,20118.0,38697,2121.0,283.0,305.0,نعم
2874.0,جادجت العرب ✅,تويتر (X),تقنية,ستوري ,16/07/2025,مراجعة كاملة لأحدث هاتف صدر هذا الشهر,6252,1921.0,2404,133,,14.0,
3410.0,أزياء  العرب,youtube,موضة,نص,28/09/2024,موديلات جديدة من أشهر الماركات,13488,2775.0,3138,152.0,16.0,20.0,0
1581.0,مطبخ سارة,يوتيوب ,طبخ,Reel,,وصفة سريعة ولذيذة لعشاء اليوم,130389,70777.0,105991,470.0,20.0,60.0,No
1562.0,تكنولوجيا بلس,انستجرام,تقنية,ستوري ,2024-03-12,خمس تطبيقات تساعدك في تنظيم وقتك,26899,11826.0,12789,165.0,13.0,31.0,
1278.0,عالم الطبخ,فيسبوك,أكل وطبخ,image,19/03/2025,طريقة عمل الكنافة بالقشطة خطوة بخطوة,12625,2015.0,2758,16.0,0.0,1.0,
116.0,بوابة الأحداث ✅,تيك توك,أخبار,نص,2024-06-10,بيان رسمي حول القرار الأخير,192725,106608.0,152968,6525.0,141.0,887.0,
3823.0,منصة  التعليم,TikTok,Education,صورة,11-12-2024,كيف تذاكر بفعالية قبل الامتحانات,363590,98917.0,133181,6085.0,343.0,106.0,No
525.0, منصة التعليم,تويتر(X),تعليم,story,2024-04-27,دورة مجانية لتعلم أساسيات البرمجة,165444,11224.0,20096,476.0,20.0,56.0,
1436.0, جادجت العرب,Instagram,تقنية,ستوري ,2025-02-18,مقارنة بين أفضل اللابتوبات لعام هذا,39326,23011.0,27238,692.0,68.0,27.0,1
1311.0,اتعلم  اونلاين,تيك توك,Education,image,2024-12-08,خطوات عملية لتعلم مهارة جديدة,46659,2477.0,3030,30.0,2.0,0.0,1
2016.0, فوازير رمضان,تويتر,ترفيه,video,2024-11-04,  تحدي جديد بين المتابعين   ,79628,32708.0,37411,3164.0,141.0,448.0,
3536.0,فوازير رمضان ✅,تويتر(X),Entertainment,reels,03/01/2025,أطرف المواقف اللي حصلت الأسبوع ده,35689,18150.0,30048,815.0,36.0,30.0,
125.0,أخبار الرياضة,تويتر(X),كورة,ستوري ,2025-04-20,أخبار الانتقالات الصيفية,50318,14178.0,29365,1034.0,55.0,84.0,
447.0,فوازير رمضان  ,youtube,ترفيه,text,2024-05-05,تحدي جديد بين المتابعين,17861,1927.0,2441,105.0,5.0,2.0,1
2510.0,اليوم السابع نيوز,YouTube,اخبار,story,2024-05-30,آخر التطورات في الساعات الماضية,254569,92798.0,173139,5794.0,328.0,260.0,
1492.0,عالم التقنية  ,Facebook,تكنولوجيا,صور,2025-08-23,مقارنة بين أفضل اللابتوبات لعام هذا,13147,1140.0,2429,85,4.0,6.0,
1421.0,اتعلم اونلاين  ,فيسبوك ,Education,صور,2024-03-05,شرح مبسط لأهم قواعد اللغة العربية,14930,5830.0,6835,228.0,13.0,31.0,0
1137.0,وصفات  ماما,X,Food,ريلز,16/06/2025,أكلة اقتصادية وسهلة التحضير,14972,5601.0,9130,123.0,15.0,15.0,
1435.0,موضة اليوم  ,تويتر(X),موضة ,صوره,2025-07-14,أحدث صيحات الموضة لهذا الموسم,329874,107687.0,171241,1896.0,77.0,89.0,
71.0,أزياء العرب ✅,YouTube,موضة ,صور,08-11-2025,أفكار تنسيق ملابس اقتصادية,9698,5459.0,11132,33,2.0,5.0,
2054.0,جادجت العرب  ,tiktok,تقنية,منشور نصي,02/07/2025,خمس تطبيقات تساعدك في تنظيم وقتك,41556,18430.0,36320,843.0,20.0,19.0,
2290.0,عالم الطبخ,FB,طبخ ,فديو,2024-11-03,حلويات رمضان بمكونات بسيطة,8479,1506.0,1592,78.0,3.0,5.0,1
1545.0,أخبار  الرياضة,TikTok,رياضة ,image,2025-02-02,أخبار الانتقالات الصيفية,87869,33758.0,39974,824.0,30.0,49.0,Yes
22.0,أخبار الرياضة,Twitter,Sports,ريلز,,تشكيلة المنتخب المتوقعة في المباراة القادمة,426446,252501.0,325844,18798.0,956.0,2788.0,
388.0,ملعب مصر,يوتيوب,Sports,text,2024-07-20,أهم أحداث مباراة اليوم بالتفصيل,57651,28014.0,58534,3129.0,274.0,612.0,
808.0,جادجت العرب,TikTok,تقنية,فيديو,12-04-2024,مقارنة بين أفضل اللابتوبات لعام هذا,59234,30705.0,62532,1438.0,55.0,16.0,
1919.0,أخبار مصر الآن,Facebook,اخبار,story,2024-04-20,تغطية مباشرة لفعاليات المؤتمر,32946,4784.0,5058,104.0,9.0,4.0,نعم
3814.0,أكاديمية  المعرفة,فيسبوك,تعليم ,فيديو,12/06/2025,دورة مجانية لتعلم أساسيات البرمجة,31219,7924.0,9777,742.0,42.0,106.0,No
3760.0,عالم التقنية ✅,تيكتوك,تقنيه,فديو,2024-02-08,كل ما تريد معرفته عن الذكاء الاصطناعي,13499,1271.0,1631,28.0,1000.0,0.0,No
1927.0, ملعب مصر,Instagram,رياضة,text,2024-11-04,تشكيلة المنتخب المتوقعة في المباراة القادمة,15091,8722.0,12689,37.0,1.0,1.0,Yes
685.0,جادجت العرب ✅,تويتر,تكنولوجيا,story,25/08/2024,خمس تطبيقات تساعدك في تنظيم وقتك,8111,4720.0,8770,418.0,34.0,75.0,0
3172.0,بوابة الأحداث  ,تيكتوك,News,فديو,2024-07-27,تفاصيل جديدة حول الحدث الذي شغل الرأي العام,55522,19225.0,38687,192.0,21.0,37.0,1
1784.0,اليوم  السابع  نيوز,tiktok,,ريلز,01-08-2025,تغطية مباشرة لفعاليات المؤتمر,55846,11473.0,20744,73.0,,5.0,Yes
184.0,مطبخ سارة,YouTube, طبخ,reels,2024-06-10,أكلة اقتصادية وسهلة التحضير,20461,11992.0,21350,292.0,8.0,4.0,
3393.0,أخبار الرياضة,tiktok,كورة,reels,12-02-2024,أفضل اللقطات من الجولة الأخيرة,31875,8566.0,13099,626.0,39.0,107.0,لا
633.0,تكنولوجيا بلس,يوتيوب,Tech,image,2025-02-15,نصائح لحماية حسابك من الاختراق,13550,5683.0,10656,275.0,23.0,19.0,لا
3379.0,وصفات ماما,تيك توك,Food,video,2024-02-24,حلويات رمضان بمكونات بسيطة,168608,62548.0,68687,4320.0,294.0,762.0,
673.0,تكنولوجيا بلس  ,Twitter,Tech,video,2025-03-23,مقارنة بين أفضل اللابتوبات لعام هذا,108105,17539.0,27410,1144.0,39.0,203.0,
2886.0,ضحك ونكت  ,youtube,كوميدي,فيديو ,2024-09-15,نكت وضحك من غير توقف,7846,3778.0,6737,133.0,14.0,26.0,No
2737.0,أكاديمية  المعرفة,فيسبوك,تعليم,فيديو,03/12/2024,دورة مجانية لتعلم أساسيات البرمجة,3197,440.0,909,43.0,5.0,7.0,
2041.0,اتعلم اونلاين  ,تويتر,تعليم ,صورة,2025-02-07,نصائح للطلاب الجدد في الجامعة,40191,8426.0,16798,685.0,36.0,70.0,نعم
2402.0,مطبخ سارة ✅,Facebook,Food,صورة,13/04/2025,أسرار المطبخ اللي محدش بيقولهالك,10483,3608.0,6328,268.0,15.0,,Yes
1053.0,اليوم السابع نيوز,Instagram,أخبار,reels,2025-05-10,تغطية مباشرة لفعاليات المؤتمر,26339,5960.0,11284,539.0,71.0,63.0,
1382.0,اليوم  السابع  نيوز,Twitter,اخبار,ريلز,2025-12-30,بيان رسمي حول القرار الأخير,20969,5632.0,7099,198.0,8.0,24.0,
785.0,منصة التعليم  ,تويتر (X),Education,ستوري,2025-01-26,شرح مبسط لأهم قواعد اللغة العربية,55309,17994.0,37681,337.0,16.0,13.0,نعم
1114.0,بوابة  الأحداث,تيكتوك,News,story,21/02/2024,  بيان رسمي حول القرار الأخير   ,30789,9678.0,16086,528.0,75.0,22.0,1
3388.0,ضحك  ونكت,تويتر,Entertainment,صوره,2024-03-04,  تحدي جديد بين المتابعين   ,51173,15647.0,28054,85.0,6.0,11.0,1
746.0, عالم التقنية,تويتر (X),تقنية,reels,2024-07-29,خمس تطبيقات تساعدك في تنظيم وقتك,27125,12343.0,13108,99.0,6.0,6.0,نعم
100.0,ضحك ونكت  ,يوتيوب ,كوميدي,نص,21-02-2025,أطرف المواقف اللي حصلت الأسبوع ده,11734,5947.0,12833,102.0,14.0,4.0,0
965.0,ضحك ونكت,تيك توك,ترفيه,,2025-12-05,نكت وضحك من غير توقف,42847,24172.0,48391,1776.0,134.0,176.0,0
2502.0, أخبار مصر الآن,Twitter,اخبار,فيديو,2024-12-29,بيان رسمي حول القرار الأخير,28970,12943.0,18021,865.0,99.0,156.0,
1722.0,عالم التقنية,انستجرام,تقنيه,ستوري ,,نصائح لحماية حسابك من الاختراق,72088,16922.0,19647,228.0,23.0,25.0,No
2842.0,أخبار الرياضة,YouTube,رياضة,reels,2025-06-13,أخبار الانتقالات الصيفية,18421,6345.0,12899,340.0,10.0,14.0,
2398.0,أخبار مصر الآن ✅,X,أخبار,ريلز,2024-08-09,ملخص أهم الأخبار المحلية اليوم,7882,3661.0,7462,354.0,25.0,69.0,1
182.0,موضة اليوم  ,انستغرام,موضة ,text,05/07/2025,موديلات جديدة من أشهر الماركات,44249,8226.0,9800,595.0,87.0,44.0,
1721.0,منصة التعليم,تيك توك,تعليم ,Reel,2025-08-05,نصائح للطلاب الجدد في الجامعة,15864,4226.0,4551,120.0,14000.0,5.0,Yes
2739.0,اتعلم اونلاين,يوتيوب,Education,صور,24/03/2024,كيف تذاكر بفعالية قبل الامتحانات,8916,762.0,1246,25.0,0.0,4.0,No
201.0,وصفات ماما ✅,Instagram,طبخ,ريلز,2024-02-15,أكلة اقتصادية وسهلة التحضير,109702,18498.0,33123,800.0,27.0,107.0,
455.0,اليوم السابع نيوز ✅,insta,اخبار,reels,20/06/2025,تغطية مباشرة لفعاليات المؤتمر,16316,4296.0,8438,318.0,9.0,56.0,
2346.0,فوازير رمضان,insta,Entertainment,فيديو ,2025-05-10,تحدي جديد بين المتابعين,12628,2655.0,5741,70.0,7.0,10.0,لا
3704.0,كوميديا العرب  ,تيك توك,كوميدي,ريلز,08/01/2024,أفضل خمس مشاهد كوميدية هذا العام,45604,22623.0,24394,286.0,42.0,12.0,0
1980.0,ملعب  مصر,انستجرام,رياضة,صوره,08/02/2025,تشكيلة المنتخب المتوقعة في المباراة القادمة,16358,7660.0,12469,792.0,102.0,109.0,لا
3549.0, أزياء العرب,insta,موضة ,story,04-08-2024,  موديلات جديدة من أشهر الماركات   ,18037,2487.0,2969,114.0,5.0,,
441.0,اتعلم اونلاين  ,تيك توك,تعليم,ستوري,2024-10-18,خطوات عملية لتعلم مهارة جديدة,12269,4088.0,6715,139.0,17.0,22.0,
963.0,ستايل بنات,YouTube,موضة ,Reel,2025-12-17,أفكار تنسيق ملابس اقتصادية,17828,9152.0,13129,584.0,26.0,72.0,
2522.0, أزياء العرب,Twitter,موضة,text,12/07/2024,إطلالات بسيطة وأنيقة لكل يوم,112656,28675.0,44539,2501.0,69.0,480.0,
2349.0,جادجت العرب ✅,insta,تقنيه,منشور نصي,2024-09-18,نصائح لحماية حسابك من الاختراق,129691,13989.0,16356,1371.0,118.0,149.0,لا
433.0,ستايل  بنات,تيك توك,موضة,فيديو,,إطلالات بسيطة وأنيقة لكل يوم,20331,11656.0,23384,1056.0,149.0,119.0,
1407.0,اليوم السابع نيوز,تيكتوك,News,صور,2025-04-05,بيان رسمي حول القرار الأخير,26196,6898.0,10010,432.0,56.0,76.0,
3797.0,جادجت العرب ✅,فيسبوك,Tech,منشور نصي,05/09/2025,مقارنة بين أفضل اللابتوبات لعام هذا,58549,33666.0,48201,2366.0,335.0,181.0,
2488.0,أزياء العرب,TikTok,أزياء,منشور نصي,2024-01-18,أفكار تنسيق ملابس اقتصادية,84789,29753.0,61231,1052.0,136.0,145.0,
4064.0,اليوم السابع نيوز,Instagram,News,صوره,,تغطية مباشرة لفعاليات المؤتمر,7840,3324.0,4770,179.0,14.0,7.0,نعم
3447.0,ضحك ونكت,YouTube,كوميدي,فيديو ,07/07/2025,نكت وضحك من غير توقف,40264,13139.0,20884,667.0,70.0,70.0,
2404.0,ملعب مصر,TikTok,رياضة,منشور نصي,,  أهم أحداث مباراة اليوم بالتفصيل   ,34380,13061.0,13581,148.0,10.0,18.0,0
3365.0,ستايل  بنات,تيك توك,موضة,منشور نصي,2025-10-15,أفكار تنسيق ملابس اقتصادية,22678,9119.0,9559,104.0,2.0,12.0,
4029.0,فوازير رمضان ✅,youtube,Entertainment,صوره,2025-03-21,نكت وضحك من غير توقف,27020,5720.0,10570,440.0,19.0,33.0,
682.0,أكاديمية المعرفة,تويتر,تعليم ,reels,2025-03-01,دورة مجانية لتعلم أساسيات البرمجة,84932,41333.0,88005,2841.0,354.0,484.0,
2036.0,فوازير  رمضان,Instagram,ترفيه,,2024-11-24,تحدي جديد بين المتابعين,43464,6938.0,7481,682.0,55.0,73.0,
2029.0,فوازير رمضان  ,TikTok,Entertainment,صورة,2024-11-18,أفضل خمس مشاهد كوميدية هذا العام,21072,8163.0,9100,261.0,36.0,44.0,نعم
3285.0,موضة  اليوم,انستغرام,موضة ,فديو,,موديلات جديدة من أشهر الماركات,20460,2795.0,4583,51.0,3.0,7.0,نعم
3880.0, كورة كل يوم,تيك توك,رياضة,Reel,2025-09-27,تشكيلة المنتخب المتوقعة في المباراة القادمة,32227,12238.0,18555,65.0,2.0,6.0,0
2386.0,اليوم السابع نيوز ✅,تيك توك,أخبار,ستوري ,,تغطية مباشرة لفعاليات المؤتمر,44373,22460.0,24068,504.0,10.0,32.0,No
2367.0,كوميديا العرب  ,تويتر (X),ترفيه,ريلز,,أفضل خمس مشاهد كوميدية هذا العام,21489,6126.0,7878,22.0,0.0,3.0,No
2513.0,أخبار الرياضة,Instagram,رياضة,text,2024-03-09,أهم أحداث مباراة اليوم بالتفصيل,86752,41777.0,53215,947.0,110.0,66.0,0
4087.0, مطبخ سارة,youtube,طبخ,نص,2024-12-20,وصفة سريعة ولذيذة لعشاء اليوم,138095,28222.0,57733,"2,623",315.0,331.0,
985.0,وصفات ماما  ,Instagram,طبخ ,image,12/06/2025,حلويات رمضان بمكونات بسيطة,102601,28267.0,44616,263.0,16.0,49.0,
2388.0, أكاديمية المعرفة,تيكتوك,Education,video,2024-02-14,دورة مجانية لتعلم أساسيات البرمجة,170484,92705.0,137364,2748.0,274.0,43.0,Yes
1374.0,كورة كل يوم ✅,تيكتوك,رياضة ,ستوري,2024-07-02,أهم أحداث مباراة اليوم بالتفصيل,26195,1485.0,2663,39.0,2.0,2.0,
3090.0, جادجت العرب,X,تقنية,ريلز,2025-12-03,نصائح لحماية حسابك من الاختراق,99584,,10815,846.0,67.0,79.0,لا
3374.0,أخبار  الرياضة,Instagram,رياضة,ستوري,2024-05-05,أخبار الانتقالات الصيفية,72657,28212.0,43363,532.0,30.0,15.0,
2082.0,اتعلم  اونلاين,Twitter,تعليم,صورة,2024-04-22,نصائح للطلاب الجدد في الجامعة,13669,4185.0,4474,91.0,12.0,16.0,
3940.0, كوميديا العرب,Facebook,كوميدي,ريلز,2024-06-12,مقاطع مضحكة من كواليس التصوير,51743,26015.0,43204,435.0,41.0,34.0,نعم
2804.0,عالم التقنية ✅,تويتر(X),Tech,ريلز,2024-01-07,مقارنة بين أفضل اللابتوبات لعام هذا,41851,20085.0,36938,394.0,39.0,41.0,
4125.0,عالم الطبخ,tiktok,أكل وطبخ,,2025-03-18,طريقة عمل الكنافة بالقشطة خطوة بخطوة,17479,8826.0,13252,164.0,8.0,8.0,نعم
244.0,جادجت العرب ✅,إنستغرام,تقنيه,ريلز,2025-06-07,مقارنة بين أفضل اللابتوبات لعام هذا,13724,6251.0,9821,228.0,18.0,36.0,Yes
1339.0,أكاديمية المعرفة  ,insta,Education,فيديو ,2025-01-20,خطوات عملية لتعلم مهارة جديدة,109504,63727.0,97272,3004.0,226.0,345.0,
2028.0,ملعب مصر  ,فيسبوك,رياضة,Reel,27/09/2025,أهم أحداث مباراة اليوم بالتفصيل,86456,30499.0,41745,1323.0,186.0,238.0,
1773.0, منصة التعليم,Instagram,تعليم,منشور نصي,28-08-2025,نصائح للطلاب الجدد في الجامعة,3050,1027.0,1987,30.0,2.0,4.0,
2002.0,اتعلم اونلاين  ,تويتر,تعليم,text,26/05/2025,  خطوات عملية لتعلم مهارة جديدة   ,51414,17379.0,37867,-164.0,19.0,,
2663.0,أكاديمية  المعرفة,تيك توك,تعليم ,ريلز,23-09-2025,  نصائح للطلاب الجدد في الجامعة   ,14998,8139.0,13954,664.0,32.0,49.0,
370.0,وصفات ماما  ,تويتر(X), طبخ,ستوري,2024-10-12,أسرار المطبخ اللي محدش بيقولهالك,49044,18845.0,25522,335.0,38.0,23.0,Yes
457.0,اليوم السابع نيوز,X,أخبار,ستوري ,22/06/2025,  تغطية مباشرة لفعاليات المؤتمر   ,120581,34776.0,76389,1755.0,,134.0,
3315.0,أزياء العرب,انستجرام,أزياء,فيديو,2024-06-19,أفكار تنسيق ملابس اقتصادية,34572,13397.0,20636,355.0,28.0,58.0,
284.0,عالم الطبخ,insta, طبخ,ريلز,2024-12-30,حلويات رمضان بمكونات بسيطة,72627,10253.0,21888,913.0,73.0,80.0,نعم
3728.0,ضحك ونكت,tiktok,ترفيه,فيديو ,07-01-2025,مقاطع مضحكة من كواليس التصوير,34170,11259.0,13046,1101.0,154.0,153.0,
1992.0, أزياء العرب,تويتر (X),أزياء,ريلز,2025-04-18,إطلالات بسيطة وأنيقة لكل يوم,35340,20601.0,39720,418.0,61.0,31.0,
2738.0,كورة  كل  يوم,فيسبوك,Sports,نص,26/03/2024,تحليل فني لأداء الفريق هذا الموسم,45971,20022.0,21082,290.0,6.0,19.0,
1715.0, عالم التقنية,تويتر(X),تكنولوجيا,ستوري,2024-12-08,نصائح لحماية حسابك من الاختراق,20677,10505.0,18250,800.0,28.0,8.0,
1645.0,منصة  التعليم,YouTube,Education,reels,01/01/2025,كيف تذاكر بفعالية قبل الامتحانات,68659,34512.0,44076,558.0,32.0,97.0,1
2987.0,عالم التقنية ✅,فيس بوك,تقنيه,فيديو,2025-08-12,نصائح لحماية حسابك من الاختراق,37472,3571.0,6444,194.0,23.0,5.0,No
315.0,كورة  كل  يوم,FB,Sports,فيديو ,30/07/2025,أفضل اللقطات من الجولة الأخيرة,318361,182354.0,313791,13245.0,1356.0,310.0,0
2153.0,عالم الطبخ,إنستغرام, طبخ,صور,2025-07-18,وصفة سريعة ولذيذة لعشاء اليوم,116858,57614.0,108158,2449.0,242.0,432.0,نعم
256.0,منصة التعليم,انستغرام,Education,reels,2025-08-02,خطوات عملية لتعلم مهارة جديدة,27534,15292.0,19920,1101.0,142.0,163.0,نعم
2412.0,ضحك ونكت,TikTok,كوميدي,صورة,2025-03-09,تحدي جديد بين المتابعين,44830,23212.0,49161,1566.0,218.0,31.0,
3555.0, أخبار مصر الآن,يوتيوب,اخبار,صور,,بيان رسمي حول القرار الأخير,51193,12984.0,15951,1080.0,72.0,101.0,نعم
3813.0,كوميديا العرب  ,انستغرام,كوميدي,ستوري ,06/05/2025,نكت وضحك من غير توقف,199208,66248.0,71963,,89.0,69.0,
3914.0,أخبار مصر الآن  ,تويتر(X),أخبار,ستوري,26/11/2024,بيان رسمي حول القرار الأخير,124357,10450.0,16148,282.0,13.0,20.0,1
1931.0,ملعب مصر,tiktok,رياضة,نص,2024-12-19,أخبار الانتقالات الصيفية,82988,16266.0,20340,1122.0,163.0,43.0,0
2472.0,تكنولوجيا  بلس,تيك توك,تقنية,ستوري,05/04/2024,مراجعة كاملة لأحدث هاتف صدر هذا الشهر,25631,3629.0,3842,172.0,20.0,18.0,Yes
573.0,ملعب مصر  ,فيسبوك,Sports,story,2025-12-09,أهم أحداث مباراة اليوم بالتفصيل,45772,4892.0,7252,396.0,14.0,3.0,
446.0,موضة  اليوم,X,أزياء,ستوري,06/04/2024,إطلالات بسيطة وأنيقة لكل يوم,14491,4828.0,5762,42.0,1.0,7.0,
2766.0,موضة اليوم ✅,يوتيوب,موضة ,ريلز,27-04-2024,موديلات جديدة من أشهر الماركات,56662,4766.0,9673,132.0,11.0,24.0,Yes
4195.0,بوابة الأحداث,tiktok,News,reels,2024-12-15,تفاصيل جديدة حول الحدث الذي شغل الرأي العام,18557,7054.0,11935,184.0,21.0,34.0,0
1556.0, أزياء العرب,youtube,موضة ,text,2025-10-09,موديلات جديدة من أشهر الماركات,61751,25985.0,32360,2058.0,81.0,55.0,
3927.0,موضة  اليوم,YouTube,أزياء,ريلز,2024-02-19,أحدث صيحات الموضة لهذا الموسم,7179,2009.0,2987,18.0,2.0,0.0,
3154.0,أكاديمية المعرفة ✅,تويتر (X),Education,فيديو,2024-03-07,دورة مجانية لتعلم أساسيات البرمجة,23601,9309.0,18458,701.0,91.0,32.0,
884.0,عالم الطبخ ✅,FB,Food,صور,11/09/2025,طريقة عمل الكنافة بالقشطة خطوة بخطوة,18274,8453.0,15486,,60.0,51.0,
2196.0,تكنولوجيا  بلس,TikTok,Tech,ستوري ,2025-06-06,مقارنة بين أفضل اللابتوبات لعام هذا,8142,582.0,810,38.0,2.0,0.0,Yes
610.0,ملعب  مصر,فيس بوك,رياضة,video,2025-03-11,أهم أحداث مباراة اليوم بالتفصيل,4422,1231.0,1266,35.0,1.0,6.0,نعم
3361.0,اليوم  السابع  نيوز,تويتر (X),News,text,14/09/2025,تغطية مباشرة لفعاليات المؤتمر,69480,26854.0,48379,673.0,68.0,88.0,No
1499.0,كوميديا  العرب,تويتر(X),Entertainment,text,2024-07-17,أفضل خمس مشاهد كوميدية هذا العام,124300,25397.0,42366,"1,436",180.0,179.0,No
3658.0,موضة اليوم,Instagram,أزياء,image,2024-12-22,أفكار تنسيق ملابس اقتصادية,70357,6483.0,11123,593.0,41.0,20.0,0
3236.0, بوابة الأحداث,Facebook,اخبار,فديو,2024-05-23,ملخص أهم الأخبار المحلية اليوم,31482,3434.0,4261,,35.0,6.0,
2873.0,ستايل بنات,يوتيوب ,موضة,فيديو ,2025-06-07,أحدث صيحات الموضة لهذا الموسم,296851,15291.0,22001,280.0,23.0,18.0,No
376.0,كورة كل يوم  ,Instagram,Sports,ستوري,2025-07-04,أهم أحداث مباراة اليوم بالتفصيل,37034,2209.0,2986,167.0,10.0,13.0,
2806.0,ستايل بنات ✅,تويتر (X),موضة,Reel,2025-08-02,إطلالات بسيطة وأنيقة لكل يوم,28467,4843.0,8627,334.0,41.0,25.0,
1618.0,منصة التعليم ✅,tiktok,تعليم,فديو,2024-08-22,خطوات عملية لتعلم مهارة جديدة,6798,623.0,1142,15.0,0.0,2.0,لا
692.0,أكاديمية  المعرفة,tiktok,تعليم,صور,08-12-2024,كيف تذاكر بفعالية قبل الامتحانات,15767,5642.0,11450,356.0,51.0,52.0,No
2674.0,جادجت العرب,تيك توك,Tech,ريلز,2025-07-01,مراجعة كاملة لأحدث هاتف صدر هذا الشهر,90792,49239.0,95807,812.0,121.0,100.0,1
2657.0,أخبار مصر الآن,فيسبوك ,أخبار,فيديو ,03/10/2025,آخر التطورات في الساعات الماضية,27413,15167.0,31220,118.0,12.0,18.0,1
1471.0,بوابة الأحداث,FB,أخبار,story,2024-02-15,آخر التطورات في الساعات الماضية,45883,11943.0,25336,532.0,41.0,62.0,نعم
3591.0,اليوم السابع نيوز  ,فيسبوك,اخبار,فيديو,,ملخص أهم الأخبار المحلية اليوم,10641,4206.0,7194,21.0,0.0,0.0,1
1534.0,عالم التقنية,فيسبوك ,Tech,image,11/09/2025,نصائح لحماية حسابك من الاختراق,129217,52060.0,65147,342,32.0,60.0,
1788.0,تكنولوجيا بلس,تيكتوك,تقنية,منشور نصي,25/09/2024,خمس تطبيقات تساعدك في تنظيم وقتك,60819,19875.0,41965,1430.0,211.0,206.0,1
2734.0, اليوم السابع نيوز,يوتيوب ,اخبار,story,2025-07-24,تفاصيل جديدة حول الحدث الذي شغل الرأي العام,426349,203164.0,429975,8668.0,734.0,739.0,0
4128.0,موضة  اليوم,Twitter,موضة,story,2025-07-11,أفكار تنسيق ملابس اقتصادية,51425,23574.0,28541,835.0,64.0,157.0,لا
1211.0,أكاديمية المعرفة,tiktok,تعليم ,صور,13-06-2024,دورة مجانية لتعلم أساسيات البرمجة,55405,26903.0,31008,913.0,48.0,54.0,
1996.0,اليوم السابع نيوز ✅,youtube,أخبار,صوره,2025-02-16,ملخص أهم الأخبار المحلية اليوم,16262,2689.0,3748,253.0,12.0,5.0,
3131.0, اتعلم اونلاين,تويتر(X),تعليم,فيديو,2024-04-07,خطوات عملية لتعلم مهارة جديدة,9543,4018.0,7771,280.0,35.0,16.0,No
3514.0,ستايل بنات,انستغرام,موضة,story,08/12/2025,إطلالات بسيطة وأنيقة لكل يوم,21383,2183.0,3657,184.0,7.0,20.0,
137.0,أخبار مصر الآن,إنستغرام,اخبار,ستوري ,,تفاصيل جديدة حول الحدث الذي شغل الرأي العام,68350,13648.0,23314,404,56.0,14.0,
547.0,موضة اليوم ✅,Facebook,موضة ,ستوري ,2024-01-25,أحدث صيحات الموضة لهذا الموسم,22391,1411.0,2824,108.0,5.0,18.0,
1916.0,ستايل بنات,youtube,موضة,video,2025-10-20,أحدث صيحات الموضة لهذا الموسم,58380,33843.0,38833,1074.0,107.0,181.0,
2533.0,أكاديمية المعرفة,TikTok,تعليم,صور,2025-05-19,شرح مبسط لأهم قواعد اللغة العربية,93831,38120.0,70606,2914.0,136.0,576.0,
1943.0,مطبخ سارة ✅,يوتيوب ,أكل وطبخ,منشور نصي,2024-12-10,حلويات رمضان بمكونات بسيطة,104903,22000.0,30011,1502.0,139.0,86.0,
1704.0,اتعلم اونلاين,insta,تعليم ,video,,شرح مبسط لأهم قواعد اللغة العربية,54507,7081.0,11022,489.0,50.0,9.0,لا
1716.0,أخبار مصر الآن  ,tiktok,News,ريلز,20/06/2024,آخر التطورات في الساعات الماضية,17998,5927.0,13027,364.0,48.0,57.0,No
191.0,تكنولوجيا بلس  ,Facebook,تقنيه,نص,2025-10-16,كل ما تريد معرفته عن الذكاء الاصطناعي,9949,4729.0,5471,430.0,21.0,10.0,No
3785.0,عالم الطبخ,فيس بوك,أكل وطبخ,ريلز,2024-09-16,أسرار المطبخ اللي محدش بيقولهالك,7908,4320.0,5852,17.0,0.0,1.0,1
3921.0, أخبار الرياضة,TikTok,كورة,صورة,2024-11-18,تشكيلة المنتخب المتوقعة في المباراة القادمة,16374,3440.0,5834,256.0,16.0,25.0,نعم
4068.0, أخبار الرياضة,تويتر(X),كورة,منشور نصي,,أهم أحداث مباراة اليوم بالتفصيل,13995,6735.0,13681,387.0,50.0,57.0,نعم
877.0,موضة  اليوم,فيس بوك,موضة,video,26/05/2024,أفكار تنسيق ملابس اقتصادية,75571,30835.0,61343,1029.0,57.0,201.0,No
4022.0,تكنولوجيا بلس,X,تقنية,منشور نصي,2024-11-08,نصائح لحماية حسابك من الاختراق,10312,1386.0,2927,77.0,10.0,6.0,
796.0,أكاديمية  المعرفة,YouTube,تعليم,reels,,كيف تذاكر بفعالية قبل الامتحانات,19976,3776.0,4080,130.0,13.0,19.0,لا
1701.0,وصفات ماما,Facebook, طبخ,فديو,2024-11-23,أسرار المطبخ اللي محدش بيقولهالك,17143,2633.0,4214,167.0,17.0,11.0,No
1196.0,اتعلم اونلاين ✅,insta,Education,ستوري,30/07/2025,دورة مجانية لتعلم أساسيات البرمجة,9849,1336.0,2747,56.0,1.0,5.0,نعم
4147.0,أخبار مصر الآن ✅,يوتيوب ,اخبار,Reel,13/02/2025,آخر التطورات في الساعات الماضية,17936,7737.0,8299,472,17.0,29.0,
3834.0,أكاديمية المعرفة ✅,يوتيوب,تعليم ,reels,,نصائح للطلاب الجدد في الجامعة,44519,22627.0,41651,308.0,13.0,16.0,
3093.0, تكنولوجيا بلس,تويتر (X),تقنيه,منشور نصي,29/12/2025,مراجعة كاملة لأحدث هاتف صدر هذا الشهر,38684,5164.0,5453,239.0,14.0,13.0,No
126.0,,تويتر(X),ترفيه,منشور نصي,2025-10-08,أفضل خمس مشاهد كوميدية هذا العام,10392,3893.0,5145,228.0,20.0,21.0,نعم
2797.0, عالم التقنية,فيسبوك ,تقنية,ستوري,2024-10-18,مقارنة بين أفضل اللابتوبات لعام هذا,6586,2010.0,2801,96.0,9.0,19.0,
3916.0, وصفات ماما,تويتر(X),طبخ,story,2024-10-09,طريقة عمل الكنافة بالقشطة خطوة بخطوة,12831,3783.0,8136,194.0,21.0,9.0,
2865.0,وصفات ماما ✅,insta,أكل وطبخ,صورة,2025-04-18,طريقة عمل الكنافة بالقشطة خطوة بخطوة,10386,3814.0,7985,324.0,22.0,8.0,Yes
2313.0,ملعب مصر  ,Instagram,رياضة,منشور نصي,01/01/2024,أفضل اللقطات من الجولة الأخيرة,73534,20528.0,28273,789.0,23.0,82.0,No
2235.0,بوابة  الأحداث,FB,أخبار,story,16/02/2024,ملخص أهم الأخبار المحلية اليوم,25114,5743.0,9306,57.0,2.0,10.0,0
2786.0,اتعلم اونلاين  ,يوتيوب ,تعليم ,ستوري ,2025-02-10,كيف تذاكر بفعالية قبل الامتحانات,60573,,27927,244.0,25.0,33.0,
1694.0,كوميديا العرب  ,إنستغرام,Entertainment,منشور نصي,2025-07-14,نكت وضحك من غير توقف,177982,83688.0,113057,726.0,54.0,63.0,
3571.0,كوميديا العرب ✅,insta,ترفيه,image,2025-09-19,أطرف المواقف اللي حصلت الأسبوع ده,379420,146133.0,273535,7434.0,590.0,1012.0,
1257.0,فوازير  رمضان,إنستغرام,كوميدي,صوره,15/02/2025,أفضل خمس مشاهد كوميدية هذا العام,107497,22457.0,24781,1901.0,180.0,305.0,No
1733.0,ملعب  مصر,يوتيوب,رياضة,image,2024-03-24,أهم أحداث مباراة اليوم بالتفصيل,6509,450.0,742,14.0,1.0,2.0,
3491.0,ملعب مصر ✅,youtube,كورة,صورة,19-06-2024,تحليل فني لأداء الفريق هذا الموسم,18727,9349.0,11694,351.0,32.0,34.0,
700.0,فوازير رمضان ✅,يوتيوب,Entertainment,صورة,21-09-2024,أفضل خمس مشاهد كوميدية هذا العام,52085,16454.0,24927,143.0,18.0,7.0,
2999.0,أخبار مصر الآن,فيسبوك ,أخبار,فديو,2025-06-15,ملخص أهم الأخبار المحلية اليوم,59471,20876.0,32389,776,38.0,23.0,
1381.0,ملعب مصر  ,Twitter,رياضة,صور,27-08-2025,أفضل اللقطات من الجولة الأخيرة,5242,1620.0,3211,29.0,3.0,5.0,
1959.0, عالم الطبخ,تويتر (X),طبخ ,story,23/02/2025,طريقة عمل الكنافة بالقشطة خطوة بخطوة,14428,1359.0,1614,36.0,4.0,7.0,Yes
2554.0,جادجت  العرب,تويتر(X),تقنيه,video,,  نصائح لحماية حسابك من الاختراق   ,112987,34281.0,73586,1352.0,67.0,62.0,
1635.0, أخبار مصر الآن,insta,News,ستوري,2024-04-12,  تغطية مباشرة لفعاليات المؤتمر   ,37461,20142.0,36352,1485.0,,244.0,
135.0,اتعلم اونلاين,Instagram,تعليم ,فديو,24/03/2025,نصائح للطلاب الجدد في الجامعة,20421,6596.0,11320,260.0,8.0,6.0,0
1777.0, أخبار الرياضة,انستجرام,Sports,Reel,2025-03-24,أهم أحداث مباراة اليوم بالتفصيل,45871,6516.0,14166,201.0,16.0,35.0,
393.0,وصفات ماما ✅,TikTok,أكل وطبخ,ستوري ,2024-04-15,أسرار المطبخ اللي محدش بيقولهالك,18970,5043.0,9607,546.0,51.0,42.0,1
141.0, ضحك ونكت,Twitter,ترفيه,فيديو ,2025-09-22,أطرف المواقف اللي حصلت الأسبوع ده,12319,6879.0,14894,617.0,81.0,105.0,نعم
3178.0,كورة كل يوم ✅,يوتيوب,رياضة ,ستوري,13/03/2024,أخبار الانتقالات الصيفية,46896,9774.0,19048,159.0,19.0,14.0,
508.0,ضحك ونكت,فيس بوك,Entertainment,image,2025-10-23,تحدي جديد بين المتابعين,203759,91391.0,103629,4880.0,,400.0,Yes
1424.0,بوابة الأحداث,insta,News,story,2024-01-04,بيان رسمي حول القرار الأخير,14094,8095.0,8615,569.0,46.0,29.0,نعم
245.0,أكاديمية المعرفة  ,Instagram,تعليم ,صوره,22/07/2025,نصائح للطلاب الجدد في الجامعة,18600,7969.0,12153,255.0,6.0,46.0,1
1963.0,تكنولوجيا بلس  ,insta,تقنية,image,08/05/2024,كل ما تريد معرفته عن الذكاء الاصطناعي,25497,1839.0,3501,98,3.0,16.0,
1662.0,فوازير رمضان  ,تويتر(X),Entertainment,ريلز,31/01/2024,نكت وضحك من غير توقف,47810,12804.0,27911,832.0,46.0,60.0,No
986.0,مطبخ سارة,Twitter,Food,صورة,2025-09-30,وصفة سريعة ولذيذة لعشاء اليوم,39861,8190.0,12719,447.0,37.0,67.0,
3769.0,ملعب مصر,إنستغرام,رياضة,فديو,2024-04-17,أهم أحداث مباراة اليوم بالتفصيل,38589,21371.0,45623,445.0,50000.0,7.0,
2143.0, أخبار مصر الآن,tiktok,أخبار,ستوري ,2025-02-18,تفاصيل جديدة حول الحدث الذي شغل الرأي العام,82131,33180.0,42883,231.0,19.0,15.0,
301.0,عالم التقنية,تويتر (X),Tech,منشور نصي,12/01/2024,خمس تطبيقات تساعدك في تنظيم وقتك,22819,3335.0,6759,97.0,5.0,12.0,
3531.0,فوازير رمضان ✅,Twitter,ترفيه,صور,2025-12-12,تحدي جديد بين المتابعين,76603,8630.0,11896,101.0,13.0,16.0,
1604.0,أخبار مصر الآن,تويتر (X),أخبار,منشور نصي,12/04/2024,بيان رسمي حول القرار الأخير,21301,3484.0,7538,25.0,1.0,0.0,
1741.0,موضة اليوم,FB,موضة ,صوره,2025-12-07,أحدث صيحات الموضة لهذا الموسم,38691,17230.0,21682,1401.0,103.0,212.0,لا
3321.0,كوميديا العرب,انستجرام,كوميدي,فيديو,20/11/2024,تحدي جديد بين المتابعين,38416,11193.0,14830,190.0,16.0,4.0,No
2348.0,موضة اليوم,insta,موضة,فديو,,أفكار تنسيق ملابس اقتصادية,12616,5220.0,7255,261.0,16.0,44.0,نعم
2270.0,منصة التعليم,FB,تعليم ,ستوري,29-07-2024,نصائح للطلاب الجدد في الجامعة,15085,3595.0,6042,102,12.0,4.0,نعم
2146.0,اتعلم اونلاين  ,TikTok,Education,Reel,18/03/2025,شرح مبسط لأهم قواعد اللغة العربية,42033,5665.0,8745,494.0,66.0,23.0,No
1390.0,وصفات ماما  ,tiktok,طبخ,فيديو,09/05/2025,طريقة عمل الكنافة بالقشطة خطوة بخطوة,141516,48076.0,66347,1025.0,98.0,55.0,
3287.0,ضحك ونكت ✅,تيكتوك,Entertainment,ستوري,2024-12-14,أفضل خمس مشاهد كوميدية هذا العام,14530,3170.0,5432,122.0,11.0,4.0,نعم
1906.0,موضة اليوم,X,موضة ,story,2024-05-17,أحدث صيحات الموضة لهذا الموسم,18088,1250.0,1953,41.0,4.0,8.0,1
2736.0,ملعب  مصر,تويتر(X),رياضة ,فديو,2025-12-13,أخبار الانتقالات الصيفية,74912,37804.0,50102,2523.0,154.0,102.0,
1380.0, أخبار مصر الآن,تويتر,أخبار,نص,2025-01-19,بيان رسمي حول القرار الأخير,34301,18135.0,30283,550.0,13.0,90.0,نعم
2541.0,منصة التعليم,FB,تعليم ,فديو,31/03/2024,شرح مبسط لأهم قواعد اللغة العربية,21857,8287.0,12007,260.0,36.0,39.0,
2669.0,منصة التعليم ✅,Instagram,تعليم ,منشور نصي,2025-12-06,شرح مبسط لأهم قواعد اللغة العربية,30504,15309.0,30814,1317.0,81.0,35.0,
2468.0,ستايل بنات ✅,تويتر (X),موضة ,منشور نصي,2024-11-16,أحدث صيحات الموضة لهذا الموسم,74938,8070.0,16515,391.0,10.0,32.0,لا
3095.0, عالم التقنية,تيكتوك,تكنولوجيا,reels,2025-04-02,مقارنة بين أفضل اللابتوبات لعام هذا,43856,25122.0,29587,2569.0,240.0,277.0,
1494.0,جادجت  العرب,فيس بوك,تقنية,صورة,2024-12-11,مقارنة بين أفضل اللابتوبات لعام هذا,144812,78104.0,143740,"1,699",143.0,34.0,
3709.0,أخبار مصر الآن ✅,Instagram,أخبار,فيديو ,02/08/2025,تغطية مباشرة لفعاليات المؤتمر,60455,26218.0,28627,1759.0,124.0,83.0,
1233.0,منصة التعليم ✅,YouTube,Education,فديو,,نصائح للطلاب الجدد في الجامعة,49536,18649.0,22323,355.0,25.0,18.0,No
1141.0,عالم التقنية,تيكتوك,Tech,Reel,2025-12-06,كل ما تريد معرفته عن الذكاء الاصطناعي,105385,19864.0,43248,1377.0,42.0,61.0,
3480.0,عالم التقنية,Twitter,تقنية,فيديو ,23-03-2024,نصائح لحماية حسابك من الاختراق,26639,2392.0,2700,171.0,10.0,17.0,
2421.0,منصة  التعليم,FB,تعليم,reels,2025-11-20,دورة مجانية لتعلم أساسيات البرمجة,160240,89206.0,116147,2706.0,297.0,520.0,Yes
2475.0, عالم الطبخ,YouTube, طبخ,ستوري ,15/07/2024,وصفة سريعة ولذيذة لعشاء اليوم,161448,46089.0,60666,3464.0,99.0,277.0,
4083.0,أزياء العرب  ,إنستغرام,موضة ,صورة,2025-04-04,موديلات جديدة من أشهر الماركات,20307,3923.0,4885,113.0,14.0,19.0,1
542.0,موضة اليوم,YouTube,أزياء,فيديو ,2024-12-19,نصائح لاختيار الألوان المناسبة لبشرتك,41922,24363.0,35915,1596.0,171.0,260.0,لا
2556.0,عالم التقنية  ,YouTube,Tech,صور,2025-05-01,خمس تطبيقات تساعدك في تنظيم وقتك,45486,6286.0,13033,217.0,26.0,41.0,
3245.0,وصفات ماما ✅,انستغرام,أكل وطبخ,فيديو ,16/10/2025,أسرار المطبخ اللي محدش بيقولهالك,48352,24141.0,37952,2232.0,257.0,351.0,No
4026.0,أزياء العرب ✅,انستغرام,أزياء,Reel,2024-01-03,أفكار تنسيق ملابس اقتصادية,35289,5862.0,8667,73.0,7.0,3.0,
3840.0, كورة كل يوم,تيك توك,Sports,Reel,2024-01-23,أهم أحداث مباراة اليوم بالتفصيل,33228,16301.0,34191,657.0,25.0,92.0,
929.0,أخبار الرياضة  ,تويتر (X),رياضة ,ستوري ,2024-11-21,تشكيلة المنتخب المتوقعة في المباراة القادمة,17001,8071.0,8802,623.0,60.0,16.0,
10.0,منصة التعليم  ,تويتر(X),تعليم ,ريلز,20/08/2025,خطوات عملية لتعلم مهارة جديدة,26873,3426.0,6723,46.0,5.0,2.0,No
890.0,مطبخ سارة  ,انستغرام,طبخ,منشور نصي,2024-01-18,حلويات رمضان بمكونات بسيطة,7666,2713.0,3086,42,2.0,0.0,
3175.0,موضة  اليوم,يوتيوب,موضة ,Reel,2024-04-12,  موديلات جديدة من أشهر الماركات   ,52574,2733.0,3092,78.0,10.0,13.0,
3390.0,عالم التقنية  ,فيس بوك,تقنيه,ريلز,27-03-2024,خمس تطبيقات تساعدك في تنظيم وقتك,19100,5179.0,9314,354.0,7.0,55.0,
2996.0,كوميديا العرب  ,Twitter,ترفيه,image,17-08-2025,أطرف المواقف اللي حصلت الأسبوع ده,80625,41533.0,43873,2691.0,,279.0,
3812.0,منصة  التعليم,تيك توك,Education,story,31/07/2024,كيف تذاكر بفعالية قبل الامتحانات,44345,20677.0,27998,268.0,18.0,5.0,No
2899.0,اتعلم اونلاين  ,Twitter,Education,story,2025-02-10,شرح مبسط لأهم قواعد اللغة العربية,32619,15785.0,17177,350.0,50.0,8.0,
737.0,وصفات  ماما,تويتر (X), طبخ,فيديو ,2024-11-16,طريقة عمل الكنافة بالقشطة خطوة بخطوة,232500,105377.0,231250,3270.0,292.0,284.0,نعم
2757.0, أخبار الرياضة,إنستغرام,رياضة ,فيديو,31/07/2024,أهم أحداث مباراة اليوم بالتفصيل,32161,17350.0,27084,1302.0,83.0,234.0,نعم
2389.0,ضحك ونكت,تيك توك,ترفيه,Reel,2025-10-16,أطرف المواقف اللي حصلت الأسبوع ده,148662,52396.0,69349,3538.0,407.0,445.0,No
340.0,وصفات ماما ✅,تويتر (X),طبخ,text,17-10-2025,حلويات رمضان بمكونات بسيطة,21106,7529.0,10666,354.0,27.0,45.0,نعم
316.0,أخبار الرياضة,tiktok,كورة,صور,2025-02-16,أخبار الانتقالات الصيفية,30458,5784.0,8295,212.0,8.0,13.0,
462.0,جادجت العرب,tiktok,Tech,text,2025-07-17,كل ما تريد معرفته عن الذكاء الاصطناعي,15350,8435.0,16114,535.0,72.0,64.0,
898.0,عالم الطبخ  ,تويتر (X), طبخ,text,2025-05-03,أكلة اقتصادية وسهلة التحضير,61044,35485.0,41047,1034.0,50.0,163.0,
2640.0,أخبار الرياضة,يوتيوب,كورة,ستوري,24/07/2025,أهم أحداث مباراة اليوم بالتفصيل,10031,5533.0,11397,572,62.0,66.0,
885.0,تكنولوجيا  بلس,youtube,Tech,text,20/10/2024,مراجعة كاملة لأحدث هاتف صدر هذا الشهر,111509,47537.0,97875,1281.0,35.0,229.0,1
1882.0,ستايل  بنات,إنستغرام,أزياء,image,2025-02-09,موديلات جديدة من أشهر الماركات,26703,4298.0,4661,282.0,27.0,39.0,1
179.0, أكاديمية المعرفة,تيكتوك,تعليم,reels,16/09/2025,شرح مبسط لأهم قواعد اللغة العربية,147171,9915.0,21054,88.0,9.0,15.0,No
1107.0,,فيسبوك,أخبار,image,2025-10-23,تفاصيل جديدة حول الحدث الذي شغل الرأي العام,5180,2414.0,3159,126.0,16.0,11.0,
2836.0,عالم التقنية,youtube,تقنيه,image,2025-02-14,  كل ما تريد معرفته عن الذكاء الاصطناعي   ,43401,23806.0,50043,1312.0,33.0,153.0,نعم
3290.0,أكاديمية  المعرفة,YouTube,تعليم,منشور نصي,03-10-2024,كيف تذاكر بفعالية قبل الامتحانات,13131,903.0,1799,73.0,8.0,14.0,1
803.0,ملعب  مصر,انستجرام,رياضة ,صور,2025-05-13,أخبار الانتقالات الصيفية,44777,25111.0,40079,1992.0,223.0,296.0,لا
3256.0,عالم التقنية,youtube,تقنية,,2024-06-06,نصائح لحماية حسابك من الاختراق,101901,19317.0,28631,"1,231",39.0,244.0,
2976.0,منصة التعليم ✅,YouTube,تعليم ,ريلز,2025-11-20,خطوات عملية لتعلم مهارة جديدة,62638,19476.0,39652,296.0,31.0,5.0,
133.0,موضة اليوم  ,تيك توك,أزياء,صورة,2025-05-12,إطلالات بسيطة وأنيقة لكل يوم,19702,4113.0,5868,259.0,24.0,26.0,Yes
1490.0,تكنولوجيا  بلس,youtube,Tech,ريلز,02-05-2024,مراجعة كاملة لأحدث هاتف صدر هذا الشهر,65161,28923.0,40877,2031.0,256.0,70.0,No
207.0,فوازير رمضان,Instagram,ترفيه,صورة,05/05/2025,أفضل خمس مشاهد كوميدية هذا العام,96932,32520.0,51219,-190.0,13.0,16.0,1
3963.0,اليوم السابع نيوز,insta,أخبار,Reel,2025-11-01,بيان رسمي حول القرار الأخير,30103,6319.0,12437,298.0,33.0,23.0,Yes
3318.0,فوازير رمضان,انستغرام,ترفيه,image,03/08/2025,نكت وضحك من غير توقف,19749,11349.0,12890,322.0,46.0,14.0,نعم
1872.0,عالم  التقنية,FB,تقنية,فيديو ,2025-02-19,نصائح لحماية حسابك من الاختراق,38998,22201.0,26722,94.0,4.0,,0
1771.0,ضحك ونكت  ,فيسبوك,كوميدي,نص,2025-01-05,أفضل خمس مشاهد كوميدية هذا العام,37579,6530.0,9748,560.0,35.0,27.0,
940.0,منصة  التعليم,يوتيوب ,تعليم ,image,15-11-2024,شرح مبسط لأهم قواعد اللغة العربية,116106,67212.0,92444,886.0,24.0,,
70.0,اتعلم اونلاين,X,Education,فيديو ,2024-10-25,شرح مبسط لأهم قواعد اللغة العربية,21466,4727.0,9343,263.0,36.0,43.0,1
3114.0, ضحك ونكت,تويتر,Entertainment,منشور نصي,05/11/2024,مقاطع مضحكة من كواليس التصوير,31406,7628.0,11578,552.0,69.0,83.0,Yes
2659.0,وصفات ماما ✅,انستغرام, طبخ,ستوري ,,طريقة عمل الكنافة بالقشطة خطوة بخطوة,40666,3042.0,4530,158.0,15.0,20.0,نعم
548.0,عالم الطبخ,YouTube, طبخ,reels,2024-05-13,حلويات رمضان بمكونات بسيطة,19689,11017.0,16564,73.0,6.0,6.0,Yes
3889.0,موضة  اليوم,تيك توك,أزياء,,21-05-2025,موديلات جديدة من أشهر الماركات,472198,48593.0,76446,3676.0,321.0,243.0,
1904.0, أخبار مصر الآن,Facebook,اخبار,فديو,2024-02-05,تغطية مباشرة لفعاليات المؤتمر,18255,6826.0,8908,188.0,19.0,6.0,
980.0,فوازير رمضان ✅,إنستغرام,Entertainment,reels,2025-01-19,أطرف المواقف اللي حصلت الأسبوع ده,17606,3880.0,4279,58,6.0,1.0,Yes
593.0,فوازير رمضان ✅,YouTube,Entertainment,text,05-12-2024,تحدي جديد بين المتابعين,44917,10780.0,21167,457.0,42.0,83.0,
3917.0,وصفات  ماما,تيك توك,طبخ ,صوره,21/07/2025,وصفة سريعة ولذيذة لعشاء اليوم,11317,2090.0,2101,159.0,4.0,4.0,1
572.0,بوابة الأحداث,Instagram,News,منشور نصي,,تفاصيل جديدة حول الحدث الذي شغل الرأي العام,17814,7406.0,12352,215.0,6.0,36.0,
119.0,ملعب  مصر,tiktok,رياضة ,نص,2024-10-23,أهم أحداث مباراة اليوم بالتفصيل,17803,8483.0,13097,430.0,31.0,50.0,نعم
2756.0,أخبار مصر الآن,انستغرام,أخبار,reels,,ملخص أهم الأخبار المحلية اليوم,48517,11015.0,21789,712.0,84.0,124.0,
1429.0,كوميديا العرب,youtube,كوميدي,فديو,05-09-2025,أفضل خمس مشاهد كوميدية هذا العام,80078,26949.0,42717,"1,687",57.0,280.0,لا
196.0, عالم الطبخ,يوتيوب ,طبخ ,video,02/03/2024,أكلة اقتصادية وسهلة التحضير,34988,7833.0,12600,50.0,7.0,9.0,
3373.0,ستايل بنات,تويتر(X),موضة ,صور,2025-10-14,أحدث صيحات الموضة لهذا الموسم,85960,32921.0,42563,834.0,95.0,42.0,1
4163.0,مطبخ سارة,انستغرام,Food,Reel,17/11/2024,حلويات رمضان بمكونات بسيطة,8745,898.0,1756,14.0,1.0,1.0,
859.0,وصفات ماما ✅,TikTok,,صورة,2024-07-15,أكلة اقتصادية وسهلة التحضير,71033,9545.0,13743,302.0,37.0,43.0,نعم
1115.0,أزياء  العرب,insta,أزياء,text,2024-10-27,أفكار تنسيق ملابس اقتصادية,4549,1351.0,2276,57.0,6.0,7.0,نعم
3945.0,اليوم السابع نيوز,فيسبوك ,News,فيديو,2024-07-06,تفاصيل جديدة حول الحدث الذي شغل الرأي العام,12051,4891.0,7627,279,35.0,39.0,لا
869.0,اتعلم اونلاين ✅,TikTok,Education,صورة,30-07-2024,كيف تذاكر بفعالية قبل الامتحانات,50355,26549.0,40315,2408.0,92.0,202.0,Yes
3955.0,ملعب  مصر,تويتر (X),رياضة,story,,أفضل اللقطات من الجولة الأخيرة,65465,7668.0,13393,523.0,68.0,84.0,نعم
297.0, جادجت العرب,Twitter,تكنولوجيا,فيديو ,23/08/2025,كل ما تريد معرفته عن الذكاء الاصطناعي,13272,4102.0,8146,176.0,14.0,29.0,
3382.0,أكاديمية المعرفة,فيس بوك,تعليم ,فديو,16/06/2024,شرح مبسط لأهم قواعد اللغة العربية,41274,7059.0,14376,242.0,23.0,2.0,لا
277.0,ستايل بنات,تويتر(X),موضة,ستوري,2025-01-12,أفكار تنسيق ملابس اقتصادية,28955,5778.0,11043,298.0,8.0,30.0,No
4035.0, موضة اليوم,YouTube,أزياء,صور,21/05/2025,أحدث صيحات الموضة لهذا الموسم,8871,2887.0,3406,218.0,6.0,39.0,
3782.0, كوميديا العرب,فيس بوك,Entertainment,صوره,2025-04-10,أطرف المواقف اللي حصلت الأسبوع ده,164578,58219.0,64468,4027.0,483.0,109.0,No
2851.0,وصفات ماما ✅,تويتر (X), طبخ,ريلز,2024-01-29,أسرار المطبخ اللي محدش بيقولهالك,84965,10725.0,16990,240.0,27.0,26.0,1
1001.0,ملعب مصر ✅,فيسبوك,رياضة ,Reel,2025-03-25,تحليل فني لأداء الفريق هذا الموسم,96155,39812.0,60548,3801.0,135.0,422.0,
562.0, اليوم السابع نيوز,TikTok,أخبار,ستوري ,2024-05-03,تغطية مباشرة لفعاليات المؤتمر,130465,27624.0,34595,1801.0,238.0,53.0,Yes
2838.0,منصة التعليم,فيسبوك ,تعليم ,فيديو,,كيف تذاكر بفعالية قبل الامتحانات,22718,7899.0,15424,492.0,53.0,36.0,
3260.0, أزياء العرب,X,موضة ,reels,2025-05-19,أفكار تنسيق ملابس اقتصادية,11555,6633.0,11607,448.0,10.0,59.0,1
1209.0,منصة التعليم  ,YouTube,تعليم,Reel,,نصائح للطلاب الجدد في الجامعة,10462,1969.0,2379,213.0,10.0,15.0,نعم
1551.0,كوميديا العرب,فيسبوك,Entertainment,reels,,تحدي جديد بين المتابعين,58185,6448.0,11305,137.0,12.0,24.0,0
189.0,ملعب  مصر,Twitter,Sports,image,,أهم أحداث مباراة اليوم بالتفصيل,20945,12237.0,14894,1006.0,52.0,176.0,1
4008.0,أخبار مصر الآن  ,فيسبوك,اخبار,نص,19/01/2025,تفاصيل جديدة حول الحدث الذي شغل الرأي العام,44982,4915.0,6134,150.0,15.0,2.0,
194.0,موضة اليوم,يوتيوب ,موضة,فيديو ,2025-05-15,موديلات جديدة من أشهر الماركات,84984,43706.0,85961,2994.0,139.0,93.0,
3905.0,أزياء العرب,فيسبوك,أزياء,ستوري ,20/06/2025,أحدث صيحات الموضة لهذا الموسم,11470,5826.0,12053,185.0,20.0,29.0,
2387.0,اليوم السابع نيوز,تيك توك,اخبار,ستوري ,2024-04-05,تغطية مباشرة لفعاليات المؤتمر,210318,100412.0,161373,5682.0,481.0,713.0,
496.0, ملعب مصر,insta,Sports,image,28/05/2024,أهم أحداث مباراة اليوم بالتفصيل,8908,2438.0,3398,126.0,4.0,5.0,
2448.0,ضحك ونكت ✅,فيسبوك,كوميدي,صوره,15/06/2025,أطرف المواقف اللي حصلت الأسبوع ده,12664,7506.0,9881,109.0,12.0,7.0,
2593.0,فوازير  رمضان,youtube,كوميدي,منشور نصي,30/05/2024,مقاطع مضحكة من كواليس التصوير,75786,44880.0,58685,476.0,47.0,91.0,1
581.0,موضة اليوم,فيسبوك,أزياء,منشور نصي,2025-09-27,أحدث صيحات الموضة لهذا الموسم,25299,3011.0,6492,41.0,3.0,4.0,0
2451.0,جادجت العرب,يوتيوب ,تقنية,story,2024-04-07,نصائح لحماية حسابك من الاختراق,123579,54325.0,108350,1385.0,202.0,202.0,لا
4159.0,عالم التقنية,youtube,Tech,story,2024-02-09,كل ما تريد معرفته عن الذكاء الاصطناعي,12662,2675.0,3505,183.0,22.0,29.0,نعم
2636.0,بوابة الأحداث  ,YouTube,أخبار,فيديو,2025-02-10,تفاصيل جديدة حول الحدث الذي شغل الرأي العام,102915,33487.0,48906,1688.0,112.0,165.0,نعم
3926.0,منصة التعليم ✅,TikTok,تعليم,صور,03/04/2025,دورة مجانية لتعلم أساسيات البرمجة,61721,22995.0,28416,1257.0,39.0,19.0,
232.0,تكنولوجيا بلس  ,FB,تكنولوجيا,Reel,2025-02-22,خمس تطبيقات تساعدك في تنظيم وقتك,97933,39421.0,78328,753.0,105.0,77.0,1
3755.0,أخبار  الرياضة,Facebook,رياضة,فيديو ,2024-10-24,تحليل فني لأداء الفريق هذا الموسم,154726,21413.0,42910,1263.0,109.0,244.0,No
2078.0,وصفات  ماما,FB,طبخ,فيديو ,02-05-2025,حلويات رمضان بمكونات بسيطة,19465,7551.0,7804,685.0,17.0,51.0,Yes
2007.0,أخبار الرياضة,insta,رياضة ,صوره,2024-01-31,تحليل فني لأداء الفريق هذا الموسم,11353,6718.0,13887,481.0,21.0,90.0,نعم
1850.0,بوابة  الأحداث,تيكتوك,News,story,2024-05-19,تغطية مباشرة لفعاليات المؤتمر,59880,14405.0,27791,370.0,12.0,69.0,نعم
1560.0,كوميديا العرب  ,يوتيوب ,Entertainment,ريلز,2025-01-27,مقاطع مضحكة من كواليس التصوير,56025,4105.0,4160,154.0,,7.0,
978.0,أخبار مصر الآن  ,تويتر(X),اخبار,text,10-04-2024,بيان رسمي حول القرار الأخير,21309,6968.0,8495,423.0,39.0,63.0,1
4177.0,أزياء  العرب,TikTok,موضة ,Reel,03/04/2025,أفكار تنسيق ملابس اقتصادية,98985,18907.0,20634,137.0,8.0,12.0,لا
3635.0,بوابة الأحداث,Twitter,أخبار,Reel,,تغطية مباشرة لفعاليات المؤتمر,2888,612.0,651,36.0,4.0,1.0,
3335.0,مطبخ سارة  ,X,طبخ ,video,10/05/2025,حلويات رمضان بمكونات بسيطة,25976,11481.0,12067,146.0,14.0,8.0,Yes
4058.0,وصفات ماما  ,فيسبوك ,طبخ,Reel,,أسرار المطبخ اللي محدش بيقولهالك,688831,61507.0,116407,3544.0,202.0,584.0,
1804.0,عالم التقنية,Twitter,تقنية,video,2025-08-10,خمس تطبيقات تساعدك في تنظيم وقتك,21319,9214.0,13651,185.0,7.0,5.0,
2083.0,ستايل  بنات,YouTube,موضة ,reels,2024-05-02,أحدث صيحات الموضة لهذا الموسم,31729,11760.0,13835,982.0,134000.0,11.0,Yes
2326.0,عالم التقنية,tiktok,Tech,صوره,13/08/2024,مقارنة بين أفضل اللابتوبات لعام هذا,7070,2960.0,6160,19.0,1.0,2.0,
3744.0,أكاديمية المعرفة,يوتيوب ,تعليم,صور,02-08-2024,كيف تذاكر بفعالية قبل الامتحانات,26613,15027.0,26955,1194.0,153.0,71.0,No
755.0, تكنولوجيا بلس,تويتر(X),تقنية,ستوري,21/01/2025,خمس تطبيقات تساعدك في تنظيم وقتك,35600,8229.0,15075,552.0,69.0,36.0,0
1219.0, اليوم السابع نيوز,تيكتوك,أخبار,منشور نصي,2025-12-24,بيان رسمي حول القرار الأخير,25139,10248.0,14293,361.0,23.0,31.0,
837.0,كوميديا  العرب,يوتيوب ,ترفيه,Reel,2024-06-16,نكت وضحك من غير توقف,12145,6263.0,12515,236.0,,28.0,0
2749.0,مطبخ سارة ✅,يوتيوب ,أكل وطبخ,ستوري,25-12-2025,وصفة سريعة ولذيذة لعشاء اليوم,10676,3937.0,7402,40.0,5.0,2.0,
972.0,أكاديمية المعرفة,youtube,تعليم ,story,05/04/2025,شرح مبسط لأهم قواعد اللغة العربية,442811,164804.0,280846,"8,663",471.0,825.0,1
546.0,مطبخ سارة ✅,فيسبوك,أكل وطبخ,فديو,2024-03-10,أكلة اقتصادية وسهلة التحضير,5598,538.0,791,5.0,0.0,0.0,
3745.0,اتعلم اونلاين  ,فيسبوك ,Education,صور,2024-12-15,خطوات عملية لتعلم مهارة جديدة,106661,32746.0,47548,1462.0,,141.0,نعم
362.0,بوابة الأحداث,انستجرام,اخبار,Reel,21/05/2024,تغطية مباشرة لفعاليات المؤتمر,42292,18559.0,19955,1133.0,59.0,170.0,
1590.0,ملعب مصر,Instagram,Sports,نص,2024-01-28,أهم أحداث مباراة اليوم بالتفصيل,130775,9562.0,16426,,86.0,96.0,Yes
4014.0,كوميديا العرب,إنستغرام,كوميدي,ستوري ,2024-01-19,تحدي جديد بين المتابعين,4106,948.0,1476,94.0,7.0,17.0,1
1524.0,ستايل  بنات,تويتر(X),موضة,نص,28-07-2024,أحدث صيحات الموضة لهذا الموسم,20176,7383.0,13546,727.0,49.0,105.0,
1451.0,ملعب  مصر,انستجرام,رياضة,فيديو,24/02/2025,تشكيلة المنتخب المتوقعة في المباراة القادمة,42262,9713.0,14870,615.0,61.0,69.0,
1754.0,عالم التقنية,X,تقنية,صورة,11-07-2024,مقارنة بين أفضل اللابتوبات لعام هذا,29239,12690.0,26794,"1,162",109.0,79.0,
2971.0,جادجت  العرب,YouTube,Tech,فيديو ,2024-04-20,كل ما تريد معرفته عن الذكاء الاصطناعي,11954,1755.0,3689,29,2.0,0.0,0
269.0,أكاديمية المعرفة  ,فيسبوك,تعليم ,ريلز,2024-11-13,شرح مبسط لأهم قواعد اللغة العربية,11594,2672.0,4063,27.0,2.0,4.0,نعم
1388.0, ملعب مصر,إنستغرام,رياضة ,فيديو,2024-07-20,  أخبار الانتقالات الصيفية   ,131821,22896.0,38230,1802.0,90.0,18.0,
2560.0,مطبخ سارة,tiktok,أكل وطبخ,story,,طريقة عمل الكنافة بالقشطة خطوة بخطوة,14405,1820.0,3744,149.0,15.0,15.0,
3061.0,فوازير رمضان  ,فيسبوك ,ترفيه,ستوري,08/05/2025,أطرف المواقف اللي حصلت الأسبوع ده,32573,5652.0,6016,457.0,29.0,8.0,
3071.0,أخبار الرياضة,تويتر,Sports,image,2024-02-02,تحليل فني لأداء الفريق هذا الموسم,20349,11340.0,20989,685.0,65.0,113.0,
3327.0,ضحك ونكت,Facebook,ترفيه,video,2025-09-13,مقاطع مضحكة من كواليس التصوير,112029,17925.0,27821,496.0,59.0,76.0,0
228.0,عالم  الطبخ,تيك توك,طبخ ,image,2024-09-14,أكلة اقتصادية وسهلة التحضير,31179,3061.0,6502,151.0,10.0,14.0,
1261.0,كوميديا  العرب,تويتر(X),Entertainment,ريلز,2024-07-03,أطرف المواقف اللي حصلت الأسبوع ده,76683,20407.0,43959,905.0,101.0,172.0,
644.0,فوازير  رمضان,TikTok,كوميدي,video,2025-12-17,أفضل خمس مشاهد كوميدية هذا العام,15513,1674.0,3359,120.0,8.0,21.0,
3123.0, أخبار الرياضة,تويتر,كورة,نص,07-02-2024,تحليل فني لأداء الفريق هذا الموسم,10789,2655.0,5651,55.0,1.0,5.0,
3364.0,أكاديمية  المعرفة,تيك توك,Education,ستوري ,2025-02-26,دورة مجانية لتعلم أساسيات البرمجة,219157,97413.0,126693,5782.0,750.0,859.0,Yes
1355.0,تكنولوجيا بلس,إنستغرام,Tech,ستوري,2024-07-29,كل ما تريد معرفته عن الذكاء الاصطناعي,53407,19116.0,37230,1461.0,216.0,162.0,
3582.0,منصة التعليم,FB,Education,,01/10/2025,كيف تذاكر بفعالية قبل الامتحانات,18728,4470.0,7231,414.0,53.0,73.0,
1096.0,كورة  كل  يوم,youtube,كورة,صوره,05/11/2025,تحليل فني لأداء الفريق هذا الموسم,52075,29537.0,38776,2879.0,346.0,121.0,Yes
1484.0,تكنولوجيا بلس  ,انستجرام,Tech,image,28-07-2024,خمس تطبيقات تساعدك في تنظيم وقتك,20040,10670.0,21780,367.0,27.0,45.0,0
1011.0,عالم التقنية ✅,tiktok,تقنيه,صورة,08/09/2025,كل ما تريد معرفته عن الذكاء الاصطناعي,37400,8108.0,11635,102.0,2.0,13.0,Yes
3857.0,عالم التقنية,إنستغرام,تكنولوجيا,Reel,11/01/2024,خمس تطبيقات تساعدك في تنظيم وقتك,12526,737.0,761,29.0,2.0,2.0,
1335.0,ضحك ونكت  ,فيسبوك ,كوميدي,نص,2024-11-26,مقاطع مضحكة من كواليس التصوير,7286,1416.0,1482,51.0,1.0,2.0,
2260.0,اليوم السابع نيوز  ,انستجرام,News,ستوري ,14-07-2024,  آخر التطورات في الساعات الماضية   ,12271,920.0,1969,60.0,4.0,5.0,
1365.0,اليوم السابع نيوز  ,يوتيوب ,اخبار,فديو,2025-01-24,تغطية مباشرة لفعاليات المؤتمر,15778,5987.0,6625,52,5.0,6.0,1
2905.0,ضحك ونكت  ,انستجرام,ترفيه,ستوري,2025-02-09,نكت وضحك من غير توقف,52382,13752.0,26182,,86.0,49.0,
3463.0,تكنولوجيا بلس  ,FB,تقنيه,ريلز,17/04/2025,مراجعة كاملة لأحدث هاتف صدر هذا الشهر,73050,26251.0,54288,823.0,65.0,40.0,
2660.0,عالم  التقنية,Instagram,تكنولوجيا,صوره,2025-04-22,مراجعة كاملة لأحدث هاتف صدر هذا الشهر,80389,35555.0,68409,1927.0,257.0,287.0,لا
2392.0,كورة كل يوم,يوتيوب ,رياضة ,ريلز,,تشكيلة المنتخب المتوقعة في المباراة القادمة,108038,43073.0,48998,3627.0,381.0,143.0,
2073.0,مطبخ  سارة,فيسبوك,أكل وطبخ,text,2024-10-16,حلويات رمضان بمكونات بسيطة,20664,10907.0,16336,440.0,17.0,58.0,
80.0,بوابة الأحداث ✅,FB,اخبار,صوره,,ملخص أهم الأخبار المحلية اليوم,4725,2477.0,5299,52.0,4.0,3.0,1
848.0, كورة كل يوم,تيكتوك,Sports,image,2025-11-26,  أخبار الانتقالات الصيفية   ,39854,2387.0,2680,121.0,12.0,19.0,لا
3975.0,أكاديمية المعرفة ✅,FB,,video,23/01/2024,دورة مجانية لتعلم أساسيات البرمجة,93457,55757.0,120610,3208.0,73.0,535.0,
1189.0,تكنولوجيا بلس  ,تيكتوك,تقنيه,reels,28/12/2025,نصائح لحماية حسابك من الاختراق,307302,86075.0,159839,-5927.0,466.0,518.0,1
2552.0,أكاديمية  المعرفة,تيكتوك,تعليم,Reel,23/06/2025,شرح مبسط لأهم قواعد اللغة العربية,159013,15667.0,23389,833,114.0,151.0,
3224.0,أكاديمية المعرفة,TikTok,تعليم ,reels,2025-11-11,خطوات عملية لتعلم مهارة جديدة,15133,5278.0,8519,49.0,6.0,7.0,
3711.0, أخبار مصر الآن,فيسبوك ,اخبار,reels,12/02/2025,ملخص أهم الأخبار المحلية اليوم,128436,15633.0,20040,723.0,74.0,98.0,0
1336.0,مطبخ  سارة,youtube,Food,فيديو ,31-03-2025,حلويات رمضان بمكونات بسيطة,53903,23632.0,45826,1191.0,83.0,48.0,Yes
1091.0,أخبار الرياضة,Facebook,كورة,text,10/08/2024,تحليل فني لأداء الفريق هذا الموسم,14859,1972.0,3163,148.0,12.0,25.0,
936.0,منصة  التعليم,يوتيوب,تعليم,فديو,02-02-2024,خطوات عملية لتعلم مهارة جديدة,22071,11801.0,16449,201.0,20.0,8.0,0
2889.0,ملعب مصر ✅,فيسبوك,رياضة ,صورة,,أهم أحداث مباراة اليوم بالتفصيل,118774,47343.0,88092,218.0,14.0,8.0,Yes
3631.0,بوابة الأحداث,insta,News,,08/01/2025,بيان رسمي حول القرار الأخير,109630,6881.0,8956,80.0,4.0,15.0,لا
3294.0,منصة  التعليم,تويتر,تعليم,ستوري,,خطوات عملية لتعلم مهارة جديدة,12783,3934.0,8649,89.0,11.0,17.0,No
2295.0,جادجت العرب  ,يوتيوب,تقنيه,text,,مراجعة كاملة لأحدث هاتف صدر هذا الشهر,24015,1603.0,1642,79.0,10.0,8.0,1
3599.0,ضحك ونكت,إنستغرام,كوميدي,صوره,2024-04-05,نكت وضحك من غير توقف,34170,15607.0,16176,1290.0,89.0,18.0,نعم
3970.0,ضحك ونكت,تيك توك,Entertainment,image,31-07-2025,أطرف المواقف اللي حصلت الأسبوع ده,21375,4351.0,4921,140.0,13.0,7.0,1
3664.0,وصفات ماما,tiktok,Food,فيديو ,26-11-2025,أكلة اقتصادية وسهلة التحضير,12642,3283.0,6955,75.0,8.0,11.0,1
181.0,اليوم السابع نيوز,تيك توك,اخبار,منشور نصي,29/05/2024,آخر التطورات في الساعات الماضية,135590,40510.0,71795,2369.0,72.0,50.0,1
3513.0, ضحك ونكت,YouTube,ترفيه,ستوري ,2024-08-11,تحدي جديد بين المتابعين,56977,26074.0,31655,1073.0,127.0,181.0,
1540.0,أخبار الرياضة,insta,Sports,فيديو ,12/01/2025,أفضل اللقطات من الجولة الأخيرة,23768,12065.0,16550,919.0,97.0,126.0,نعم
279.0,ستايل بنات,تويتر (X),موضة,فيديو ,18/05/2025,إطلالات بسيطة وأنيقة لكل يوم,75875,4704.0,8450,448.0,63.0,8.0,
1416.0,عالم التقنية,insta,تكنولوجيا,صوره,2025-07-12,مراجعة كاملة لأحدث هاتف صدر هذا الشهر,45942,27165.0,27813,1626.0,41.0,140.0,
2426.0,ملعب مصر ✅,تويتر(X),رياضة,صور,17/06/2025,أخبار الانتقالات الصيفية,37070,9242.0,16356,307.0,15.0,12.0,
2516.0,كوميديا العرب ✅,تويتر,كوميدي,image,22-10-2025,أفضل خمس مشاهد كوميدية هذا العام,113551,13164.0,16506,204.0,21.0,,لا
3931.0,,تيك توك,Education,منشور نصي,21/04/2024,نصائح للطلاب الجدد في الجامعة,31678,11496.0,17742,908,96.0,28.0,No
583.0,منصة التعليم ✅,إنستغرام,,نص,2024-08-18,خطوات عملية لتعلم مهارة جديدة,109521,7980.0,12750,471.0,28.0,59.0,
1292.0,ملعب  مصر,تيكتوك,Sports,ريلز,2025-08-01,أهم أحداث مباراة اليوم بالتفصيل,261017,106536.0,216006,1411.0,188.0,68.0,
453.0,اتعلم  اونلاين,youtube,تعليم ,فديو,2024-06-13,دورة مجانية لتعلم أساسيات البرمجة,157027,29725.0,30080,2134.0,274.0,354.0,Yes
2943.0,ملعب مصر ✅,Facebook,رياضة,ريلز,2024-07-09,تشكيلة المنتخب المتوقعة في المباراة القادمة,48755,28418.0,59216,1746.0,126.0,93.0,
2004.0,أخبار  الرياضة,insta,Sports,فيديو ,08/05/2025,أهم أحداث مباراة اليوم بالتفصيل,65713,18343.0,26127,1006.0,94.0,135.0,لا
2975.0,عالم التقنية  ,youtube,تقنية,ستوري,2024-08-07,مراجعة كاملة لأحدث هاتف صدر هذا الشهر,17783,5040.0,5734,89.0,8.0,4.0,
58.0,جادجت العرب,تويتر(X),Tech,صوره,2025-12-25,مقارنة بين أفضل اللابتوبات لعام هذا,31883,13387.0,25473,1177.0,37.0,122.0,Yes
3908.0,عالم الطبخ,Twitter,أكل وطبخ,صورة,2025-10-26,وصفة سريعة ولذيذة لعشاء اليوم,275208,163304.0,285548,11926.0,768.0,422.0,
2764.0,أخبار  الرياضة,انستغرام,Sports,video,2025-12-07,أهم أحداث مباراة اليوم بالتفصيل,10978,5291.0,6005,352.0,10.0,57.0,No
3730.0, أزياء العرب,X,موضة,reels,2024-03-30,نصائح لاختيار الألوان المناسبة لبشرتك,14160,1894.0,3854,90.0,5.0,6.0,نعم
739.0, بوابة الأحداث,تويتر (X),اخبار,Reel,2025-04-20,تغطية مباشرة لفعاليات المؤتمر,235347,78451.0,171677,4421.0,532.0,187.0,
3539.0,اتعلم اونلاين  ,تيك توك,تعليم ,ريلز,2025-02-08,شرح مبسط لأهم قواعد اللغة العربية,29431,8624.0,15268,518.0,73.0,21.0,
2221.0,اليوم السابع نيوز  ,Instagram,News,صور,2024-10-11,آخر التطورات في الساعات الماضية,30212,6447.0,8257,564.0,28.0,46.0,
1024.0,أكاديمية المعرفة,انستغرام,تعليم,ستوري ,2024-05-30,كيف تذاكر بفعالية قبل الامتحانات,82499,34508.0,74702,729.0,54.0,69.0,No
3508.0,عالم الطبخ,youtube, طبخ,صور,,وصفة سريعة ولذيذة لعشاء اليوم,14862,4147.0,8763,279.0,38.0,52.0,No
1860.0,اليوم السابع نيوز,FB,اخبار,story,2025-08-29,بيان رسمي حول القرار الأخير,45932,11664.0,21587,311.0,12.0,6.0,No
1298.0,أكاديمية المعرفة,انستغرام,Education,ستوري,2025-09-03,كيف تذاكر بفعالية قبل الامتحانات,40031,7184.0,13451,210,4.0,20.0,
347.0,أكاديمية المعرفة,انستغرام,تعليم ,منشور نصي,2024-12-02,نصائح للطلاب الجدد في الجامعة,61152,22347.0,47984,403.0,52.0,37.0,1
503.0,موضة  اليوم,youtube,أزياء,فديو,2024-02-29,موديلات جديدة من أشهر الماركات,35204,19587.0,20528,515.0,26.0,94.0,لا
2207.0,فوازير  رمضان,يوتيوب ,Entertainment,فيديو,17-03-2024,مقاطع مضحكة من كواليس التصوير,32153,8529.0,18660,201.0,29.0,32.0,
834.0,وصفات ماما  ,Instagram,Food,صور,07/02/2024,طريقة عمل الكنافة بالقشطة خطوة بخطوة,48774,21583.0,44210,400.0,38.0,13.0,
1772.0, عالم الطبخ,فيسبوك,Food,text,2025-08-02,أسرار المطبخ اللي محدش بيقولهالك,15450,7573.0,13248,306.0,19.0,58.0,
2651.0,أكاديمية المعرفة  ,tiktok,تعليم,فديو,26/11/2024,كيف تذاكر بفعالية قبل الامتحانات,12605,2059.0,4509,185.0,10.0,7.0,
2075.0,أزياء العرب,انستجرام,موضة,صوره,2024-02-25,أحدث صيحات الموضة لهذا الموسم,50863,4892.0,10118,260.0,9.0,35.0,
1180.0,عالم الطبخ,تويتر,أكل وطبخ,نص,,طريقة عمل الكنافة بالقشطة خطوة بخطوة,151563,18935.0,39102,1065.0,102.0,147.0,لا
3816.0,بوابة الأحداث  ,إنستغرام,أخبار,فديو,10/07/2025,آخر التطورات في الساعات الماضية,26284,11184.0,22267,838.0,116.0,17.0,No
2859.0,ستايل بنات,Instagram,موضة,ستوري ,2025-09-23,  موديلات جديدة من أشهر الماركات   ,7120,2061.0,3337,29.0,0.0,2.0,
1495.0, مطبخ سارة,فيس بوك,أكل وطبخ,فيديو,16-07-2024,حلويات رمضان بمكونات بسيطة,38591,2473.0,5217,206.0,10.0,6.0,No
1003.0,أخبار الرياضة ✅,تيكتوك,Sports,ستوري ,2024-03-17,أخبار الانتقالات الصيفية,56982,12898.0,21446,86,9.0,8.0,
1009.0,كورة  كل  يوم,يوتيوب,رياضة ,نص,2025-01-11,  تشكيلة المنتخب المتوقعة في المباراة القادمة   ,34708,8686.0,15350,133.0,7.0,23.0,
1848.0,اليوم السابع نيوز ✅,يوتيوب,أخبار,image,2025-01-28,تغطية مباشرة لفعاليات المؤتمر,3953,461.0,579,,0.0,0.0,
566.0,اتعلم اونلاين,FB,تعليم ,صوره,2025-09-02,نصائح للطلاب الجدد في الجامعة,72780,33026.0,46552,1926.0,121.0,189.0,لا
264.0,تكنولوجيا بلس,إنستغرام,Tech,ستوري ,2025-06-14,نصائح لحماية حسابك من الاختراق,69444,41526.0,59879,2088.0,282.0,256.0,No
1800.0,اليوم السابع نيوز,YouTube,News,فديو,2024-01-29,تغطية مباشرة لفعاليات المؤتمر,74152,37184.0,49487,2569.0,116.0,501.0,0
382.0,فوازير رمضان  ,يوتيوب ,Entertainment,text,2024-03-28,نكت وضحك من غير توقف,63429,12238.0,17307,968.0,78.0,173.0,
3622.0,ملعب مصر  ,يوتيوب,Sports,صور,,تشكيلة المنتخب المتوقعة في المباراة القادمة,43076,2413.0,4977,30.0,1.0,3.0,Yes
3843.0,أكاديمية المعرفة,YouTube,تعليم,صورة,13-09-2025,خطوات عملية لتعلم مهارة جديدة,57802,,17367,551.0,45.0,102.0,
3218.0,ملعب مصر ✅,فيس بوك,رياضة ,صوره,13-03-2024,تحليل فني لأداء الفريق هذا الموسم,12667,7047.0,11155,332,17.0,20.0,0
2130.0,مطبخ سارة  ,انستغرام,طبخ ,فيديو,2025-08-23,حلويات رمضان بمكونات بسيطة,52620,19017.0,24446,1806.0,81.0,181.0,
1103.0,ستايل بنات,انستجرام,,فيديو,2025-03-23,إطلالات بسيطة وأنيقة لكل يوم,10837,6035.0,11520,475.0,21.0,23.0,Yes
3126.0, عالم التقنية,تويتر(X),Tech,فيديو,2025-01-18,خمس تطبيقات تساعدك في تنظيم وقتك,6796,1129.0,1165,60.0,8.0,3.0,
1697.0,عالم التقنية,فيسبوك ,تقنية,ريلز,2024-02-13,كل ما تريد معرفته عن الذكاء الاصطناعي,65320,9459.0,17627,624.0,40.0,43.0,
2687.0,أكاديمية المعرفة,YouTube,تعليم ,نص,2024-04-24,نصائح للطلاب الجدد في الجامعة,15932,6454.0,14172,145.0,21.0,6.0,
3747.0,وصفات ماما  ,فيسبوك,طبخ,,2025-09-03,حلويات رمضان بمكونات بسيطة,19294,2378.0,4032,110.0,9.0,19.0,0
1691.0, عالم الطبخ,فيسبوك ,Food,منشور نصي,2024-09-21,وصفة سريعة ولذيذة لعشاء اليوم,20092,1439.0,2066,70.0,9.0,1.0,
1359.0,جادجت العرب ✅,فيسبوك ,Tech,video,12/02/2024,كل ما تريد معرفته عن الذكاء الاصطناعي,88551,12345.0,27092,139.0,18.0,7.0,
4170.0,أزياء العرب  ,يوتيوب,موضة ,منشور نصي,2025-10-27,نصائح لاختيار الألوان المناسبة لبشرتك,176552,93235.0,98429,6687.0,850.0,711.0,
2647.0,عالم الطبخ ✅,tiktok,طبخ,ستوري,2025-11-10,أسرار المطبخ اللي محدش بيقولهالك,49313,7623.0,13816,659.0,59.0,40.0,لا
33.0,وصفات ماما ✅,tiktok,,صور,03-08-2024,وصفة سريعة ولذيذة لعشاء اليوم,67891,13878.0,14282,737.0,104.0,140.0,0
1948.0,أزياء العرب,تويتر (X),موضة ,ريلز,2025-03-18,إطلالات بسيطة وأنيقة لكل يوم,90301,20173.0,21638,1401.0,91.0,201.0,
2960.0,أكاديمية المعرفة  ,youtube,تعليم ,فيديو ,2025-02-18,نصائح للطلاب الجدد في الجامعة,34768,18371.0,26675,1740.0,58.0,292.0,
2231.0,بوابة الأحداث  ,يوتيوب,أخبار,Reel,2025-06-13,  تغطية مباشرة لفعاليات المؤتمر   ,20196,11361.0,19921,1104.0,123.0,22.0,
241.0, أزياء العرب,FB,موضة,فيديو ,2025-08-14,موديلات جديدة من أشهر الماركات,20404,1235.0,1620,74.0,6.0,3.0,
1264.0,وصفات ماما,TikTok,طبخ ,منشور نصي,02-04-2024,أسرار المطبخ اللي محدش بيقولهالك,115230,52274.0,78058,,133.0,207.0,No
2562.0,اتعلم  اونلاين,Instagram,Education,story,28/12/2025,خطوات عملية لتعلم مهارة جديدة,14766,1836.0,2529,67.0,2.0,11.0,
2717.0,اتعلم اونلاين  ,يوتيوب,,video,2025-04-05,دورة مجانية لتعلم أساسيات البرمجة,14898,6041.0,11021,174.0,18.0,17.0,
2688.0,بوابة الأحداث,يوتيوب ,News,فيديو ,,تغطية مباشرة لفعاليات المؤتمر,25552,8461.0,10894,942.0,118.0,65.0,No
1764.0,أخبار  الرياضة,فيس بوك,رياضة ,reels,2025-05-19,أفضل اللقطات من الجولة الأخيرة,18517,9315.0,14692,594.0,55.0,12.0,1
394.0, عالم الطبخ,youtube,أكل وطبخ,reels,14-09-2024,  طريقة عمل الكنافة بالقشطة خطوة بخطوة   ,136121,65767.0,85576,3416.0,359.0,190.0,
2297.0,ستايل بنات,انستغرام,أزياء,منشور نصي,2025-04-08,نصائح لاختيار الألوان المناسبة لبشرتك,51525,9077.0,10794,672.0,76.0,51.0,
3928.0,كورة كل يوم ✅,انستغرام,رياضة ,image,2025-05-03,أخبار الانتقالات الصيفية,100876,28683.0,62136,1846.0,158.0,,1
1415.0,أكاديمية المعرفة ✅,تيكتوك,تعليم,video,06-09-2025,نصائح للطلاب الجدد في الجامعة,8444,2630.0,3634,92.0,3.0,14.0,
281.0, أزياء العرب,TikTok,موضة,نص,2025-02-06,نصائح لاختيار الألوان المناسبة لبشرتك,48706,14863.0,32199,824.0,28.0,31.0,
218.0,ضحك ونكت ✅,تويتر (X),ترفيه,نص,22-10-2025,مقاطع مضحكة من كواليس التصوير,31894,12022.0,19188,933.0,102.0,81.0,
2585.0,موضة اليوم,تويتر(X),موضة ,صوره,2025-05-13,نصائح لاختيار الألوان المناسبة لبشرتك,60698,4724.0,7861,120.0,14.0,6.0,0
984.0,عالم التقنية,youtube,تقنية,نص,09/04/2024,نصائح لحماية حسابك من الاختراق,95828,47186.0,50913,3310.0,456.0,110.0,
190.0,منصة التعليم,فيسبوك,تعليم ,منشور نصي,2024-09-24,شرح مبسط لأهم قواعد اللغة العربية,18552,5471.0,8850,212.0,8.0,17.0,
3200.0,اتعلم اونلاين,إنستغرام,Education,story,29-10-2025,دورة مجانية لتعلم أساسيات البرمجة,21857,8586.0,17837,177.0,21.0,10.0,
554.0,ضحك ونكت,FB,كوميدي,ستوري,03/08/2025,أفضل خمس مشاهد كوميدية هذا العام,24963,11684.0,13841,183,12.0,16.0,0
3352.0,عالم الطبخ ✅,يوتيوب , طبخ,فديو,10-01-2025,أكلة اقتصادية وسهلة التحضير,73313,10139.0,12450,549.0,45.0,20.0,
2074.0,فوازير رمضان ✅,تويتر(X),ترفيه,فديو,2024-07-13,أفضل خمس مشاهد كوميدية هذا العام,3549,1576.0,2677,26.0,1.0,2.0,1
1496.0,اليوم السابع نيوز,Instagram,أخبار,ريلز,02/12/2025,آخر التطورات في الساعات الماضية,249268,62283.0,81373,3887.0,368.0,696.0,0
1129.0,موضة اليوم,تويتر (X),موضة ,text,,نصائح لاختيار الألوان المناسبة لبشرتك,8253,649.0,1182,24.0,3.0,3.0,0
3464.0,كورة كل يوم ✅,انستجرام,رياضة ,text,10/11/2025,أهم أحداث مباراة اليوم بالتفصيل,342798,111107.0,231570,7956.0,331.0,1441.0,
3777.0,كورة كل يوم,Facebook,كورة,text,09-03-2024,تشكيلة المنتخب المتوقعة في المباراة القادمة,95483,27935.0,35991,1445.0,186.0,272.0,1
3892.0,أخبار الرياضة ✅,تويتر(X),رياضة,فيديو ,2025-05-25,أهم أحداث مباراة اليوم بالتفصيل,20346,2346.0,3219,17.0,0.0,1.0,1
2306.0,اتعلم  اونلاين,youtube,تعليم,Reel,2024-04-02,شرح مبسط لأهم قواعد اللغة العربية,6089,412.0,435,32.0,3.0,0.0,
3922.0,وصفات  ماما,فيسبوك,طبخ,منشور نصي,12/07/2024,طريقة عمل الكنافة بالقشطة خطوة بخطوة,22886,9257.0,17606,328.0,23.0,47.0,1
740.0,كورة كل يوم ✅,Facebook,كورة,فديو,2025-09-01,أخبار الانتقالات الصيفية,55254,14448.0,20463,720.0,59.0,115.0,No
1399.0,تكنولوجيا بلس,TikTok,Tech,منشور نصي,2025-11-26,نصائح لحماية حسابك من الاختراق,50249,4529.0,8991,262,25.0,36.0,
1941.0,عالم الطبخ,فيسبوك ,طبخ,فيديو ,15/09/2024,أكلة اقتصادية وسهلة التحضير,15496,944.0,1557,82.0,6.0,15.0,نعم
1426.0, عالم التقنية,فيسبوك ,تقنيه,فديو,2025-10-01,كل ما تريد معرفته عن الذكاء الاصطناعي,66443,18453.0,23606,1077.0,121.0,129.0,No
667.0,بوابة الأحداث,tiktok,اخبار,video,2025-08-31,بيان رسمي حول القرار الأخير,10254,737.0,979,83.0,5.0,1.0,نعم
3796.0, كورة كل يوم,يوتيوب,كورة,ستوري,01/12/2024,تحليل فني لأداء الفريق هذا الموسم,26878,3330.0,7142,207.0,15.0,15.0,
632.0,عالم التقنية  ,إنستغرام,تقنية,text,2025-09-21,كل ما تريد معرفته عن الذكاء الاصطناعي,36340,21335.0,37863,1730.0,210.0,269.0,
1683.0,أزياء العرب,X,موضة,ستوري,2024-06-30,إطلالات بسيطة وأنيقة لكل يوم,52179,4570.0,4639,412.0,27.0,22.0,0
1344.0, موضة اليوم,انستغرام,موضة ,صورة,2024-11-03,أفكار تنسيق ملابس اقتصادية,15126,1906.0,4115,129.0,5.0,4.0,
2403.0,ضحك ونكت,انستغرام,ترفيه,text,27-08-2025,أفضل خمس مشاهد كوميدية هذا العام,29645,3889.0,4011,328.0,45.0,65.0,0
13.0,أزياء العرب,YouTube,موضة,story,01/07/2024,أحدث صيحات الموضة لهذا الموسم,33792,3912.0,7260,298.0,35.0,30.0,
486.0,اتعلم اونلاين ✅,YouTube,,ستوري ,2024-09-30,دورة مجانية لتعلم أساسيات البرمجة,82482,48370.0,95790,4860.0,150.0,404.0,No
1262.0,منصة التعليم  ,إنستغرام,تعليم ,reels,2025-10-18,دورة مجانية لتعلم أساسيات البرمجة,48916,9026.0,17107,414.0,50.0,47.0,
2622.0,ضحك ونكت,X,كوميدي,reels,2024-11-10,أفضل خمس مشاهد كوميدية هذا العام,171950,44348.0,48468,202.0,4.0,10.0,
1277.0,بوابة الأحداث,TikTok,أخبار,فيديو,2025-11-11,تغطية مباشرة لفعاليات المؤتمر,126716,55026.0,101507,3276.0,273.0,313.0,لا
2805.0,أخبار مصر الآن,إنستغرام,أخبار,ستوري,2025-08-13,آخر التطورات في الساعات الماضية,82797,15249.0,20478,262.0,25.0,32.0,1
1676.0,مطبخ سارة  ,تيك توك,أكل وطبخ,story,2024-03-21,وصفة سريعة ولذيذة لعشاء اليوم,60890,17429.0,27623,316,30.0,20.0,
2553.0, اتعلم اونلاين,تويتر(X),تعليم ,منشور نصي,10/03/2025,خطوات عملية لتعلم مهارة جديدة,23395,10399.0,15331,243.0,7.0,17.0,No
4155.0,عالم التقنية ✅,X,Tech,فديو,19/08/2025,خمس تطبيقات تساعدك في تنظيم وقتك,9630,4450.0,4849,428.0,51.0,29.0,نعم
4135.0,أخبار  الرياضة,يوتيوب,رياضة,ستوري,2024-12-06,أخبار الانتقالات الصيفية,52194,9598.0,16841,222.0,29.0,33.0,
3228.0,كوميديا العرب,يوتيوب ,كوميدي,story,2025-07-26,مقاطع مضحكة من كواليس التصوير,136661,20616.0,38198,384.0,11.0,59.0,
2511.0,جادجت العرب,Facebook,تكنولوجيا,ستوري ,2025-06-23,مراجعة كاملة لأحدث هاتف صدر هذا الشهر,40254,17258.0,24012,809.0,26.0,115.0,
2778.0,اتعلم اونلاين ✅,Instagram,تعليم,منشور نصي,11/01/2025,خطوات عملية لتعلم مهارة جديدة,61309,13529.0,14338,986.0,27.0,23.0,0
1660.0,ستايل بنات,FB,,story,2024-04-01,موديلات جديدة من أشهر الماركات,33048,15412.0,25470,1333.0,67.0,228.0,
3404.0,بوابة الأحداث,إنستغرام,News,story,2025-08-22,تفاصيل جديدة حول الحدث الذي شغل الرأي العام,7623,1450.0,1759,30.0,2.0,1.0,
3254.0,أخبار مصر الآن,فيسبوك ,News,Reel,06/05/2024,آخر التطورات في الساعات الماضية,11697,3080.0,6457,118.0,17.0,9.0,0
159.0,أكاديمية المعرفة  ,فيسبوك ,,Reel,2025-04-05,دورة مجانية لتعلم أساسيات البرمجة,105521,41178.0,78372,911.0,121.0,14.0,0
2821.0,وصفات ماما  ,تيك توك,أكل وطبخ,reels,2025-01-31,حلويات رمضان بمكونات بسيطة,84698,11959.0,12721,228.0,12.0,31.0,
1441.0,أكاديمية المعرفة,Instagram,تعليم ,reels,,خطوات عملية لتعلم مهارة جديدة,4700,2028.0,3876,206.0,11.0,30.0,No
1600.0, وصفات ماما,TikTok,أكل وطبخ,ستوري,2025-01-04,أسرار المطبخ اللي محدش بيقولهالك,45807,18403.0,33061,598.0,72.0,83.0,
3060.0,,يوتيوب,ترفيه,منشور نصي,11-02-2025,نكت وضحك من غير توقف,189972,30594.0,64943,728.0,29.0,81.0,1
3407.0,وصفات  ماما,Facebook, طبخ,image,2024-09-25,وصفة سريعة ولذيذة لعشاء اليوم,34268,11344.0,19607,321.0,26.0,45.0,0
1124.0,جادجت العرب ✅,Twitter,تقنيه,reels,2024-06-04,مقارنة بين أفضل اللابتوبات لعام هذا,16090,7692.0,13309,672.0,72.0,14.0,No
3325.0,منصة  التعليم,انستجرام,تعليم ,ستوري,2025-02-06,خطوات عملية لتعلم مهارة جديدة,18446,2701.0,3539,163.0,21.0,5.0,Yes
227.0,أخبار الرياضة  ,انستغرام,رياضة ,منشور نصي,2024-10-02,أفضل اللقطات من الجولة الأخيرة,41503,19926.0,36872,131.0,7.0,10.0,
3523.0,كورة كل يوم  ,Facebook,كورة,نص,2024-04-24,تحليل فني لأداء الفريق هذا الموسم,49341,8261.0,14267,259.0,24.0,36.0,
3165.0,كورة كل يوم  ,youtube,رياضة ,ستوري ,2024-04-01,تحليل فني لأداء الفريق هذا الموسم,189782,96068.0,199692,888.0,54.0,82.0,
2750.0,جادجت  العرب,يوتيوب ,تقنية,video,22-11-2025,مقارنة بين أفضل اللابتوبات لعام هذا,9342,5136.0,10992,166.0,,24.0,Yes
3971.0, كوميديا العرب,Instagram,ترفيه,video,21/08/2024,أطرف المواقف اللي حصلت الأسبوع ده,47374,22005.0,44387,1343.0,92.0,70.0,
1833.0,كورة كل يوم,YouTube,رياضة ,ريلز,2024-05-24,تشكيلة المنتخب المتوقعة في المباراة القادمة,17930,5992.0,7526,373.0,37.0,48.0,
3999.0,أزياء العرب,youtube,أزياء,فيديو ,2024-10-01,موديلات جديدة من أشهر الماركات,82069,25210.0,27268,442.0,53.0,72.0,
1852.0,تكنولوجيا  بلس,X,تقنية,ستوري ,2024-09-18,كل ما تريد معرفته عن الذكاء الاصطناعي,5688,1467.0,2783,145.0,7.0,25.0,1
1685.0,جادجت العرب ✅,فيسبوك,تقنية,فيديو,08/05/2025,مراجعة كاملة لأحدث هاتف صدر هذا الشهر,269526,28533.0,39775,245.0,11.0,25.0,
2762.0,أخبار مصر الآن  ,انستجرام,News,Reel,2025-10-06,بيان رسمي حول القرار الأخير,77478,35484.0,76880,1826.0,114.0,129.0,
1559.0,عالم التقنية ✅,Twitter,تقنية,story,2024-02-04,خمس تطبيقات تساعدك في تنظيم وقتك,31167,9106.0,16832,480.0,44.0,71.0,
3878.0, كوميديا العرب,فيسبوك,,فيديو,2024-05-24,أفضل خمس مشاهد كوميدية هذا العام,18009,9296.0,12937,758,70.0,64.0,نعم
2190.0,ملعب  مصر,تويتر(X),رياضة,منشور نصي,05-01-2025,أخبار الانتقالات الصيفية,21485,7122.0,15103,52.0,6.0,6.0,
2135.0,,tiktok,تعليم ,صور,26-06-2025,خطوات عملية لتعلم مهارة جديدة,133030,43131.0,52999,2256.0,159.0,369.0,1
708.0,كورة  كل  يوم,تيك توك,رياضة ,نص,08/11/2024,أفضل اللقطات من الجولة الأخيرة,49003,28423.0,41281,1335.0,145.0,249.0,
3838.0,موضة اليوم,يوتيوب,موضة,Reel,2024-02-10,موديلات جديدة من أشهر الماركات,139261,66254.0,89935,603.0,,33.0,
2781.0,منصة التعليم,تيكتوك,Education,ستوري,2025-06-27,نصائح للطلاب الجدد في الجامعة,69016,13315.0,16354,650.0,34.0,43.0,نعم
3362.0, أخبار مصر الآن,YouTube,اخبار,text,2024-06-11,آخر التطورات في الساعات الماضية,121050,58772.0,79020,4268.0,457.0,412.0,
1445.0,ستايل بنات,X,موضة ,image,2025-01-28,موديلات جديدة من أشهر الماركات,40739,14855.0,30060,947.0,106.0,87.0,Yes
1622.0,عالم التقنية ✅,Facebook,تقنيه,image,2025-01-30,خمس تطبيقات تساعدك في تنظيم وقتك,130409,64908.0,77732,226.0,11.0,7.0,
1172.0,أخبار مصر الآن ✅,فيس بوك,أخبار,ستوري,2025-02-15,بيان رسمي حول القرار الأخير,29291,1513.0,1963,164.0,18.0,25.0,نعم
1229.0,كوميديا العرب,تيكتوك,ترفيه,ستوري,2024-01-21,أطرف المواقف اللي حصلت الأسبوع ده,79633,7270.0,15499,329.0,39.0,50.0,
3052.0,أخبار الرياضة,تيكتوك,كورة,ستوري ,2025-01-06,تحليل فني لأداء الفريق هذا الموسم,112438,9519.0,15484,509.0,34.0,95.0,لا
2012.0,اتعلم اونلاين,YouTube,تعليم,منشور نصي,17/07/2025,كيف تذاكر بفعالية قبل الامتحانات,132975,18052.0,23544,194.0,23.0,33.0,No
3821.0,ستايل  بنات,إنستغرام,موضة ,reels,2024-02-04,أحدث صيحات الموضة لهذا الموسم,32260,4931.0,9065,205.0,21.0,26.0,
2305.0,ملعب مصر,YouTube,,صوره,2025-01-31,أهم أحداث مباراة اليوم بالتفصيل,21634,4819.0,6982,333.0,38.0,54.0,1
327.0,عالم التقنية ✅,TikTok,تقنية,text,2024-09-24,خمس تطبيقات تساعدك في تنظيم وقتك,35128,7456.0,11804,328,11.0,38.0,
1354.0,موضة اليوم,youtube,موضة,منشور نصي,22/05/2024,إطلالات بسيطة وأنيقة لكل يوم,36380,20342.0,36095,1042.0,127.0,50.0,0
477.0,كوميديا العرب  ,فيسبوك ,كوميدي,صورة,2024-09-18,أطرف المواقف اللي حصلت الأسبوع ده,20083,6027.0,10907,374.0,53.0,15.0,1
2789.0, أكاديمية المعرفة,تيك توك,Education,صوره,2024-10-18,خطوات عملية لتعلم مهارة جديدة,10308,1766.0,1866,42.0,5.0,3.0,
3615.0,عالم التقنية,YouTube,تقنية,ريلز,,نصائح لحماية حسابك من الاختراق,7915,4047.0,6380,293.0,39.0,43.0,نعم
2117.0,فوازير رمضان ✅,يوتيوب,ترفيه,منشور نصي,2025-02-12,أطرف المواقف اللي حصلت الأسبوع ده,7077,3806.0,4030,49.0,6.0,0.0,
2954.0,اليوم السابع نيوز,TikTok,أخبار,منشور نصي,2025-01-13,بيان رسمي حول القرار الأخير,75732,39487.0,74232,3278.0,449.0,235.0,1
2611.0,عالم الطبخ ✅,Twitter, طبخ,نص,2024-11-14,أسرار المطبخ اللي محدش بيقولهالك,73166,32670.0,68113,226.0,24.0,6.0,
2197.0,كوميديا العرب,Facebook,ترفيه,فيديو ,08/06/2024,تحدي جديد بين المتابعين,12054,2274.0,4668,88.0,8.0,3.0,
1392.0,كوميديا  العرب,tiktok,كوميدي,image,,نكت وضحك من غير توقف,14165,5659.0,7721,474.0,21.0,44.0,نعم
2840.0,كوميديا العرب,انستجرام,ترفيه,ريلز,23-02-2024,نكت وضحك من غير توقف,12743,6124.0,11068,338.0,42.0,17.0,1
524.0,عالم التقنية ✅,insta,تكنولوجيا,ستوري,11/12/2025,مقارنة بين أفضل اللابتوبات لعام هذا,129618,63582.0,71551,3563.0,126.0,699.0,
2923.0,كورة كل يوم  ,تويتر,كورة,صوره,29/12/2025,أخبار الانتقالات الصيفية,6723,905.0,1817,7.0,0.0,0.0,No
204.0,تكنولوجيا بلس  ,X,,story,07-07-2024,مقارنة بين أفضل اللابتوبات لعام هذا,57155,27937.0,42539,1793.0,162.0,19.0,No
2462.0,فوازير  رمضان,TikTok,ترفيه,صور,2024-11-21,أطرف المواقف اللي حصلت الأسبوع ده,45731,21060.0,46133,1249.0,39.0,248.0,0
4075.0,كورة كل يوم  ,YouTube,رياضة,ستوري,2024-04-18,أهم أحداث مباراة اليوم بالتفصيل,142319,66641.0,91601,4562.0,282.0,403.0,Yes
2617.0,أزياء العرب,Instagram,موضة,text,13/11/2024,موديلات جديدة من أشهر الماركات,140236,28402.0,28422,2757.0,99.0,223.0,
1398.0,مطبخ سارة,Instagram,طبخ,ريلز,2025-07-07,أكلة اقتصادية وسهلة التحضير,21935,2333.0,4048,33.0,0.0,1.0,
998.0,موضة اليوم  ,Instagram,موضة ,ريلز,2024-09-15,أفكار تنسيق ملابس اقتصادية,8151,1068.0,1851,66.0,9.0,12.0,1
2254.0,أخبار مصر الآن,إنستغرام,News,ستوري ,2025-11-15,آخر التطورات في الساعات الماضية,43062,3526.0,5995,149.0,9.0,8.0,
253.0,اليوم  السابع  نيوز,تويتر,أخبار,ستوري ,25/05/2024,بيان رسمي حول القرار الأخير,38446,14237.0,27017,1207.0,44.0,89.0,
101.0, جادجت العرب,YouTube,تقنية,منشور نصي,2025-10-22,مراجعة كاملة لأحدث هاتف صدر هذا الشهر,39600,14492.0,29131,280.0,12.0,11.0,
4056.0, ستايل بنات,Facebook,موضة ,فديو,24/08/2025,موديلات جديدة من أشهر الماركات,38787,11060.0,12030,465.0,13.0,49.0,نعم
821.0,ستايل بنات,Facebook,موضة,Reel,2024-07-02,أفكار تنسيق ملابس اقتصادية,33432,7895.0,7962,611.0,23.0,,1
752.0,أزياء العرب,انستغرام,أزياء,ستوري ,04/06/2025,أفكار تنسيق ملابس اقتصادية,7885,3447.0,4346,122.0,17.0,23.0,No
2697.0,وصفات  ماما,يوتيوب ,طبخ ,ستوري ,2025-08-23,طريقة عمل الكنافة بالقشطة خطوة بخطوة,31310,17607.0,28076,937.0,109.0,69.0,
489.0,بوابة  الأحداث,يوتيوب ,أخبار,text,16/05/2025,ملخص أهم الأخبار المحلية اليوم,22310,4262.0,6079,219.0,10.0,35.0,No
1309.0,موضة اليوم,انستغرام,موضة ,reels,2025-08-19,أحدث صيحات الموضة لهذا الموسم,247361,132634.0,165578,13583.0,2000.0,2407.0,
3376.0, أكاديمية المعرفة,YouTube,تعليم,فديو,16-10-2025,نصائح للطلاب الجدد في الجامعة,14994,2257.0,4432,82.0,2.0,5.0,
1727.0,ملعب مصر,Facebook,رياضة ,صور,2025-10-11,أهم أحداث مباراة اليوم بالتفصيل,10946,1702.0,3036,13.0,0.0,1.0,
2826.0,تكنولوجيا بلس ✅,فيسبوك ,Tech,صوره,18/10/2024,خمس تطبيقات تساعدك في تنظيم وقتك,26794,7797.0,15344,475.0,21.0,35.0,
677.0,اتعلم اونلاين,tiktok,تعليم,فيديو,2025-11-20,نصائح للطلاب الجدد في الجامعة,49987,26816.0,44643,1208.0,50.0,222.0,نعم
4130.0,ضحك ونكت,TikTok,كوميدي,reels,,مقاطع مضحكة من كواليس التصوير,32020,4901.0,7248,411.0,53.0,68.0,1
3428.0,اتعلم اونلاين,يوتيوب ,تعليم ,Reel,01/08/2024,نصائح للطلاب الجدد في الجامعة,70901,29313.0,40541,993.0,147.0,105.0,
3358.0,,انستغرام,Tech,صوره,12-09-2025,خمس تطبيقات تساعدك في تنظيم وقتك,42490,12338.0,16635,447.0,46.0,14.0,
4106.0,ستايل بنات ✅,youtube,موضة,فديو,2024-02-16,إطلالات بسيطة وأنيقة لكل يوم,72732,33677.0,41190,373.0,25.0,39.0,
2218.0,ملعب مصر,YouTube,رياضة ,ستوري,08-05-2024,تحليل فني لأداء الفريق هذا الموسم,59488,25554.0,37603,2691.0,226.0,226.0,1
3025.0,عالم الطبخ,tiktok,طبخ,image,26-09-2024,وصفة سريعة ولذيذة لعشاء اليوم,21010,9500.0,20073,673,26.0,109.0,لا
2918.0,أزياء العرب ✅,FB,موضة,text,,موديلات جديدة من أشهر الماركات,62923,8027.0,13563,522.0,37.0,81.0,
1459.0,وصفات ماما  ,YouTube,طبخ,ريلز,2024-06-28,وصفة سريعة ولذيذة لعشاء اليوم,29284,16419.0,28049,1193.0,69.0,92.0,
2334.0,ملعب مصر,فيس بوك,Sports,منشور نصي,04/08/2025,أفضل اللقطات من الجولة الأخيرة,57876,4906.0,9588,272,11.0,4.0,
2967.0, موضة اليوم,انستجرام,موضة,صورة,2024-06-23,نصائح لاختيار الألوان المناسبة لبشرتك,16776,,8491,600.0,81.0,84.0,
2202.0,ستايل  بنات,إنستغرام,موضة,text,2024-12-12,أفكار تنسيق ملابس اقتصادية,707511,308052.0,624344,16893.0,727.0,679.0,نعم
979.0, ملعب مصر,insta,رياضة,image,13/09/2024,تحليل فني لأداء الفريق هذا الموسم,116717,33617.0,53149,1623.0,170.0,206.0,
225.0,ملعب مصر,فيسبوك,رياضة,reels,10/07/2024,تحليل فني لأداء الفريق هذا الموسم,108153,60560.0,77611,2038.0,303.0,379.0,
1789.0, اتعلم اونلاين,يوتيوب ,تعليم ,ستوري,07/09/2024,شرح مبسط لأهم قواعد اللغة العربية,61576,9301.0,15009,,9.0,25.0,1
775.0, اليوم السابع نيوز,فيس بوك,اخبار,منشور نصي,2024-01-11,آخر التطورات في الساعات الماضية,117411,62511.0,80752,2891.0,96.0,529.0,Yes
1321.0,أزياء العرب,تيكتوك,موضة,صور,05/05/2025,نصائح لاختيار الألوان المناسبة لبشرتك,51128,13218.0,18615,965.0,81.0,160.0,نعم
3442.0,أخبار الرياضة  ,فيسبوك,Sports,video,2024-10-04,أخبار الانتقالات الصيفية,24242,4765.0,6957,158.0,18.0,27.0,
2324.0,عالم التقنية,insta,تقنية,صوره,20-06-2025,مراجعة كاملة لأحدث هاتف صدر هذا الشهر,8084,3461.0,3603,247.0,19.0,17.0,
173.0,بوابة الأحداث ✅,insta,أخبار,story,,تفاصيل جديدة حول الحدث الذي شغل الرأي العام,18464,2959.0,4704,30.0,1.0,4.0,0
1960.0, بوابة الأحداث,فيس بوك,أخبار,ريلز,2025-06-05,ملخص أهم الأخبار المحلية اليوم,27736,8121.0,13170,430.0,37.0,5.0,
3906.0,تكنولوجيا بلس,Twitter,تكنولوجيا,reels,05/10/2025,نصائح لحماية حسابك من الاختراق,17602,1054.0,1806,57.0,6.0,5.0,
111.0,ملعب مصر,يوتيوب,Sports,story,02-03-2024,أخبار الانتقالات الصيفية,40513,17548.0,36973,1001.0,,125.0,0
3535.0, أخبار الرياضة,youtube,رياضة,reels,,تحليل فني لأداء الفريق هذا الموسم,24622,5258.0,8248,59.0,4.0,8.0,
337.0,ستايل بنات ✅,تيكتوك,موضة,صورة,15-11-2024,أحدث صيحات الموضة لهذا الموسم,117374,69392.0,93407,6059.0,424.0,452.0,
1679.0,أخبار الرياضة ✅,انستجرام,رياضة,story,2024-05-24,تحليل فني لأداء الفريق هذا الموسم,127051,9007.0,15551,351.0,19.0,62.0,0
491.0,ستايل بنات ✅,يوتيوب,موضة,reels,2025-07-04,أحدث صيحات الموضة لهذا الموسم,64416,31698.0,36914,1825.0,70.0,234.0,
2845.0,فوازير  رمضان,فيس بوك,كوميدي,text,04-10-2024,نكت وضحك من غير توقف,36724,20118.0,35365,662.0,38.0,129.0,Yes
1998.0,اليوم السابع نيوز  ,تويتر(X),اخبار,صوره,03/03/2025,بيان رسمي حول القرار الأخير,166148,12855.0,20939,88.0,11.0,6.0,
1280.0,أخبار الرياضة,انستغرام,رياضة,صور,2024-09-26,أخبار الانتقالات الصيفية,111468,47715.0,83975,"2,896",169.0,183.0,No
4151.0,اتعلم  اونلاين,فيس بوك,Education,reels,2024-02-11,شرح مبسط لأهم قواعد اللغة العربية,79046,15510.0,27931,1669.0,189.0,31.0,0
1154.0,ضحك ونكت,insta,,ستوري ,2024-12-02,تحدي جديد بين المتابعين,9692,4909.0,5199,414.0,18.0,29.0,
3027.0,ضحك ونكت  ,FB,Entertainment,منشور نصي,2024-05-05,نكت وضحك من غير توقف,5953,2643.0,5452,11.0,1.0,0.0,No
2064.0,مطبخ سارة  ,Twitter,أكل وطبخ,فيديو ,27-04-2025,حلويات رمضان بمكونات بسيطة,16978,1244.0,2078,57,6.0,8.0,Yes
1299.0,ستايل بنات  ,Twitter,أزياء,فيديو,2025-03-09,نصائح لاختيار الألوان المناسبة لبشرتك,23663,,13694,505.0,21.0,44.0,1
25.0,ستايل بنات ✅,تويتر (X),أزياء,ستوري ,02/05/2024,إطلالات بسيطة وأنيقة لكل يوم,12552,5397.0,7901,398.0,25.0,12.0,نعم
696.0,أكاديمية  المعرفة,إنستغرام,Education,فديو,11/08/2025,دورة مجانية لتعلم أساسيات البرمجة,43983,14047.0,22958,493.0,22.0,80.0,1
3456.0,جادجت العرب,insta,تكنولوجيا,فيديو ,2025-11-13,خمس تطبيقات تساعدك في تنظيم وقتك,42728,24690.0,42628,983.0,28.0,38.0,No
3472.0,كوميديا العرب,Twitter,ترفيه,,2025-08-07,مقاطع مضحكة من كواليس التصوير,397240,222705.0,401076,10220.0,737.0,323.0,
2701.0,موضة اليوم  ,TikTok,أزياء,ستوري,2024-04-12,موديلات جديدة من أشهر الماركات,33451,15490.0,25068,207.0,26.0,37.0,
2990.0,ملعب مصر  ,Facebook,رياضة,text,18-07-2024,أخبار الانتقالات الصيفية,19868,6208.0,10712,417.0,27.0,74.0,0
1255.0,ضحك ونكت  ,يوتيوب ,Entertainment,منشور نصي,2024-09-13,تحدي جديد بين المتابعين,24698,5728.0,10917,160.0,11.0,31.0,
1040.0, منصة التعليم,تيك توك,Education,صوره,2024-04-09,خطوات عملية لتعلم مهارة جديدة,54354,19469.0,36491,753.0,72.0,85.0,
185.0,عالم  الطبخ,YouTube,طبخ,story,25/08/2024,وصفة سريعة ولذيذة لعشاء اليوم,28074,14810.0,27733,1031.0,66.0,82.0,Yes
2685.0,,تويتر(X),تقنيه,فديو,,كل ما تريد معرفته عن الذكاء الاصطناعي,28514,7712.0,11463,124.0,4.0,9.0,
825.0,وصفات ماما,فيسبوك , طبخ,Reel,2024-12-30,طريقة عمل الكنافة بالقشطة خطوة بخطوة,54700,11434.0,24499,80.0,7.0,9.0,نعم
387.0,ضحك ونكت ✅,تويتر (X),ترفيه,text,01/04/2025,أفضل خمس مشاهد كوميدية هذا العام,7345,2132.0,3650,24.0,3.0,1.0,
2501.0, ستايل بنات,تويتر (X),أزياء,ريلز,2025-02-02,أفكار تنسيق ملابس اقتصادية,50441,11997.0,16449,767.0,20.0,62.0,
9.0,منصة التعليم  ,تيكتوك,تعليم,ريلز,05/08/2024,نصائح للطلاب الجدد في الجامعة,32349,8532.0,11310,635.0,35.0,71.0,
2308.0,اتعلم اونلاين  ,insta,تعليم,video,2025-05-01,نصائح للطلاب الجدد في الجامعة,9689,3238.0,6754,299.0,14.0,32.0,No
722.0, وصفات ماما,Twitter,Food,ستوري ,2024-10-06,أسرار المطبخ اللي محدش بيقولهالك,219416,15604.0,22499,1409.0,120.0,257.0,
2595.0,فوازير رمضان  ,تيك توك,Entertainment,image,2024-03-28,تحدي جديد بين المتابعين,26274,15098.0,20144,811.0,87.0,103.0,
469.0,فوازير رمضان  ,يوتيوب,Entertainment,text,,مقاطع مضحكة من كواليس التصوير,51516,3680.0,6624,148.0,20.0,10.0,No
2243.0,أكاديمية المعرفة,Instagram,تعليم,صور,07/01/2025,دورة مجانية لتعلم أساسيات البرمجة,42755,6289.0,11081,222.0,27.0,21.0,
537.0,عالم التقنية,تويتر(X),Tech,,27/12/2024,كل ما تريد معرفته عن الذكاء الاصطناعي,7986,2606.0,4893,206.0,27.0,38.0,Yes
2124.0, مطبخ سارة,تويتر,طبخ,text,03/05/2025,أسرار المطبخ اللي محدش بيقولهالك,52525,11806.0,16197,883.0,119.0,60.0,1
1728.0,جادجت العرب,Instagram,تقنية,video,2025-12-13,خمس تطبيقات تساعدك في تنظيم وقتك,56822,23522.0,43877,513.0,15.0,46.0,
342.0,أخبار  مصر  الآن,فيسبوك,News,ستوري ,09/11/2025,بيان رسمي حول القرار الأخير,27282,7293.0,7638,355.0,17.0,68.0,Yes
2946.0, بوابة الأحداث,تويتر(X),أخبار,منشور نصي,05/05/2025,آخر التطورات في الساعات الماضية,18645,9438.0,20741,787.0,35.0,,Yes
2167.0,اليوم  السابع  نيوز,FB,اخبار,text,,تغطية مباشرة لفعاليات المؤتمر,138064,37409.0,40592,2192.0,306.0,43.0,
4121.0,ضحك ونكت,insta,Entertainment,نص,2025-02-27,مقاطع مضحكة من كواليس التصوير,53850,25964.0,50085,718.0,82.0,143.0,
2537.0,جادجت العرب,تيكتوك,تقنية,text,03/05/2025,مقارنة بين أفضل اللابتوبات لعام هذا,8185,4132.0,4179,331.0,49.0,40.0,
4167.0,أخبار مصر الآن  ,فيسبوك ,أخبار,صور,2025-02-17,تفاصيل جديدة حول الحدث الذي شغل الرأي العام,93386,13616.0,24429,972.0,70.0,114.0,
3149.0,منصة التعليم,insta,Education,فيديو,01/02/2024,كيف تذاكر بفعالية قبل الامتحانات,5620,1224.0,2393,46.0,1.0,4.0,0
443.0,كورة كل يوم  ,تيك توك,رياضة ,صورة,2024-10-02,تحليل فني لأداء الفريق هذا الموسم,28859,10226.0,16400,263.0,28.0,44.0,نعم
55.0,أزياء العرب  ,تيكتوك,موضة,,2024-06-20,موديلات جديدة من أشهر الماركات,130309,30940.0,65497,2476.0,291.0,379.0,
1846.0, بوابة الأحداث,تويتر(X),اخبار,Reel,29-04-2024,تغطية مباشرة لفعاليات المؤتمر,54834,4399.0,5331,237.0,6.0,2.0,لا
4187.0,كورة كل يوم  ,تيكتوك,كورة,نص,2025-07-01,تحليل فني لأداء الفريق هذا الموسم,50795,17346.0,31653,461.0,,63.0,
3808.0,ملعب مصر  ,انستجرام,رياضة ,فيديو,2025-06-17,تحليل فني لأداء الفريق هذا الموسم,59844,12925.0,16229,255.0,6.0,16.0,
4093.0,أخبار مصر الآن,FB,أخبار,image,2024-01-09,تغطية مباشرة لفعاليات المؤتمر,75487,14896.0,21032,333.0,43.0,36.0,
786.0,ستايل  بنات,youtube,موضة,video,2024-03-22,إطلالات بسيطة وأنيقة لكل يوم,20375,8677.0,14858,576.0,45.0,50.0,0
1084.0,أزياء العرب,تويتر (X),موضة ,فيديو,11-02-2025,نصائح لاختيار الألوان المناسبة لبشرتك,56297,7715.0,11933,504.0,35.0,88.0,
1539.0,ملعب  مصر,انستغرام,كورة,ستوري ,2024-11-23,أخبار الانتقالات الصيفية,4382,2297.0,4651,14.0,0.0,1.0,No
718.0,كورة  كل  يوم,فيسبوك ,,صورة,2024-07-26,أخبار الانتقالات الصيفية,88096,50322.0,63532,1930.0,137.0,242.0,No
, موضة اليوم,youtube,موضة,reels,2025-01-07,موديلات جديدة من أشهر الماركات,75340,42854.0,69994,2255.0,140.0,226.0,
2222.0,وصفات  ماما,فيس بوك, طبخ,Reel,01/08/2024,أكلة اقتصادية وسهلة التحضير,60206,19789.0,32330,1595.0,220.0,149.0,No
3454.0,أخبار الرياضة,FB,رياضة ,منشور نصي,06/03/2025,أخبار الانتقالات الصيفية,45550,13430.0,28104,161.0,14.0,22.0,
2119.0,موضة اليوم ✅,يوتيوب,أزياء,منشور نصي,2025-04-24,نصائح لاختيار الألوان المناسبة لبشرتك,31561,2281.0,4076,206.0,26.0,9.0,نعم
3911.0,اليوم السابع نيوز ✅,YouTube,أخبار,image,14-05-2025,تفاصيل جديدة حول الحدث الذي شغل الرأي العام,56141,3309.0,4607,323.0,28.0,15.0,
3127.0,موضة  اليوم,إنستغرام,موضة ,ستوري,2024-07-09,موديلات جديدة من أشهر الماركات,17068,1413.0,2213,85.0,9.0,2.0,
2632.0,فوازير رمضان,Twitter,Entertainment,image,2024-11-26,مقاطع مضحكة من كواليس التصوير,14222,2396.0,4779,227.0,7.0,40.0,1
3729.0, عالم الطبخ,TikTok,أكل وطبخ,فيديو,2025-05-22,أكلة اقتصادية وسهلة التحضير,20482,6508.0,11250,547.0,60.0,105.0,نعم
1325.0, جادجت العرب,تويتر(X),تكنولوجيا,ستوري ,2025-04-06,خمس تطبيقات تساعدك في تنظيم وقتك,12261,5596.0,8261,147.0,12.0,11.0,نعم
2695.0,أخبار مصر الآن,Facebook,أخبار,نص,2025-01-15,تغطية مباشرة لفعاليات المؤتمر,14443,8079.0,13621,93.0,13.0,4.0,
2017.0,كورة كل يوم  ,يوتيوب,كورة,story,24-06-2024,أهم أحداث مباراة اليوم بالتفصيل,10741,2151.0,3206,157.0,,24.0,Yes
921.0,مطبخ سارة ✅,تيك توك,أكل وطبخ,فيديو ,2025-01-07,أسرار المطبخ اللي محدش بيقولهالك,24041,8769.0,13418,353.0,48.0,54.0,
3213.0,عالم الطبخ  ,تيكتوك,طبخ,فيديو,2024-10-28,حلويات رمضان بمكونات بسيطة,53298,31328.0,35518,1224.0,143.0,39.0,
4112.0, أزياء العرب,FB,أزياء,ستوري ,2025-06-04,أحدث صيحات الموضة لهذا الموسم,23431,12258.0,23281,488.0,21.0,40.0,
735.0, مطبخ سارة,Twitter,طبخ,فيديو ,2025-03-18,حلويات رمضان بمكونات بسيطة,28103,16344.0,34872,589.0,81.0,6.0,0
849.0,أكاديمية  المعرفة,يوتيوب ,تعليم,image,2025-02-07,خطوات عملية لتعلم مهارة جديدة,4112,450.0,923,28.0,2.0,2.0,نعم
1901.0, أخبار الرياضة,TikTok,Sports,فيديو,21/12/2024,أهم أحداث مباراة اليوم بالتفصيل,135377,72029.0,145683,6953.0,960.0,1137.0,
993.0,جادجت العرب,youtube,تقنيه,ريلز,13-12-2024,خمس تطبيقات تساعدك في تنظيم وقتك,36583,6529.0,9737,561.0,27.0,103.0,1
1372.0,أخبار مصر الآن  ,تيك توك,أخبار,صورة,09/07/2024,ملخص أهم الأخبار المحلية اليوم,33596,12857.0,22331,541.0,42.0,108.0,1
3516.0, كورة كل يوم,فيس بوك,Sports,story,26-04-2025,تحليل فني لأداء الفريق هذا الموسم,83937,15006.0,16617,205.0,9.0,38.0,نعم
2594.0, جادجت العرب,انستغرام,تقنية,text,2024-07-04,كل ما تريد معرفته عن الذكاء الاصطناعي,20533,3875.0,4205,151.0,8.0,5.0,1
3669.0,ضحك ونكت  ,فيسبوك,ترفيه,صور,2024-02-20,مقاطع مضحكة من كواليس التصوير,17106,10086.0,12257,810.0,96.0,78.0,No
3470.0,أخبار مصر الآن,انستجرام,,image,2024-07-10,بيان رسمي حول القرار الأخير,72680,8442.0,14692,590.0,12.0,27.0,0
1397.0,ستايل بنات ✅,يوتيوب ,موضة,نص,2024-06-17,إطلالات بسيطة وأنيقة لكل يوم,14343,2790.0,2909,191.0,6.0,8.0,0
1602.0,فوازير رمضان  ,فيس بوك,كوميدي,صوره,07-12-2024,نكت وضحك من غير توقف,34068,5733.0,10247,264.0,37.0,43.0,
142.0,تكنولوجيا بلس,فيسبوك,تقنيه,صورة,18/02/2024,مقارنة بين أفضل اللابتوبات لعام هذا,104104,23475.0,46825,182.0,9.0,5.0,
1719.0, أخبار الرياضة,فيسبوك ,رياضة,ستوري ,24/10/2025,تشكيلة المنتخب المتوقعة في المباراة القادمة,316640,138696.0,251907,3921.0,425.0,299.0,لا
613.0,أزياء العرب ✅,يوتيوب,موضة,text,22/12/2024,إطلالات بسيطة وأنيقة لكل يوم,118260,70469.0,90820,6933.0,341.0,595.0,
1532.0,منصة التعليم ✅,انستغرام,Education,ستوري ,2024-12-01,نصائح للطلاب الجدد في الجامعة,18145,7894.0,15721,700.0,38.0,123.0,
3830.0, أخبار مصر الآن,يوتيوب ,News,text,26/09/2024,بيان رسمي حول القرار الأخير,18878,7415.0,11993,379.0,32.0,31.0,
1991.0, بوابة الأحداث,insta,اخبار,Reel,20-08-2024,آخر التطورات في الساعات الماضية,58620,14936.0,21595,264.0,30.0,41.0,Yes
1252.0,أخبار مصر الآن,youtube,اخبار,فيديو,2025-07-01,تغطية مباشرة لفعاليات المؤتمر,30195,16829.0,34048,1199.0,102.0,117.0,Yes
569.0,بوابة الأحداث  ,فيسبوك,اخبار,فيديو,2024-04-16,تغطية مباشرة لفعاليات المؤتمر,6845,3795.0,5646,72.0,4.0,7.0,
1609.0,منصة  التعليم,TikTok,تعليم,image,11/09/2024,شرح مبسط لأهم قواعد اللغة العربية,104041,9434.0,11415,853,122.0,170.0,0
863.0, كورة كل يوم,FB,كورة,ستوري,30/11/2025,تشكيلة المنتخب المتوقعة في المباراة القادمة,191708,89395.0,154479,1986.0,225.0,52.0,
3753.0,اليوم السابع نيوز,انستجرام,News,story,27/12/2025,تغطية مباشرة لفعاليات المؤتمر,216042,59165.0,63320,"4,081",87.0,515.0,
3330.0, ستايل بنات,YouTube,موضة ,نص,2024-08-05,أحدث صيحات الموضة لهذا الموسم,21684,10015.0,13007,577.0,33.0,30.0,Yes
3795.0, جادجت العرب,انستغرام,تكنولوجيا,reels,2024-03-19,كل ما تريد معرفته عن الذكاء الاصطناعي,60078,6177.0,9226,305.0,14.0,40.0,
3392.0,موضة اليوم ✅,تيك توك,موضة,Reel,29/01/2024,إطلالات بسيطة وأنيقة لكل يوم,94047,35032.0,71763,1249.0,164.0,60.0,
1314.0,موضة اليوم,insta,أزياء,صوره,07/12/2024,أفكار تنسيق ملابس اقتصادية,41021,8553.0,10198,470.0,14.0,67.0,
4132.0, كوميديا العرب,TikTok,كوميدي,صورة,2025-07-30,مقاطع مضحكة من كواليس التصوير,76047,4716.0,9869,119.0,,3.0,
1668.0, مطبخ سارة,X,Food,صوره,2025-02-17,وصفة سريعة ولذيذة لعشاء اليوم,24228,3037.0,6131,155.0,6.0,27.0,
2893.0,عالم الطبخ ✅,تويتر (X),Food,فيديو ,2024-03-28,طريقة عمل الكنافة بالقشطة خطوة بخطوة,11778,6125.0,7226,559.0,78.0,41.0,لا
2393.0,أخبار الرياضة,تويتر(X),Sports,reels,2025-10-28,تشكيلة المنتخب المتوقعة في المباراة القادمة,18296,3731.0,4750,311.0,29.0,16.0,1
3202.0,ستايل بنات,انستجرام,موضة ,فيديو ,,نصائح لاختيار الألوان المناسبة لبشرتك,74891,28357.0,42507,449.0,13.0,57.0,لا
1198.0,اليوم  السابع  نيوز,تيكتوك,أخبار,ستوري ,,  ملخص أهم الأخبار المحلية اليوم   ,227270,73568.0,92475,639.0,24.0,92.0,
2828.0,كورة كل يوم,X,رياضة,نص,2025-07-22,أهم أحداث مباراة اليوم بالتفصيل,115073,67326.0,74152,726.0,82.0,139.0,
2974.0,كوميديا العرب  ,youtube,كوميدي,صورة,29/05/2025,تحدي جديد بين المتابعين,64478,18837.0,25183,262.0,34.0,21.0,
846.0,مطبخ سارة,تويتر(X),Food,ستوري,20/12/2025,أسرار المطبخ اللي محدش بيقولهالك,80659,6340.0,7204,34.0,4.0,5.0,
603.0, ضحك ونكت,يوتيوب,كوميدي,نص,22/03/2025,تحدي جديد بين المتابعين,42004,19743.0,32143,531.0,16.0,49.0,
2568.0,فوازير رمضان,انستجرام,كوميدي,image,2025-06-16,مقاطع مضحكة من كواليس التصوير,189456,72837.0,127379,3212.0,464.0,479.0,
3476.0,أكاديمية  المعرفة,فيسبوك,تعليم ,نص,2025-06-20,  خطوات عملية لتعلم مهارة جديدة   ,28362,11960.0,22392,456.0,63.0,89.0,
3216.0,بوابة الأحداث,فيسبوك ,أخبار,صور,2025-12-27,تفاصيل جديدة حول الحدث الذي شغل الرأي العام,48717,9120.0,12755,737.0,101.0,88.0,
1933.0,أخبار مصر الآن  ,TikTok,اخبار,story,,ملخص أهم الأخبار المحلية اليوم,129447,69706.0,90183,4493.0,258.0,394.0,
1937.0,أزياء العرب  ,تويتر(X),موضة ,story,2024-02-10,إطلالات بسيطة وأنيقة لكل يوم,45290,21457.0,46328,"1,086",128.0,192.0,
1546.0, جادجت العرب,FB,تقنية,ستوري ,2024-08-16,مراجعة كاملة لأحدث هاتف صدر هذا الشهر,9263,4718.0,6569,281.0,13.0,23.0,
3320.0,اليوم  السابع  نيوز,فيسبوك ,اخبار,فديو,2024-12-17,بيان رسمي حول القرار الأخير,12063,3434.0,4902,334.0,22.0,27.0,
4067.0,منصة التعليم  ,YouTube,تعليم,reels,2024-01-08,شرح مبسط لأهم قواعد اللغة العربية,83325,15464.0,19446,915.0,24.0,19.0,0
424.0,أزياء  العرب,تويتر,موضة,منشور نصي,19/09/2025,نصائح لاختيار الألوان المناسبة لبشرتك,43339,17625.0,23280,117.0,6.0,16.0,
3286.0,مطبخ سارة,إنستغرام,Food,فيديو ,2024-10-13,طريقة عمل الكنافة بالقشطة خطوة بخطوة,265013,41291.0,82014,1364.0,164.0,175.0,
1303.0,أخبار الرياضة ✅,تيك توك,رياضة,video,2025-09-19,أفضل اللقطات من الجولة الأخيرة,78923,22715.0,45302,1528.0,169.0,99.0,
829.0,أخبار مصر الآن,TikTok,اخبار,صورة,2025-08-08,آخر التطورات في الساعات الماضية,12757,6758.0,11730,153.0,13.0,3.0,0
152.0,أخبار الرياضة  ,فيسبوك,رياضة ,ستوري ,2024-05-26,تحليل فني لأداء الفريق هذا الموسم,20837,12443.0,15039,568.0,62.0,22.0,
1403.0, كوميديا العرب,تيكتوك,ترفيه,ريلز,2024-10-27,تحدي جديد بين المتابعين,27226,5557.0,5911,411.0,20.0,22.0,
2744.0, كورة كل يوم,تويتر(X),رياضة,صوره,14-09-2025,تحليل فني لأداء الفريق هذا الموسم,35917,21203.0,40226,1419.0,56.0,18.0,No
3481.0,منصة التعليم ✅,تيكتوك,تعليم,Reel,,شرح مبسط لأهم قواعد اللغة العربية,94239,35496.0,77046,1935.0,231.0,202.0,
37.0, أخبار الرياضة,youtube,Sports,فيديو,2024-09-28,أهم أحداث مباراة اليوم بالتفصيل,51937,22507.0,41479,748.0,93.0,122.0,
2677.0,مطبخ سارة,tiktok,طبخ,منشور نصي,16/08/2024,حلويات رمضان بمكونات بسيطة,19343,6390.0,9211,326.0,18.0,59.0,1
2700.0, أزياء العرب,FB,أزياء,story,2025-03-24,موديلات جديدة من أشهر الماركات,16018,7629.0,9396,334.0,21.0,17.0,
398.0,أخبار الرياضة,youtube,رياضة,ستوري,2025-02-19,أخبار الانتقالات الصيفية,9601,3107.0,3870,152.0,9.0,26.0,
1006.0, اتعلم اونلاين,يوتيوب,تعليم,ستوري,2024-03-23,نصائح للطلاب الجدد في الجامعة,10777,3088.0,6330,78.0,9.0,9.0,
167.0,عالم  التقنية,insta,تقنيه,ريلز,2024-06-12,نصائح لحماية حسابك من الاختراق,56388,24332.0,30778,307.0,32.0,19.0,
930.0,اليوم السابع نيوز,تيك توك,أخبار,صوره,2025-07-20,بيان رسمي حول القرار الأخير,13646,3214.0,3559,342.0,27.0,17.0,No
4111.0,كورة  كل  يوم,تيكتوك,Sports,نص,2025-07-14,تحليل فني لأداء الفريق هذا الموسم,86941,44556.0,50152,3425.0,252.0,174.0,لا
1226.0,أخبار الرياضة,انستغرام,Sports,Reel,31/01/2024,أهم أحداث مباراة اليوم بالتفصيل,134516,13745.0,19237,452.0,43.0,42.0,0
2606.0,فوازير رمضان  ,فيس بوك,Entertainment,ستوري,17/01/2025,مقاطع مضحكة من كواليس التصوير,31270,7690.0,12221,676.0,14.0,63.0,
589.0,أزياء العرب  ,insta,أزياء,منشور نصي,,نصائح لاختيار الألوان المناسبة لبشرتك,11460,1298.0,2673,51.0,5.0,4.0,
143.0,ملعب مصر  ,tiktok,رياضة ,فيديو,2025-03-15,أخبار الانتقالات الصيفية,45348,10744.0,20088,97.0,8.0,15.0,0
1241.0,ستايل بنات ✅,تيك توك,موضة,صوره,2024-03-15,أفكار تنسيق ملابس اقتصادية,75500,30244.0,50329,,11.0,31.0,
779.0,اليوم السابع نيوز,انستغرام,اخبار,نص,,تفاصيل جديدة حول الحدث الذي شغل الرأي العام,11417,4315.0,5734,31.0,3.0,3.0,No
3435.0, منصة التعليم,tiktok,تعليم,reels,08-02-2024,نصائح للطلاب الجدد في الجامعة,14795,1794.0,2519,107,5.0,1.0,0
452.0,تكنولوجيا بلس ✅,youtube,Tech,Reel,2025-12-14,خمس تطبيقات تساعدك في تنظيم وقتك,24146,6775.0,6922,408.0,33.0,47.0,
2623.0, بوابة الأحداث,انستجرام,اخبار,reels,,تغطية مباشرة لفعاليات المؤتمر,13495,1448.0,3005,101.0,6.0,14.0,No
1558.0,جادجت العرب  ,انستغرام,Tech,image,2025-08-23,  مراجعة كاملة لأحدث هاتف صدر هذا الشهر   ,42628,8285.0,10723,580.0,77.0,27.0,No
3881.0, عالم الطبخ,فيس بوك,أكل وطبخ,video,,أسرار المطبخ اللي محدش بيقولهالك,10594,3311.0,7272,115.0,11.0,6.0,
3152.0,جادجت العرب,تويتر(X),Tech,reels,2024-01-22,  مقارنة بين أفضل اللابتوبات لعام هذا   ,15191,2819.0,5320,202.0,14.0,27.0,0
2928.0, أزياء العرب,تويتر(X),موضة ,ريلز,29-12-2025,أحدث صيحات الموضة لهذا الموسم,94974,36640.0,41515,3039.0,418.0,533.0,لا
238.0,بوابة الأحداث,تيكتوك,News,نص,09/03/2024,آخر التطورات في الساعات الماضية,25923,11164.0,11998,708.0,89.0,89.0,
990.0,جادجت  العرب,tiktok,تكنولوجيا,ريلز,2025-02-04,مراجعة كاملة لأحدث هاتف صدر هذا الشهر,45780,10206.0,17321,693.0,70.0,99.0,
1375.0,مطبخ سارة ✅,تيك توك,أكل وطبخ,نص,2024-06-24,حلويات رمضان بمكونات بسيطة,2100,696.0,1257,24.0,0.0,1.0,نعم
3214.0,تكنولوجيا  بلس,تيكتوك,تقنية,image,19/04/2024,مقارنة بين أفضل اللابتوبات لعام هذا,15091,2745.0,3391,178.0,15.0,3.0,
2463.0,ضحك ونكت,يوتيوب ,Entertainment,ستوري ,2025-02-13,أفضل خمس مشاهد كوميدية هذا العام,223927,61290.0,101573,4632.0,268.0,180.0,نعم
1022.0,مطبخ  سارة,تويتر(X),طبخ ,reels,2024-01-10,وصفة سريعة ولذيذة لعشاء اليوم,120199,59575.0,97934,1376.0,56.0,247.0,0
3132.0,أكاديمية المعرفة,تويتر,تعليم,نص,05/05/2025,كيف تذاكر بفعالية قبل الامتحانات,15106,4305.0,8961,167.0,6.0,16.0,No
4184.0,كوميديا العرب,تيكتوك,ترفيه,منشور نصي,19/01/2024,مقاطع مضحكة من كواليس التصوير,34186,13807.0,30071,227.0,15.0,16.0,
2986.0,اتعلم اونلاين  ,tiktok,Education,ستوري ,2025-09-14,دورة مجانية لتعلم أساسيات البرمجة,74299,39695.0,51121,3881.0,197.0,405.0,
3586.0,ستايل  بنات,فيسبوك ,أزياء,ريلز,22/02/2024,نصائح لاختيار الألوان المناسبة لبشرتك,37407,21608.0,40979,589.0,87.0,13.0,نعم
1470.0,ضحك ونكت ✅,يوتيوب,كوميدي,صوره,2024-03-19,نكت وضحك من غير توقف,25696,4315.0,4698,435.0,64.0,60.0,1
3490.0,ضحك  ونكت,تويتر (X),كوميدي,story,2024-10-01,أطرف المواقف اللي حصلت الأسبوع ده,65928,13456.0,20044,86.0,10.0,10.0,No
3078.0,كوميديا  العرب,فيسبوك ,Entertainment,video,21/09/2025,نكت وضحك من غير توقف,51330,,19171,201.0,23.0,29.0,لا
1580.0,مطبخ سارة,فيسبوك ,طبخ ,صورة,06/11/2024,أكلة اقتصادية وسهلة التحضير,11161,6021.0,11698,192.0,9.0,18.0,1
1796.0,أكاديمية المعرفة ✅,تويتر(X),تعليم,ستوري,2024-01-03,نصائح للطلاب الجدد في الجامعة,49713,10823.0,15499,369.0,9.0,,لا
3201.0,فوازير  رمضان,X,ترفيه,image,13-05-2025,أطرف المواقف اللي حصلت الأسبوع ده,83885,42542.0,58514,2560.0,297.0,250.0,
2264.0,عالم الطبخ  ,إنستغرام,أكل وطبخ,صوره,19/08/2024,أسرار المطبخ اللي محدش بيقولهالك,83457,24550.0,42136,836.0,104.0,49.0,1
2384.0,ضحك ونكت ✅,تويتر,كوميدي,image,2025-04-21,تحدي جديد بين المتابعين,22609,6686.0,13183,210.0,19.0,,0
804.0,موضة اليوم,TikTok,موضة,reels,2025-02-22,موديلات جديدة من أشهر الماركات,13567,1976.0,2832,97.0,6.0,10.0,
3980.0,أكاديمية المعرفة ✅,insta,تعليم,image,,دورة مجانية لتعلم أساسيات البرمجة,41288,6591.0,13135,430.0,59.0,36.0,0
2880.0,بوابة  الأحداث,youtube,أخبار,ستوري,22/10/2025,تفاصيل جديدة حول الحدث الذي شغل الرأي العام,74303,21245.0,45702,339.0,45.0,61.0,
1227.0,أخبار مصر الآن  ,تويتر (X),اخبار,reels,2025-12-14,تفاصيل جديدة حول الحدث الذي شغل الرأي العام,35509,17603.0,32171,1367.0,82.0,39.0,0
1204.0,ضحك ونكت,تيكتوك,ترفيه,ستوري ,2024-08-18,أطرف المواقف اللي حصلت الأسبوع ده,27100,9186.0,16808,781.0,47.0,119.0,
3689.0,ضحك ونكت  ,TikTok,Entertainment,reels,2024-08-30,نكت وضحك من غير توقف,225532,125100.0,267202,2142.0,268.0,232.0,
856.0,ستايل  بنات,فيس بوك,أزياء,منشور نصي,2025-11-25,أفكار تنسيق ملابس اقتصادية,95590,41157.0,48854,1272.0,60.0,30.0,نعم
2357.0,مطبخ سارة  ,X,طبخ ,صور,2024-03-25,وصفة سريعة ولذيذة لعشاء اليوم,15902,3716.0,3875,351.0,35.0,27.0,
1962.0,منصة التعليم,فيس بوك,تعليم,image,2025-10-16,خطوات عملية لتعلم مهارة جديدة,20147,6656.0,8057,621.0,81.0,57.0,نعم
3203.0, بوابة الأحداث,insta,أخبار,منشور نصي,18/12/2024,تفاصيل جديدة حول الحدث الذي شغل الرأي العام,33781,15395.0,18308,386.0,27.0,20.0,
1565.0,ضحك ونكت  ,X,كوميدي,فيديو ,2025-06-15,تحدي جديد بين المتابعين,29760,15999.0,30009,316.0,19.0,13.0,Yes
4086.0, أخبار الرياضة,تيك توك,Sports,صوره,2024-11-26,أهم أحداث مباراة اليوم بالتفصيل,91644,25045.0,50192,278.0,26.0,23.0,No
1125.0,منصة التعليم,Facebook,Education,Reel,2025-10-08,دورة مجانية لتعلم أساسيات البرمجة,56358,19524.0,26268,324.0,33.0,26.0,
3556.0,اتعلم اونلاين,Facebook,Education,ستوري,2024-08-25,خطوات عملية لتعلم مهارة جديدة,77304,39007.0,54871,575.0,40.0,43.0,
2795.0,كوميديا  العرب,تيكتوك,ترفيه,فديو,16/10/2024,نكت وضحك من غير توقف,21715,6342.0,11026,81.0,7.0,8.0,
2897.0,ضحك ونكت,يوتيوب ,ترفيه,video,19/03/2024,أطرف المواقف اللي حصلت الأسبوع ده,43779,18302.0,29126,957.0,114.0,15.0,0
2194.0,بوابة الأحداث ✅,تويتر(X),أخبار,text,2025-05-23,بيان رسمي حول القرار الأخير,17014,3310.0,5596,300.0,40.0,55.0,
4011.0, ستايل بنات,تويتر (X),موضة,فيديو ,15/04/2025,نصائح لاختيار الألوان المناسبة لبشرتك,27429,6644.0,14114,433.0,51.0,58.0,نعم
1268.0,مطبخ  سارة,يوتيوب,أكل وطبخ,text,05/12/2025,أكلة اقتصادية وسهلة التحضير,47932,9617.0,11923,279.0,26.0,3.0,Yes
4070.0, وصفات ماما,يوتيوب,طبخ ,منشور نصي,02/06/2024,وصفة سريعة ولذيذة لعشاء اليوم,79193,39073.0,45896,2117.0,175.0,166.0,
1444.0, ستايل بنات,Twitter,أزياء,نص,2024-07-24,أفكار تنسيق ملابس اقتصادية,138495,81118.0,169840,1430.0,107.0,112.0,
960.0,اليوم  السابع  نيوز,youtube,اخبار,ستوري,2025-03-17,بيان رسمي حول القرار الأخير,17186,6212.0,11901,88.0,11.0,1.0,نعم
3347.0,ضحك ونكت ✅,FB,ترفيه,ستوري,2024-02-27,نكت وضحك من غير توقف,23660,3363.0,4146,165.0,19.0,11.0,No
186.0, تكنولوجيا بلس,FB,تقنيه,text,2024-01-10,نصائح لحماية حسابك من الاختراق,6845,4060.0,4255,353.0,27.0,52.0,لا
3372.0,جادجت العرب ✅,انستغرام,Tech,video,2024-02-01,خمس تطبيقات تساعدك في تنظيم وقتك,21181,6977.0,11699,559.0,79.0,91.0,No
38.0, أزياء العرب,فيس بوك,موضة,Reel,26-12-2025,أحدث صيحات الموضة لهذا الموسم,63626,33523.0,70260,1712.0,211.0,228.0,
1179.0,أزياء  العرب,يوتيوب ,أزياء,ريلز,2024-04-24,أحدث صيحات الموضة لهذا الموسم,106142,58405.0,59668,"3,690",333.0,263.0,نعم
97.0,أزياء  العرب,يوتيوب,موضة ,text,2025-01-25,أحدث صيحات الموضة لهذا الموسم,47085,9828.0,16682,177.0,15.0,3.0,No
3968.0,جادجت  العرب,FB,تقنية,صورة,,  كل ما تريد معرفته عن الذكاء الاصطناعي   ,61716,19466.0,30060,1290.0,177.0,206.0,
72.0,عالم  الطبخ,فيسبوك,أكل وطبخ,text,2024-06-18,حلويات رمضان بمكونات بسيطة,226717,134443.0,158709,7416.0,1083.0,1260.0,
4090.0,أخبار  مصر  الآن,FB,News,فيديو ,19-05-2024,ملخص أهم الأخبار المحلية اليوم,27415,7234.0,12787,242.0,20.0,5.0,1
2993.0,أخبار  الرياضة,تويتر(X),كورة,فيديو,2024-05-14,تشكيلة المنتخب المتوقعة في المباراة القادمة,40960,8459.0,12304,233.0,20.0,41.0,نعم
2748.0,ستايل بنات,تويتر (X),أزياء,,2025-12-21,أفكار تنسيق ملابس اقتصادية,13120,1274.0,2561,38.0,5.0,,
1699.0,وصفات ماما  ,insta, طبخ,فيديو,21/06/2024,أكلة اقتصادية وسهلة التحضير,57222,7277.0,12406,187.0,22.0,5.0,0
670.0,أخبار مصر الآن,تيك توك,اخبار,ستوري ,2025-12-02,تفاصيل جديدة حول الحدث الذي شغل الرأي العام,43586,24177.0,49924,1717.0,49.0,126.0,0
2336.0,ملعب مصر  ,فيس بوك,كورة,ستوري ,2024-02-20,أفضل اللقطات من الجولة الأخيرة,10442,2619.0,4124,44.0,5.0,8.0,1
1858.0,فوازير رمضان,انستغرام,Entertainment,story,2025-09-25,تحدي جديد بين المتابعين,19920,9551.0,20914,551.0,28.0,51.0,
1658.0,فوازير رمضان ✅,تويتر(X),Entertainment,ستوري,29-09-2025,مقاطع مضحكة من كواليس التصوير,47048,6869.0,7452,291.0,38.0,56.0,
3226.0,عالم التقنية  ,تيك توك,تقنيه,ريلز,07/12/2024,نصائح لحماية حسابك من الاختراق,56479,16445.0,22101,251,5.0,,1
2109.0,أخبار الرياضة ✅,تيك توك,كورة,منشور نصي,2024-11-13,تحليل فني لأداء الفريق هذا الموسم,30689,12092.0,17782,1137.0,56.0,93.0,
3033.0,كوميديا  العرب,إنستغرام,Entertainment,story,2025-02-09,تحدي جديد بين المتابعين,65557,38250.0,83578,2880.0,132.0,163.0,
2144.0,اتعلم اونلاين ✅,تويتر (X),تعليم ,ستوري ,2024-09-27,نصائح للطلاب الجدد في الجامعة,117752,12489.0,13428,519.0,72.0,93.0,
1967.0,أخبار الرياضة ✅,فيسبوك,Sports,story,2025-06-24,أفضل اللقطات من الجولة الأخيرة,20884,3192.0,5065,255.0,34.0,33.0,
1875.0,بوابة الأحداث  ,FB,اخبار,ستوري ,2024-12-30,بيان رسمي حول القرار الأخير,24042,8571.0,17710,238.0,19.0,36.0,
1378.0,فوازير رمضان ✅,تويتر(X),Entertainment,Reel,2025-06-21,مقاطع مضحكة من كواليس التصوير,14735,1276.0,2770,91.0,7.0,4.0,0
3611.0,بوابة الأحداث,فيسبوك ,News,ستوري ,2025-09-22,تغطية مباشرة لفعاليات المؤتمر,36529,12761.0,18236,849.0,53.0,51.0,1
994.0,اليوم السابع نيوز  ,X,News,image,12/09/2025,تغطية مباشرة لفعاليات المؤتمر,8278,3111.0,4529,164.0,15.0,16.0,1
1915.0,أزياء العرب,تيكتوك,موضة,video,2024-03-08,أحدث صيحات الموضة لهذا الموسم,66851,14085.0,29821,848.0,82.0,28.0,
2411.0, كورة كل يوم,تويتر,رياضة,صور,11-04-2025,تشكيلة المنتخب المتوقعة في المباراة القادمة,89890,39103.0,46079,2953.0,233.0,324.0,
3762.0,منصة  التعليم,انستجرام,Education,ريلز,2024-10-03,شرح مبسط لأهم قواعد اللغة العربية,99583,37482.0,72502,936.0,44.0,130.0,
79.0,اتعلم اونلاين ✅,إنستغرام,تعليم,صور,,خطوات عملية لتعلم مهارة جديدة,11122,6086.0,8629,356.0,25.0,45.0,
3848.0,ستايل بنات ✅,tiktok,موضة,منشور نصي,2024-05-31,أحدث صيحات الموضة لهذا الموسم,83619,33361.0,68722,1718.0,66.0,309.0,لا
229.0,اتعلم اونلاين,تويتر(X),تعليم,reels,2024-12-03,خطوات عملية لتعلم مهارة جديدة,53561,29762.0,47510,3333.0,157.0,622.0,
3461.0,ضحك ونكت,youtube,كوميدي,منشور نصي,,أطرف المواقف اللي حصلت الأسبوع ده,22126,13101.0,18888,508.0,73.0,99.0,لا
1954.0,أزياء العرب  ,تويتر(X),موضة,video,2025-02-22,  أحدث صيحات الموضة لهذا الموسم   ,62847,6399.0,8819,499.0,46.0,46.0,لا
3115.0,أزياء العرب  ,تويتر (X),أزياء,image,16-09-2025,موديلات جديدة من أشهر الماركات,37849,10980.0,16996,891.0,120.0,129.0,
2282.0,عالم الطبخ,tiktok,Food,text,,وصفة سريعة ولذيذة لعشاء اليوم,35607,14309.0,23473,1202.0,24.0,186.0,No
944.0,عالم التقنية ✅,انستغرام,تقنيه,story,21/04/2025,كل ما تريد معرفته عن الذكاء الاصطناعي,76090,12059.0,15149,760.0,107.0,20.0,No
2563.0,عالم الطبخ,tiktok,أكل وطبخ,image,24-11-2024,حلويات رمضان بمكونات بسيطة,18161,8091.0,14581,497.0,20.0,27.0,No
3403.0,ستايل بنات,youtube,أزياء,reels,2025-05-30,أفكار تنسيق ملابس اقتصادية,70194,17446.0,35116,976.0,98.0,30.0,No
242.0,ضحك ونكت ✅,يوتيوب ,Entertainment,نص,2025-10-16,مقاطع مضحكة من كواليس التصوير,2721,154.0,198,16.0,2.0,1.0,
2642.0, جادجت العرب,tiktok,تكنولوجيا,text,10-01-2025,مراجعة كاملة لأحدث هاتف صدر هذا الشهر,28103,3109.0,4112,253.0,14.0,12.0,
3900.0,بوابة  الأحداث,فيسبوك,أخبار,فيديو ,2024-11-26,آخر التطورات في الساعات الماضية,29539,12791.0,25754,338.0,36.0,15.0,
527.0,أكاديمية  المعرفة,فيسبوك ,Education,صوره,2024-05-30,نصائح للطلاب الجدد في الجامعة,5389,418.0,444,27.0,1.0,3.0,
2574.0,أخبار  الرياضة,تيكتوك,رياضة,,2025-01-09,أخبار الانتقالات الصيفية,127868,34625.0,56579,540.0,53.0,107.0,0
2721.0, اليوم السابع نيوز,tiktok,اخبار,فديو,22-01-2024,بيان رسمي حول القرار الأخير,2087,413.0,760,5,0.0,0.0,
2627.0,منصة  التعليم,يوتيوب ,Education,صور,20-02-2025,نصائح للطلاب الجدد في الجامعة,24234,6660.0,9197,88.0,12.0,16.0,No
2450.0,وصفات ماما,تيك توك, طبخ,صوره,14/06/2024,وصفة سريعة ولذيذة لعشاء اليوم,183021,73648.0,145535,2789.0,117.0,192.0,
2042.0,عالم التقنية  ,فيسبوك,تقنيه,منشور نصي,17/08/2025,  مقارنة بين أفضل اللابتوبات لعام هذا   ,17090,5565.0,7162,315.0,24.0,24.0,No
1807.0,ستايل بنات  ,يوتيوب,موضة,منشور نصي,23/07/2025,أفكار تنسيق ملابس اقتصادية,31768,11753.0,19116,413.0,59.0,20.0,Yes
2327.0,أزياء العرب  ,YouTube,أزياء,ستوري ,2025-03-27,نصائح لاختيار الألوان المناسبة لبشرتك,31531,5518.0,7201,321.0,37.0,39.0,
3349.0,أخبار  مصر  الآن,فيسبوك,أخبار,image,2025-05-05,تغطية مباشرة لفعاليات المؤتمر,64624,21998.0,42106,902.0,85.0,173.0,1
84.0,اليوم السابع نيوز  ,تويتر(X),News,image,10-11-2025,ملخص أهم الأخبار المحلية اليوم,94385,13908.0,15388,205.0,9.0,16.0,نعم
430.0,بوابة الأحداث,Facebook,أخبار,ستوري ,25-01-2025,بيان رسمي حول القرار الأخير,30504,13662.0,13810,840.0,86.0,47.0,
1245.0,ستايل  بنات,فيسبوك,موضة,فديو,2025-10-14,أحدث صيحات الموضة لهذا الموسم,546229,113431.0,163380,1031.0,54.0,24.0,
734.0,مطبخ سارة  ,Instagram, طبخ,reels,2025-12-07,وصفة سريعة ولذيذة لعشاء اليوم,12207,1164.0,1379,51.0,,3.0,
3542.0,ستايل بنات,تيك توك,موضة ,صورة,2025-10-29,أحدث صيحات الموضة لهذا الموسم,52255,26045.0,35323,2689.0,114.0,270.0,
982.0,عالم الطبخ  ,انستجرام,Food,text,21-09-2025,طريقة عمل الكنافة بالقشطة خطوة بخطوة,6356,3670.0,6371,80.0,1.0,4.0,0
3534.0,كوميديا العرب  ,insta,كوميدي,نص,2024-03-28,أطرف المواقف اللي حصلت الأسبوع ده,34240,19046.0,32414,1624.0,86.0,111.0,
760.0,فوازير  رمضان,tiktok,Entertainment,text,2024-01-09,أفضل خمس مشاهد كوميدية هذا العام,7463,920.0,1944,85.0,2.0,13.0,0
1479.0, ملعب مصر,تيكتوك,رياضة,reels,25-06-2025,تشكيلة المنتخب المتوقعة في المباراة القادمة,6276,3559.0,6813,255.0,14.0,12.0,لا
339.0,اليوم السابع نيوز,فيسبوك,News,صور,2024-08-21,تفاصيل جديدة حول الحدث الذي شغل الرأي العام,5996,1155.0,1424,9.0,0.0,1.0,No
27.0,عالم الطبخ,فيسبوك ,طبخ ,ستوري ,2025-04-14,حلويات رمضان بمكونات بسيطة,7277,736.0,1528,68.0,4.0,5.0,لا
2604.0,اليوم  السابع  نيوز,FB,News,صورة,,تغطية مباشرة لفعاليات المؤتمر,28446,6900.0,12980,497.0,,48.0,نعم
1587.0,عالم التقنية  ,انستغرام,تكنولوجيا,ستوري ,02-06-2024,كل ما تريد معرفته عن الذكاء الاصطناعي,32618,18500.0,25019,893,81.0,101.0,
1783.0,وصفات ماما  ,تيكتوك, طبخ,,2024-12-04,وصفة سريعة ولذيذة لعشاء اليوم,4622,1903.0,3541,81.0,3.0,5.0,
321.0,أزياء العرب,تيك توك,موضة,story,2025-04-20,أفكار تنسيق ملابس اقتصادية,17882,5042.0,7528,488.0,48.0,33.0,لا
1.0,أكاديمية المعرفة  ,فيسبوك,Education,text,26-01-2024,شرح مبسط لأهم قواعد اللغة العربية,59677,27009.0,46412,410.0,11.0,71.0,No
1912.0,ستايل بنات,insta,موضة,نص,18/02/2025,أفكار تنسيق ملابس اقتصادية,25663,12327.0,16901,927.0,67.0,21.0,
2432.0,عالم  الطبخ,تويتر (X),طبخ ,فيديو,19/06/2025,أكلة اقتصادية وسهلة التحضير,8564,2603.0,4600,117.0,2.0,5.0,
3697.0,ضحك ونكت ✅,إنستغرام,كوميدي,ريلز,21/04/2025,نكت وضحك من غير توقف,47608,,33880,577.0,56.0,63.0,نعم
408.0,كورة كل يوم ✅,إنستغرام,كورة,صورة,2025-04-02,أهم أحداث مباراة اليوم بالتفصيل,13385,6761.0,12417,462.0,64.0,65.0,No
1085.0,اتعلم اونلاين,X,تعليم,صور,17/05/2025,نصائح للطلاب الجدد في الجامعة,6443,560.0,872,47.0,6.0,4.0,
1845.0,أخبار الرياضة,FB,رياضة ,ستوري,12/10/2025,أخبار الانتقالات الصيفية,10845,4281.0,5173,38.0,1.0,6.0,لا
1285.0,فوازير رمضان,insta,كوميدي,story,21-08-2024,نكت وضحك من غير توقف,46249,26310.0,29419,745.0,96.0,78.0,
1192.0, أزياء العرب,يوتيوب ,موضة ,منشور نصي,11/12/2024,إطلالات بسيطة وأنيقة لكل يوم,36636,15417.0,19514,105.0,6.0,17.0,1
621.0,ضحك ونكت,youtube,كوميدي,صوره,2024-10-12,تحدي جديد بين المتابعين,143845,65343.0,113182,2609.0,140.0,233.0,لا
1794.0,تكنولوجيا بلس,TikTok,تكنولوجيا,Reel,2025-08-03,  كل ما تريد معرفته عن الذكاء الاصطناعي   ,24577,12678.0,20894,661.0,63.0,115.0,
751.0,أخبار مصر الآن ✅,insta,أخبار,story,2024-02-17,تغطية مباشرة لفعاليات المؤتمر,121371,42436.0,48834,1130.0,53.0,99.0,No
2377.0,عالم الطبخ,فيسبوك ,,story,23-12-2024,طريقة عمل الكنافة بالقشطة خطوة بخطوة,38909,8633.0,10967,459.0,9.0,72.0,No
2603.0,أخبار الرياضة ✅,تويتر,Sports,منشور نصي,2024-10-31,تحليل فني لأداء الفريق هذا الموسم,21990,1160.0,1728,65.0,8.0,9.0,1
1972.0,ضحك ونكت ✅,فيس بوك,Entertainment,فيديو ,2024-09-03,تحدي جديد بين المتابعين,25937,10623.0,16206,888.0,32.0,17.0,لا
3637.0,بوابة  الأحداث,insta,أخبار,ريلز,,بيان رسمي حول القرار الأخير,17100,2698.0,5637,187.0,18.0,21.0,
4063.0,منصة التعليم,tiktok,Education,video,18/08/2024,كيف تذاكر بفعالية قبل الامتحانات,231985,47057.0,61705,3283.0,136.0,584.0,نعم
2866.0, أزياء العرب,فيس بوك,موضة ,text,05/06/2024,نصائح لاختيار الألوان المناسبة لبشرتك,37108,11440.0,21764,368.0,51.0,61.0,
578.0,موضة اليوم,إنستغرام,موضة ,منشور نصي,2025-01-02,إطلالات بسيطة وأنيقة لكل يوم,3017,819.0,1479,49.0,1.0,,
3661.0,اليوم السابع نيوز,فيس بوك,News,ستوري,2024-09-23,تغطية مباشرة لفعاليات المؤتمر,55830,22616.0,48974,1771.0,41.0,238.0,No
1396.0,عالم  التقنية,tiktok,تكنولوجيا,منشور نصي,2024-05-01,خمس تطبيقات تساعدك في تنظيم وقتك,112736,66489.0,93437,3933.0,212.0,421.0,
2374.0,فوازير رمضان,youtube,Entertainment,ستوري,03/07/2024,أطرف المواقف اللي حصلت الأسبوع ده,55696,21593.0,30784,150.0,21.0,18.0,No
4193.0,أخبار الرياضة  ,YouTube,Sports,ستوري ,2024-01-16,أفضل اللقطات من الجولة الأخيرة,73903,26213.0,47938,1863.0,239.0,227.0,
2968.0, كورة كل يوم,يوتيوب ,Sports,,06/05/2024,أخبار الانتقالات الصيفية,24558,10225.0,14707,112.0,4.0,9.0,
1907.0,منصة التعليم ✅,إنستغرام,Education,نص,2025-08-29,شرح مبسط لأهم قواعد اللغة العربية,184486,106934.0,213637,5580.0,204.0,598.0,
271.0,أزياء العرب ✅,فيسبوك,أزياء,text,,أفكار تنسيق ملابس اقتصادية,28955,14821.0,21647,875.0,38.0,68.0,
171.0,أزياء العرب,يوتيوب ,أزياء,story,27/11/2025,أحدث صيحات الموضة لهذا الموسم,51160,24250.0,48833,1908.0,70.0,30.0,Yes
3739.0,تكنولوجيا  بلس,فيسبوك ,تقنية,صور,2025-12-09,نصائح لحماية حسابك من الاختراق,60632,31862.0,60522,484.0,37.0,33.0,No
3851.0,منصة  التعليم,X,Education,ستوري,2024-01-16,خطوات عملية لتعلم مهارة جديدة,20227,3241.0,5919,254.0,37.0,12.0,
2869.0,عالم التقنية ✅,X,تقنيه,فيديو ,15/09/2025,كل ما تريد معرفته عن الذكاء الاصطناعي,60946,26139.0,30317,1496.0,72.0,262.0,1
2995.0,ملعب مصر  ,انستغرام,رياضة ,story,2025-11-26,أخبار الانتقالات الصيفية,75534,41218.0,56415,2282.0,276.0,193.0,
3524.0,أخبار مصر الآن ✅,تويتر (X),News,text,2024-02-07,آخر التطورات في الساعات الماضية,14847,6297.0,11110,318.0,32.0,44.0,
3985.0,موضة اليوم,إنستغرام,موضة ,text,2025-03-13,أفكار تنسيق ملابس اقتصادية,254712,74942.0,122052,3377.0,452.0,573.0,
675.0,أزياء العرب,tiktok,موضة,,17-09-2024,أحدث صيحات الموضة لهذا الموسم,8993,2362.0,2590,37.0,,6.0,نعم
2165.0,تكنولوجيا  بلس,تويتر,تقنيه,صورة,03-11-2024,خمس تطبيقات تساعدك في تنظيم وقتك,26141,7325.0,7714,436.0,13.0,82.0,
679.0,كورة  كل  يوم,Facebook,رياضة ,صوره,13-12-2025,أهم أحداث مباراة اليوم بالتفصيل,93902,7257.0,9495,293.0,34.0,54.0,No
4099.0, جادجت العرب,TikTok,تقنيه,reels,2024-01-26,نصائح لحماية حسابك من الاختراق,56843,8112.0,9371,351.0,46.0,57.0,لا
1497.0,عالم  التقنية,تيك توك,تقنيه,Reel,23-02-2024,نصائح لحماية حسابك من الاختراق,25528,13275.0,20783,997.0,36.0,171.0,Yes
20.0,كورة كل يوم  ,Facebook,Sports,نص,2025-02-16,أهم أحداث مباراة اليوم بالتفصيل,23845,5961.0,12912,483.0,40.0,32.0,No
1276.0,,يوتيوب,كورة,فيديو,2024-08-30,أهم أحداث مباراة اليوم بالتفصيل,28975,,18948,60.0,5.0,8.0,نعم
4197.0,وصفات ماما,insta,أكل وطبخ,Reel,05-02-2024,أسرار المطبخ اللي محدش بيقولهالك,28545,3111.0,5408,257.0,37.0,41.0,
3789.0,كورة  كل  يوم,تويتر (X),كورة,ستوري ,03-10-2024,أفضل اللقطات من الجولة الأخيرة,51896,2747.0,5097,97.0,11.0,15.0,نعم
2223.0, بوابة الأحداث,يوتيوب ,أخبار,منشور نصي,2024-03-14,تفاصيل جديدة حول الحدث الذي شغل الرأي العام,42590,23389.0,24987,529.0,40.0,69.0,1
2577.0,جادجت العرب ✅,تويتر (X),تقنيه,منشور نصي,2025-09-04,مقارنة بين أفضل اللابتوبات لعام هذا,18133,5571.0,7957,335.0,36.0,36.0,0
3187.0,عالم الطبخ  ,YouTube,أكل وطبخ,منشور نصي,2024-12-09,وصفة سريعة ولذيذة لعشاء اليوم,216191,70879.0,121308,5525.0,552.0,883.0,No
2894.0,مطبخ سارة  ,FB, طبخ,image,2024-09-01,طريقة عمل الكنافة بالقشطة خطوة بخطوة,10481,4651.0,7346,287.0,41.0,40.0,نعم
3996.0,بوابة الأحداث,يوتيوب ,أخبار,صور,2025-12-01,ملخص أهم الأخبار المحلية اليوم,81935,10310.0,11399,798.0,88.0,146.0,
2200.0,ملعب مصر  ,youtube,Sports,image,22/07/2025,تحليل فني لأداء الفريق هذا الموسم,11591,4120.0,8032,206.0,21.0,16.0,No
1643.0,أخبار الرياضة ✅,تيكتوك,Sports,فيديو,2025-12-27,أهم أحداث مباراة اليوم بالتفصيل,17620,1511.0,3278,96.0,10.0,14.0,0
254.0, اليوم السابع نيوز,يوتيوب,News,نص,11/10/2024,ملخص أهم الأخبار المحلية اليوم,47505,26623.0,33798,983.0,75.0,124.0,
3163.0, عالم التقنية,يوتيوب ,تقنيه,صورة,2024-11-10,نصائح لحماية حسابك من الاختراق,72501,17723.0,36873,1066.0,77.0,78.0,No
2399.0,بوابة الأحداث ✅,تويتر(X),اخبار,ستوري,2025-01-08,ملخص أهم الأخبار المحلية اليوم,164601,22812.0,49651,1767.0,50.0,273.0,نعم
2159.0,كوميديا العرب,تيك توك,كوميدي,Reel,2025-10-11,أفضل خمس مشاهد كوميدية هذا العام,3398,1468.0,2908,60.0,6.0,1.0,
3912.0,فوازير رمضان ✅,فيس بوك,Entertainment,story,31-01-2025,أفضل خمس مشاهد كوميدية هذا العام,28166,14318.0,17826,325.0,13.0,62.0,نعم
2099.0,وصفات ماما,تيك توك,طبخ ,فيديو ,2025-07-31,طريقة عمل الكنافة بالقشطة خطوة بخطوة,24193,12252.0,25376,275.0,38.0,26.0,1
2249.0,كوميديا العرب,FB,كوميدي,reels,2025-09-26,تحدي جديد بين المتابعين,61921,33197.0,69475,3479.0,479.0,189.0,1
296.0,ملعب مصر  ,TikTok,رياضة,text,30-06-2024,أهم أحداث مباراة اليوم بالتفصيل,97317,9116.0,17117,228.0,28.0,25.0,نعم
1071.0,كوميديا العرب  ,تيكتوك,Entertainment,text,2025-09-21,مقاطع مضحكة من كواليس التصوير,11691,5316.0,7237,260.0,10.0,39.0,Yes
54.0,مطبخ سارة  ,Instagram,أكل وطبخ,فيديو,23/07/2024,حلويات رمضان بمكونات بسيطة,84931,17420.0,21129,1467.0,218.0,129.0,
3048.0,منصة التعليم,يوتيوب ,تعليم ,فيديو ,14/01/2024,  كيف تذاكر بفعالية قبل الامتحانات   ,23737,12261.0,17232,1117.0,98.0,80.0,
1353.0, ستايل بنات,يوتيوب ,أزياء,منشور نصي,14/07/2024,نصائح لاختيار الألوان المناسبة لبشرتك,24242,4583.0,7428,21.0,,2.0,
2259.0,تكنولوجيا بلس  ,تويتر(X),تكنولوجيا,صوره,10-02-2025,كل ما تريد معرفته عن الذكاء الاصطناعي,15802,6151.0,7424,256.0,20.0,49.0,
192.0,جادجت العرب  ,تويتر(X),تقنية,ستوري ,2025-12-19,مقارنة بين أفضل اللابتوبات لعام هذا,115939,16621.0,26987,677.0,51.0,38.0,No
2520.0,أخبار  الرياضة,يوتيوب ,كورة,text,2025-01-19,أفضل اللقطات من الجولة الأخيرة,11667,858.0,1598,69.0,2.0,6.0,لا
1295.0,كورة كل يوم ✅,تويتر,Sports,ستوري ,31-05-2024,أفضل اللقطات من الجولة الأخيرة,19338,1499.0,3070,14,1.0,1.0,
302.0,وصفات  ماما,تويتر, طبخ,Reel,2025-03-24,طريقة عمل الكنافة بالقشطة خطوة بخطوة,44407,19174.0,30969,526.0,12.0,35.0,
366.0,تكنولوجيا بلس ✅,تيك توك,Tech,فيديو ,2024-05-29,كل ما تريد معرفته عن الذكاء الاصطناعي,31752,18458.0,35314,1859.0,109.0,55.0,
1779.0,موضة اليوم  ,فيسبوك,موضة,ستوري,2025-06-08,نصائح لاختيار الألوان المناسبة لبشرتك,47691,17451.0,34478,1592.0,146.0,308.0,Yes
103.0,ستايل بنات  ,TikTok,موضة ,story,31/05/2024,أحدث صيحات الموضة لهذا الموسم,120718,35192.0,51110,1476.0,172.0,155.0,1
2512.0, منصة التعليم,insta,تعليم ,Reel,2025-05-23,خطوات عملية لتعلم مهارة جديدة,19409,4899.0,8845,464.0,19.0,47.0,نعم
745.0,بوابة الأحداث,Facebook,اخبار,صور,2025-05-22,آخر التطورات في الساعات الماضية,77614,45143.0,69164,1533.0,167.0,94.0,
3279.0,جادجت العرب  ,تويتر (X),تكنولوجيا,فيديو,11/09/2024,مراجعة كاملة لأحدث هاتف صدر هذا الشهر,6011,1302.0,1651,19.0,0.0,3.0,0
3244.0,مطبخ سارة,تويتر,Food,صوره,07/09/2024,أسرار المطبخ اللي محدش بيقولهالك,23699,10782.0,19085,,129.0,84.0,
2311.0,وصفات  ماما,فيسبوك,أكل وطبخ,video,2024-02-29,طريقة عمل الكنافة بالقشطة خطوة بخطوة,40747,20045.0,25227,916.0,108.0,,0
2418.0,ستايل  بنات,tiktok,أزياء,ريلز,15/05/2024,نصائح لاختيار الألوان المناسبة لبشرتك,26723,10789.0,15893,611.0,86.0,110.0,
1902.0,ستايل بنات  ,تويتر(X),موضة ,صوره,,أفكار تنسيق ملابس اقتصادية,69337,37585.0,38109,3444.0,426.0,117.0,
2015.0,تكنولوجيا بلس ✅,تيكتوك,تقنية,story,29/07/2024,مقارنة بين أفضل اللابتوبات لعام هذا,26639,6743.0,13934,317.0,20.0,19.0,1
3977.0,اتعلم اونلاين,X,Education,image,2024-02-21,خطوات عملية لتعلم مهارة جديدة,76649,13703.0,23201,551.0,51.0,102.0,
2372.0,موضة اليوم ✅,فيسبوك,موضة ,video,2024-04-01,أحدث صيحات الموضة لهذا الموسم,14029,1459.0,2376,73.0,8.0,12.0,نعم
4186.0,كورة كل يوم  ,فيس بوك,رياضة ,منشور نصي,2025-10-01,  أخبار الانتقالات الصيفية   ,7309,2196.0,4542,147.0,12.0,9.0,
1488.0,فوازير رمضان,يوتيوب,Entertainment,فيديو,2024-01-09,نكت وضحك من غير توقف,105258,17647.0,17769,628.0,77.0,30.0,No
2224.0,موضة  اليوم,insta,أزياء,فديو,2024-12-24,أفكار تنسيق ملابس اقتصادية,39786,22661.0,25717,873.0,118.0,168.0,
1207.0,ضحك ونكت,يوتيوب,Entertainment,ستوري ,,تحدي جديد بين المتابعين,17518,1741.0,2975,98.0,7.0,1.0,
375.0,تكنولوجيا  بلس,فيسبوك,Tech,text,2025-06-13,نصائح لحماية حسابك من الاختراق,56301,6702.0,6838,578.0,20.0,,
1214.0,عالم التقنية ✅,فيسبوك ,Tech,صور,2024-04-24,نصائح لحماية حسابك من الاختراق,116235,37509.0,70467,491,66.0,10.0,
1920.0,اليوم السابع نيوز ✅,إنستغرام,اخبار,Reel,21/02/2024,آخر التطورات في الساعات الماضية,79124,5650.0,5894,475.0,31.0,85.0,
1352.0, كوميديا العرب,youtube,Entertainment,video,2025-10-08,أفضل خمس مشاهد كوميدية هذا العام,10554,2647.0,3894,219.0,19.0,34.0,
292.0,أزياء العرب  ,فيسبوك,موضة,ستوري ,2025-04-28,نصائح لاختيار الألوان المناسبة لبشرتك,85201,17235.0,37576,248.0,10.0,44.0,
3237.0,جادجت العرب,تيكتوك,Tech,منشور نصي,,كل ما تريد معرفته عن الذكاء الاصطناعي,211214,26058.0,36246,278.0,40.0,46.0,No
390.0,كوميديا العرب,YouTube,Entertainment,Reel,2024-04-02,أفضل خمس مشاهد كوميدية هذا العام,59152,21341.0,41101,805,17.0,62.0,نعم
822.0, ضحك ونكت,TikTok,Entertainment,Reel,2025-02-04,أطرف المواقف اللي حصلت الأسبوع ده,46309,22438.0,39031,193.0,11.0,15.0,
3608.0,أزياء  العرب,TikTok,موضة,video,,أحدث صيحات الموضة لهذا الموسم,7463,3303.0,3527,124.0,14.0,21.0,
1768.0,وصفات ماما  ,تيك توك,أكل وطبخ,Reel,2025-02-10,أسرار المطبخ اللي محدش بيقولهالك,2386,1122.0,1153,34.0,2.0,1.0,
248.0, ضحك ونكت,youtube,Entertainment,فيديو,07/06/2025,مقاطع مضحكة من كواليس التصوير,17095,7589.0,8245,60.0,8.0,9.0,لا
3959.0,فوازير رمضان ✅,TikTok,كوميدي,ريلز,2024-07-24,أطرف المواقف اللي حصلت الأسبوع ده,158558,46585.0,55853,1308.0,47.0,,1
1184.0,أزياء العرب,يوتيوب ,موضة,video,24-11-2024,أحدث صيحات الموضة لهذا الموسم,18388,5827.0,9617,619.0,48.0,38.0,
1859.0,مطبخ سارة,Instagram,طبخ,text,2025-04-02,وصفة سريعة ولذيذة لعشاء اليوم,29161,5716.0,8771,372.0,52.0,10.0,
1689.0,منصة  التعليم,youtube,تعليم,Reel,2025-04-24,دورة مجانية لتعلم أساسيات البرمجة,111683,,87455,4317.0,262.0,503.0,
,ضحك ونكت  ,FB,كوميدي,صور,2025-02-14,أطرف المواقف اللي حصلت الأسبوع ده,39308,4082.0,7954,254.0,18.0,20.0,No
215.0,فوازير رمضان,تيك توك,Entertainment,ستوري,2024-01-18,تحدي جديد بين المتابعين,10468,5017.0,6671,384.0,41.0,10.0,Yes
1017.0,أخبار الرياضة ✅,X,رياضة,فديو,29-06-2025,أفضل اللقطات من الجولة الأخيرة,60483,35788.0,76404,940.0,104.0,90.0,نعم
3166.0, ستايل بنات,يوتيوب ,موضة ,ستوري,2025-05-04,إطلالات بسيطة وأنيقة لكل يوم,21274,3044.0,4856,197.0,20.0,4.0,نعم
411.0,كوميديا العرب ✅,TikTok,Entertainment,فيديو,2024-07-18,مقاطع مضحكة من كواليس التصوير,12189,5880.0,11062,176.0,22.0,2.0,No
3378.0,كورة كل يوم,Facebook,Sports,video,2025-04-21,أخبار الانتقالات الصيفية,118740,6572.0,11886,486.0,31.0,53.0,
3287.0,ضحك ونكت ✅,تيكتوك,Entertainment,ستوري,2024-12-14,أفضل خمس مشاهد كوميدية هذا العام,14530,3170.0,5432,122.0,11.0,4.0,نعم
3281.0,ضحك ونكت,Instagram,Entertainment,فيديو ,08/10/2024,أفضل خمس مشاهد كوميدية هذا العام,30073,6619.0,7095,150.0,22.0,8.0,
3186.0,تكنولوجيا  بلس,فيسبوك ,تقنية,text,2025-05-14,مقارنة بين أفضل اللابتوبات لعام هذا,106793,57080.0,66816,3562.0,256.0,553.0,لا
833.0,تكنولوجيا بلس,youtube,Tech,صور,31/03/2025,نصائح لحماية حسابك من الاختراق,21274,8354.0,11923,554.0,57.0,30.0,
180.0, ضحك ونكت,تيك توك,Entertainment,text,2025-05-06,مقاطع مضحكة من كواليس التصوير,91549,40533.0,79528,1652.0,50.0,297.0,1
691.0,أكاديمية المعرفة,فيس بوك,,منشور نصي,29/07/2024,شرح مبسط لأهم قواعد اللغة العربية,60796,20940.0,36904,395.0,10.0,28.0,1
3087.0,وصفات ماما  ,تيكتوك,أكل وطبخ,story,31/10/2024,أسرار المطبخ اللي محدش بيقولهالك,22219,6465.0,7484,562.0,54.0,88.0,
471.0,وصفات ماما ✅,يوتيوب ,طبخ ,نص,2025-02-12,وصفة سريعة ولذيذة لعشاء اليوم,77403,40397.0,88758,815,59.0,28.0,
705.0,اليوم السابع نيوز ✅,يوتيوب ,News,story,,ملخص أهم الأخبار المحلية اليوم,179609,37154.0,65276,1690.0,200.0,107.0,1
2542.0,عالم الطبخ  ,youtube,طبخ,فديو,22-09-2025,طريقة عمل الكنافة بالقشطة خطوة بخطوة,9499,481.0,922,26.0,1.0,3.0,نعم
2285.0,كورة كل يوم  ,TikTok,رياضة ,صور,06/11/2025,تشكيلة المنتخب المتوقعة في المباراة القادمة,73015,5584.0,8967,,41.0,64.0,No
2820.0, اليوم السابع نيوز,TikTok,اخبار,ريلز,02/05/2024,آخر التطورات في الساعات الماضية,334771,184888.0,275494,10213.0,1013.0,1284.0,نعم
4154.0,أكاديمية  المعرفة,Instagram,تعليم ,صورة,11/05/2024,خطوات عملية لتعلم مهارة جديدة,78638,33303.0,36589,1509.0,68.0,127.0,
3235.0,أخبار الرياضة,تويتر,رياضة ,ستوري ,2024-03-24,أفضل اللقطات من الجولة الأخيرة,17594,4971.0,9687,464.0,12.0,51.0,1
723.0,فوازير رمضان,يوتيوب,ترفيه,text,12/03/2024,أطرف المواقف اللي حصلت الأسبوع ده,67432,32960.0,67147,1498.0,105.0,290.0,
1076.0,فوازير رمضان,YouTube,كوميدي,صور,2025-10-18,أطرف المواقف اللي حصلت الأسبوع ده,21006,4990.0,9800,435.0,34.0,6.0,
3159.0,اتعلم اونلاين  ,تيك توك,تعليم ,ستوري,,كيف تذاكر بفعالية قبل الامتحانات,48077,21568.0,47280,1598.0,138.0,279.0,Yes
1443.0,تكنولوجيا بلس,إنستغرام,تقنية,text,2024-10-17,خمس تطبيقات تساعدك في تنظيم وقتك,30519,5752.0,8308,34.0,2.0,3.0,
3852.0,أكاديمية المعرفة,X,تعليم ,story,2024-08-05,نصائح للطلاب الجدد في الجامعة,53759,15008.0,21825,1200.0,97.0,54.0,
2890.0,تكنولوجيا بلس ✅,يوتيوب,تقنية,ستوري ,2024-11-08,مراجعة كاملة لأحدث هاتف صدر هذا الشهر,223532,20436.0,36154,1818.0,229.0,248.0,Yes
1936.0,اليوم السابع نيوز  ,youtube,أخبار,image,2025-06-25,ملخص أهم الأخبار المحلية اليوم,12605,5293.0,9032,152.0,12.0,25.0,Yes
64.0,أخبار الرياضة,Instagram,كورة,ريلز,2024-08-09,أفضل اللقطات من الجولة الأخيرة,30947,3547.0,6310,268.0,38.0,21.0,
770.0,عالم الطبخ ✅,تويتر,أكل وطبخ,صوره,11/09/2025,حلويات رمضان بمكونات بسيطة,106077,7634.0,10952,672.0,53.0,13.0,0
2112.0,عالم الطبخ,تيك توك,Food,reels,2024-12-26,طريقة عمل الكنافة بالقشطة خطوة بخطوة,25925,2017.0,4177,51,5.0,,1
325.0,أزياء العرب  ,تويتر,أزياء,text,2025-01-20,أفكار تنسيق ملابس اقتصادية,12204,4594.0,4649,346.0,34.0,60.0,1
820.0,أزياء العرب,يوتيوب ,موضة,image,2025-05-04,أفكار تنسيق ملابس اقتصادية,46691,19918.0,24987,461.0,33.0,25.0,1
781.0,أكاديمية  المعرفة,انستغرام,تعليم,صور,2025-10-01,دورة مجانية لتعلم أساسيات البرمجة,84972,49241.0,86369,827.0,103.0,99.0,
2281.0,اليوم السابع نيوز,X,اخبار,نص,2024-05-16,ملخص أهم الأخبار المحلية اليوم,14795,2039.0,2976,45.0,6.0,3.0,0
1671.0, منصة التعليم,TikTok,تعليم ,reels,2025-09-25,كيف تذاكر بفعالية قبل الامتحانات,79471,47490.0,51856,2597.0,318.0,400.0,نعم
3836.0, جادجت العرب,tiktok,Tech,ريلز,2025-09-30,  مقارنة بين أفضل اللابتوبات لعام هذا   ,14589,7648.0,15177,360.0,20.0,7.0,No
2277.0,جادجت العرب,تيكتوك,تقنية,نص,2024-06-20,خمس تطبيقات تساعدك في تنظيم وقتك,60481,30828.0,50996,1807.0,139.0,251.0,
753.0,اليوم السابع نيوز  ,youtube,News,reels,2025-01-18,تغطية مباشرة لفعاليات المؤتمر,19340,1690.0,2332,48.0,5.0,8.0,
1068.0,عالم التقنية,تويتر,تقنية,reels,2025-12-26,  نصائح لحماية حسابك من الاختراق   ,7724,2739.0,5798,13.0,1.0,0.0,لا
2904.0,أخبار مصر الآن  ,فيس بوك,اخبار,text,07/08/2024,تغطية مباشرة لفعاليات المؤتمر,12129,3997.0,4974,258.0,28.0,30.0,Yes
3883.0,أخبار مصر الآن,فيس بوك,أخبار,صوره,2025-05-26,آخر التطورات في الساعات الماضية,23987,13274.0,22633,106.0,6.0,10.0,Yes
1042.0, تكنولوجيا بلس,تيكتوك,تقنية,ريلز,13/05/2025,خمس تطبيقات تساعدك في تنظيم وقتك,78543,38012.0,54021,1483.0,66.0,32.0,
1237.0,تكنولوجيا  بلس,تويتر (X),تقنيه,,2025-02-17,مقارنة بين أفضل اللابتوبات لعام هذا,36760,8696.0,12063,647.0,64.0,111.0,
3436.0, جادجت العرب,انستجرام,Tech,فيديو ,2024-12-04,خمس تطبيقات تساعدك في تنظيم وقتك,68232,39753.0,68000,3003.0,116.0,369.0,Yes
364.0,فوازير رمضان ✅,tiktok,Entertainment,فديو,28-12-2025,أفضل خمس مشاهد كوميدية هذا العام,26803,7735.0,16181,368.0,11.0,51.0,
2732.0,ستايل بنات ✅,tiktok,أزياء,صورة,2025-08-13,أحدث صيحات الموضة لهذا الموسم,55705,17681.0,30350,537.0,54.0,7.0,
717.0,عالم التقنية,insta,تكنولوجيا,فيديو ,28-01-2024,كل ما تريد معرفته عن الذكاء الاصطناعي,140234,82336.0,119604,6193.0,823.0,274.0,
1136.0,ستايل بنات  ,Instagram,أزياء,ستوري ,,  أحدث صيحات الموضة لهذا الموسم   ,26510,14029.0,17271,218.0,14.0,25.0,0
1165.0,أخبار مصر الآن ✅,انستغرام,اخبار,ستوري,2024-06-03,بيان رسمي حول القرار الأخير,53232,4536.0,9230,366.0,28.0,5.0,No
3300.0,مطبخ سارة ✅,YouTube,أكل وطبخ,فيديو,06/07/2025,أسرار المطبخ اللي محدش بيقولهالك,25534,4218.0,6182,272.0,25.0,53.0,
1364.0,أخبار مصر الآن  ,يوتيوب,أخبار,reels,06/09/2025,ملخص أهم الأخبار المحلية اليوم,23151,6605.0,8170,485.0,27.0,52.0,No
3183.0,بوابة  الأحداث,إنستغرام,أخبار,text,13-11-2025,تفاصيل جديدة حول الحدث الذي شغل الرأي العام,203338,54972.0,116310,3466.0,333.0,488.0,1
3006.0,عالم التقنية ✅,يوتيوب ,تقنيه,صورة,2024-01-15,مقارنة بين أفضل اللابتوبات لعام هذا,26707,15973.0,34093,1168.0,113.0,131.0,
551.0,ملعب  مصر,youtube,رياضة,صورة,2025-03-17,أخبار الانتقالات الصيفية,84691,6590.0,9959,612.0,30.0,32.0,
2056.0,عالم التقنية,X,تكنولوجيا,image,01/10/2024,مراجعة كاملة لأحدث هاتف صدر هذا الشهر,6935,3154.0,5095,273.0,38.0,30.0,
3832.0,جادجت العرب ✅,TikTok,تقنية,ريلز,05/03/2025,كل ما تريد معرفته عن الذكاء الاصطناعي,24767,9417.0,17684,89.0,10.0,9.0,نعم
750.0,اتعلم اونلاين  ,Twitter,تعليم,فيديو ,29/12/2025,كيف تذاكر بفعالية قبل الامتحانات,43725,13256.0,16717,265.0,7.0,12.0,Yes
2133.0,تكنولوجيا بلس,تيكتوك,Tech,text,20/09/2024,نصائح لحماية حسابك من الاختراق,18798,6198.0,6811,454.0,65.0,20.0,Yes
1623.0,كوميديا العرب ✅,YouTube,Entertainment,نص,15-08-2024,مقاطع مضحكة من كواليس التصوير,113955,51873.0,65294,2121.0,265.0,359.0,
4152.0,اليوم  السابع  نيوز,انستغرام,News,text,2025-03-05,ملخص أهم الأخبار المحلية اليوم,108435,57442.0,102782,"1,577",55.0,30.0,
4065.0,منصة التعليم,youtube,تعليم ,ستوري ,2024-04-03,خطوات عملية لتعلم مهارة جديدة,32496,4318.0,7600,234.0,5.0,37.0,
3234.0, عالم التقنية,insta,Tech,Reel,2025-11-08,خمس تطبيقات تساعدك في تنظيم وقتك,66134,24233.0,44657,2459.0,,286.0,نعم
1876.0,ضحك ونكت,YouTube,كوميدي,فيديو,01-07-2025,نكت وضحك من غير توقف,8476,935.0,1411,4.0,0.0,0.0,
2808.0,عالم التقنية ✅,Facebook,Tech,فديو,25/06/2024,مراجعة كاملة لأحدث هاتف صدر هذا الشهر,38243,10012.0,11366,925.0,52.0,70.0,No
4113.0,أخبار الرياضة,تويتر,رياضة,Reel,2024-03-08,تشكيلة المنتخب المتوقعة في المباراة القادمة,9520,5064.0,9189,131.0,2.0,9.0,1
2910.0, عالم الطبخ,تويتر,طبخ,ريلز,05-07-2025,وصفة سريعة ولذيذة لعشاء اليوم,10627,2458.0,2671,278.0,22.0,37.0,لا
2596.0,أكاديمية المعرفة,يوتيوب ,Education,story,12/04/2024,شرح مبسط لأهم قواعد اللغة العربية,28949,12681.0,25293,1151.0,156.0,128.0,
843.0, أخبار الرياضة,تويتر,رياضة ,reels,28/12/2024,أخبار الانتقالات الصيفية,49382,12043.0,22486,483.0,17.0,21.0,1
3993.0,وصفات ماما,انستجرام,Food,story,25-05-2025,أكلة اقتصادية وسهلة التحضير,57504,18204.0,27455,783.0,26000.0,50.0,1
21.0,ستايل بنات,فيسبوك ,موضة,ستوري,29-03-2025,أحدث صيحات الموضة لهذا الموسم,38570,3020.0,4029,229.0,8.0,23.0,نعم
2955.0,ستايل بنات,X,موضة,صور,27/09/2025,أفكار تنسيق ملابس اقتصادية,90454,5435.0,7789,39.0,1.0,4.0,1
880.0,بوابة الأحداث  ,انستغرام,News,text,2024-11-10,ملخص أهم الأخبار المحلية اليوم,279897,84110.0,142867,2577.0,220.0,432.0,Yes
2666.0,أكاديمية المعرفة  ,تيكتوك,تعليم ,image,04/11/2024,نصائح للطلاب الجدد في الجامعة,35333,3235.0,4346,46.0,4.0,8.0,
1797.0,تكنولوجيا بلس  ,انستغرام,تقنية,نص,,مقارنة بين أفضل اللابتوبات لعام هذا,3443,1373.0,2736,63.0,9.0,10.0,
3701.0, جادجت العرب,إنستغرام,تكنولوجيا,ستوري,2025-04-04,خمس تطبيقات تساعدك في تنظيم وقتك,36017,19116.0,41081,376.0,10.0,48.0,0
864.0,اليوم السابع نيوز,فيسبوك ,News,صور,2024-04-18,تغطية مباشرة لفعاليات المؤتمر,49278,15034.0,18172,399.0,28.0,45.0,لا
2671.0,موضة اليوم,Facebook,موضة,image,04/07/2024,أفكار تنسيق ملابس اقتصادية,17555,1254.0,2371,47.0,5.0,5.0,1
1725.0,ستايل بنات,insta,أزياء,صوره,,أحدث صيحات الموضة لهذا الموسم,38507,18716.0,28432,1095.0,82.0,136.0,1
208.0,ستايل بنات ✅,youtube,أزياء,صوره,2025-12-21,أفكار تنسيق ملابس اقتصادية,26243,9686.0,15888,657.0,82.0,96.0,No
355.0,وصفات ماما ✅,YouTube,أكل وطبخ,فديو,2025-07-16,وصفة سريعة ولذيذة لعشاء اليوم,36359,17706.0,32729,120.0,,7.0,1
952.0,كورة كل يوم,فيسبوك ,Sports,,07/11/2024,أفضل اللقطات من الجولة الأخيرة,87218,14284.0,20424,254.0,20.0,46.0,0
4176.0,منصة  التعليم,انستجرام,تعليم ,صور,2024-09-04,شرح مبسط لأهم قواعد اللغة العربية,245348,44685.0,65304,737.0,53.0,144.0,0
3750.0,تكنولوجيا بلس  ,X,تقنيه,صور,2024-02-08,مقارنة بين أفضل اللابتوبات لعام هذا,169645,78883.0,143344,6432.0,196.0,1073.0,Yes
2087.0,وصفات ماما  ,insta,طبخ ,reels,2025-09-16,أكلة اقتصادية وسهلة التحضير,24936,1623.0,2156,54.0,6.0,10.0,
1569.0,أخبار الرياضة ✅,فيسبوك ,رياضة ,صوره,29-11-2024,تشكيلة المنتخب المتوقعة في المباراة القادمة,61925,29293.0,44367,2022.0,104.0,300.0,Yes
3799.0,أزياء العرب ✅,فيسبوك ,موضة,Reel,,إطلالات بسيطة وأنيقة لكل يوم,76943,27473.0,50876,1667.0,200.0,22.0,
3097.0,مطبخ سارة ✅,X,Food,منشور نصي,04/03/2024,أسرار المطبخ اللي محدش بيقولهالك,170914,55515.0,75951,2961.0,66.0,188.0,0
2523.0,بوابة الأحداث,انستجرام,اخبار,ستوري,2024-02-23,آخر التطورات في الساعات الماضية,56747,22691.0,27797,529.0,39.0,71.0,
1749.0,وصفات ماما  ,تويتر (X),طبخ,ريلز,2025-08-03,طريقة عمل الكنافة بالقشطة خطوة بخطوة,17768,6669.0,12543,396.0,45.0,50.0,
1074.0,بوابة الأحداث ✅,TikTok,,فديو,06/04/2024,تغطية مباشرة لفعاليات المؤتمر,15725,4172.0,7743,286.0,16.0,23.0,
1160.0, اليوم السابع نيوز,Twitter,اخبار,reels,2024-01-06,آخر التطورات في الساعات الماضية,6623,3825.0,7109,322.0,31.0,30.0,
59.0,منصة  التعليم,TikTok,تعليم ,صوره,2024-11-26,كيف تذاكر بفعالية قبل الامتحانات,39175,11472.0,23692,336.0,12.0,51.0,1
1327.0, فوازير رمضان,insta,Entertainment,منشور نصي,2024-08-20,تحدي جديد بين المتابعين,119279,59353.0,94502,1519.0,168.0,86.0,
3709.0,أخبار مصر الآن ✅,Instagram,أخبار,فيديو ,02/08/2025,تغطية مباشرة لفعاليات المؤتمر,60455,26218.0,28627,1759.0,124.0,83.0,0
3071.0,أخبار الرياضة,تويتر,,image,2024-02-02,تحليل فني لأداء الفريق هذا الموسم,20349,11340.0,20989,685,65.0,113.0,نعم
3822.0,اليوم السابع نيوز,إنستغرام,News,فيديو,,آخر التطورات في الساعات الماضية,220875,28547.0,40502,1354.0,177.0,20.0,
645.0,تكنولوجيا بلس,Facebook,Tech,ستوري ,2025-10-22,مراجعة كاملة لأحدث هاتف صدر هذا الشهر,20501,5622.0,11601,57.0,6.0,7.0,
1239.0, أخبار الرياضة,tiktok,رياضة ,story,,أهم أحداث مباراة اليوم بالتفصيل,168731,61458.0,66380,947.0,52.0,23.0,نعم
2044.0,بوابة الأحداث,فيسبوك,اخبار,ستوري,,تفاصيل جديدة حول الحدث الذي شغل الرأي العام,25206,8298.0,15193,592.0,46.0,64.0,
1450.0,عالم  التقنية,TikTok,تقنيه,صورة,27/04/2025,نصائح لحماية حسابك من الاختراق,79339,38714.0,58770,1779.0,200.0,110.0,0
1680.0,أزياء العرب,تيكتوك,أزياء,صوره,29-09-2024,أحدث صيحات الموضة لهذا الموسم,113148,39883.0,59668,471.0,52.0,59.0,0
1456.0,أخبار الرياضة  ,Facebook,رياضة ,ستوري,09/04/2024,أهم أحداث مباراة اليوم بالتفصيل,539462,309753.0,631436,8037.0,615.0,694.0,
4117.0,موضة اليوم  ,YouTube,موضة ,reels,08/12/2025,موديلات جديدة من أشهر الماركات,18075,1780.0,2341,63.0,2.0,3.0,لا
1414.0,بوابة الأحداث,insta,News,فيديو ,2025-02-10,ملخص أهم الأخبار المحلية اليوم,71303,34921.0,59251,2403.0,307.0,149.0,نعم
1086.0,ملعب مصر,فيسبوك,كورة,فيديو,05-03-2025,أهم أحداث مباراة اليوم بالتفصيل,255996,29478.0,29960,1033.0,126.0,68.0,
2784.0,ستايل  بنات,يوتيوب,موضة ,reels,10/09/2025,موديلات جديدة من أشهر الماركات,29634,7746.0,8964,496.0,30.0,22.0,Yes
2005.0,كورة كل يوم ✅,تويتر(X),كورة,فيديو,2024-06-17,أفضل اللقطات من الجولة الأخيرة,17294,8101.0,16371,213.0,18.0,23.0,Yes
3576.0,أزياء العرب ✅,فيسبوك ,موضة,ريلز,2024-12-17,إطلالات بسيطة وأنيقة لكل يوم,66382,39508.0,81752,2358.0,353.0,268.0,
1514.0,وصفات ماما,يوتيوب, طبخ,نص,2025-10-25,وصفة سريعة ولذيذة لعشاء اليوم,16807,9080.0,10887,167.0,17.0,7.0,
3899.0,ستايل بنات,يوتيوب,موضة ,ريلز,2025-10-28,أفكار تنسيق ملابس اقتصادية,21761,11736.0,14535,799.0,65.0,52.0,
2080.0,فوازير رمضان,انستغرام,كوميدي,نص,2025-10-28,أفضل خمس مشاهد كوميدية هذا العام,17771,8781.0,10206,475.0,23.0,62.0,0
3594.0,عالم التقنية  ,فيسبوك ,تقنية,text,2025-02-24,خمس تطبيقات تساعدك في تنظيم وقتك,38493,8408.0,9772,248.0,17.0,32.0,
2726.0,جادجت العرب  ,TikTok,تكنولوجيا,Reel,29/08/2025,مقارنة بين أفضل اللابتوبات لعام هذا,19759,8755.0,18999,678.0,42.0,54.0,
3370.0,موضة اليوم  ,TikTok,أزياء,reels,25/04/2025,موديلات جديدة من أشهر الماركات,86523,11299.0,23524,693.0,36.0,114.0,لا
1988.0,كورة  كل  يوم,tiktok,رياضة,reels,2025-05-25,أفضل اللقطات من الجولة الأخيرة,48643,29074.0,60379,203.0,28.0,15.0,Yes
1069.0,كوميديا العرب,فيس بوك,كوميدي,صور,19/06/2024,تحدي جديد بين المتابعين,30862,17391.0,28710,749.0,15.0,122.0,لا
1366.0,اتعلم اونلاين  ,تويتر (X),Education,ستوري ,28/03/2025,شرح مبسط لأهم قواعد اللغة العربية,18400,5199.0,8728,238.0,6.0,32.0,
148.0, جادجت العرب,فيس بوك,تقنيه,text,2025-11-02,كل ما تريد معرفته عن الذكاء الاصطناعي,21528,1574.0,1607,143.0,10.0,19.0,لا
2882.0,ملعب  مصر,Twitter,رياضة,Reel,07/10/2025,أخبار الانتقالات الصيفية,107754,60639.0,82763,4800.0,292.0,621.0,1
3712.0,عالم  التقنية,TikTok,Tech,فيديو,2024-04-12,كل ما تريد معرفته عن الذكاء الاصطناعي,153674,27898.0,47922,1305.0,104.0,238.0,
517.0,عالم التقنية  ,تيك توك,Tech,text,24-05-2024,نصائح لحماية حسابك من الاختراق,30124,12472.0,23714,950.0,130.0,157.0,No
1894.0,مطبخ سارة,تويتر,طبخ,text,13/01/2024,طريقة عمل الكنافة بالقشطة خطوة بخطوة,65615,26984.0,48154,312.0,46.0,43.0,
3353.0,أخبار مصر الآن,FB,أخبار,صور,12/02/2024,تفاصيل جديدة حول الحدث الذي شغل الرأي العام,174300,52699.0,63035,-1337.0,38.0,161.0,
4161.0, عالم التقنية,تيك توك,تقنيه,image,,نصائح لحماية حسابك من الاختراق,60568,31694.0,64036,2282.0,309.0,430.0,
3842.0, جادجت العرب,تيكتوك,تقنيه,فيديو ,2025-01-19,مقارنة بين أفضل اللابتوبات لعام هذا,99898,48649.0,89208,2239.0,92.0,371.0,1
2758.0,ملعب مصر ✅,يوتيوب ,رياضة ,نص,19/06/2024,أخبار الانتقالات الصيفية,15367,4367.0,8505,137.0,12.0,21.0,Yes
453.0,اتعلم  اونلاين,youtube,تعليم ,فديو,2024-06-13,دورة مجانية لتعلم أساسيات البرمجة,157027,29725.0,30080,2134.0,274.0,354.0,Yes
1419.0,أزياء العرب ✅,انستجرام,أزياء,Reel,2024-04-26,نصائح لاختيار الألوان المناسبة لبشرتك,11413,6717.0,7431,590.0,59.0,98.0,لا
1099.0,اليوم  السابع  نيوز,تويتر,اخبار,نص,,بيان رسمي حول القرار الأخير,13313,5241.0,9825,418.0,59.0,9.0,0
2672.0,مطبخ سارة  ,يوتيوب,طبخ ,نص,2025-07-05,طريقة عمل الكنافة بالقشطة خطوة بخطوة,103280,49321.0,83709,1673.0,161.0,20.0,
1629.0,عالم الطبخ ✅,يوتيوب,أكل وطبخ,منشور نصي,09-05-2024,حلويات رمضان بمكونات بسيطة,106737,18547.0,29158,284.0,12.0,22.0,نعم
193.0,عالم الطبخ ✅,YouTube,طبخ ,فديو,24-04-2024,حلويات رمضان بمكونات بسيطة,162878,23107.0,27754,190.0,20.0,19.0,No
1748.0,أزياء  العرب,يوتيوب,أزياء,image,20-08-2025,إطلالات بسيطة وأنيقة لكل يوم,16797,4511.0,5650,283,29.0,12.0,Yes
2733.0,فوازير رمضان ✅,Facebook,ترفيه,صورة,2025-05-04,أفضل خمس مشاهد كوميدية هذا العام,29921,4722.0,10364,366.0,33.0,25.0,
2095.0,ضحك  ونكت,تويتر(X),ترفيه,story,23-07-2025,تحدي جديد بين المتابعين,13822,2580.0,3752,246.0,11.0,27.0,
1417.0,أزياء العرب  ,إنستغرام,موضة,text,2025-11-04,نصائح لاختيار الألوان المناسبة لبشرتك,37869,20084.0,22108,1460.0,156.0,276.0,
1039.0,عالم الطبخ,إنستغرام,أكل وطبخ,story,2024-01-08,حلويات رمضان بمكونات بسيطة,118301,24474.0,31499,1455.0,98.0,154.0,
2174.0, عالم التقنية,فيسبوك,تقنيه,image,2024-06-06,كل ما تريد معرفته عن الذكاء الاصطناعي,19781,6981.0,9079,212.0,10.0,38.0,
3217.0, كوميديا العرب,يوتيوب ,Entertainment,ستوري ,31-10-2025,نكت وضحك من غير توقف,33143,18947.0,28463,1388.0,130.0,236.0,0
3207.0,بوابة الأحداث ✅,Instagram,أخبار,ستوري,21/03/2024,تغطية مباشرة لفعاليات المؤتمر,29588,1554.0,2765,61.0,1.0,3.0,0
3766.0,أخبار مصر الآن,يوتيوب,اخبار,منشور نصي,2025-03-06,آخر التطورات في الساعات الماضية,44905,23343.0,25790,349.0,50.0,34.0,
3051.0,بوابة الأحداث,insta,News,منشور نصي,18/03/2025,تفاصيل جديدة حول الحدث الذي شغل الرأي العام,13830,948.0,1870,16.0,0.0,,Yes
2875.0, جادجت العرب,إنستغرام,تقنيه,ريلز,2024-07-30,كل ما تريد معرفته عن الذكاء الاصطناعي,8041,4677.0,6258,339.0,45.0,37.0,No
3171.0,بوابة  الأحداث,tiktok,News,فيديو ,21/10/2025,بيان رسمي حول القرار الأخير,141455,10603.0,11958,888.0,39.0,77.0,0
1304.0,ملعب مصر,insta,كورة,,2024-04-14,تشكيلة المنتخب المتوقعة في المباراة القادمة,22383,4781.0,6481,292,5.0,42.0,
627.0,,تويتر (X),Education,نص,2025-09-23,خطوات عملية لتعلم مهارة جديدة,247797,23507.0,25983,469.0,22.0,29.0,
3667.0, بوابة الأحداث,تويتر(X),News,فيديو,2025-04-25,بيان رسمي حول القرار الأخير,53974,3342.0,6096,69.0,6.0,12.0,0
3118.0,ملعب  مصر,يوتيوب ,رياضة ,صور,29-05-2024,تشكيلة المنتخب المتوقعة في المباراة القادمة,61484,23093.0,44398,323.0,30.0,44.0,
2125.0,ملعب  مصر,انستغرام,كورة,Reel,2024-03-22,أهم أحداث مباراة اليوم بالتفصيل,106227,14161.0,20968,636.0,39.0,89.0,
1100.0,كوميديا العرب ✅,فيسبوك,,Reel,2025-03-07,أفضل خمس مشاهد كوميدية هذا العام,26072,9950.0,10632,870.0,93.0,146.0,
3723.0,عالم التقنية,فيس بوك,تقنية,فيديو ,2024-11-04,نصائح لحماية حسابك من الاختراق,20789,9755.0,12195,626.0,65.0,90.0,
2802.0, ملعب مصر,إنستغرام,كورة,story,2024-06-02,تشكيلة المنتخب المتوقعة في المباراة القادمة,22868,9379.0,9830,624.0,42.0,31.0,
975.0,تكنولوجيا بلس ✅,فيسبوك,تقنية,فيديو ,2025-04-09,خمس تطبيقات تساعدك في تنظيم وقتك,35269,11277.0,12897,766.0,104.0,140.0,
3395.0,أكاديمية المعرفة,فيسبوك ,تعليم,منشور نصي,16/06/2024,كيف تذاكر بفعالية قبل الامتحانات,80966,17513.0,18457,1128.0,82.0,,
3016.0,كورة كل يوم  ,تويتر,رياضة,صورة,27/06/2025,تشكيلة المنتخب المتوقعة في المباراة القادمة,54396,21057.0,28721,1824.0,69.0,269.0,
1950.0,مطبخ سارة ✅,انستغرام,,image,04/02/2025,وصفة سريعة ولذيذة لعشاء اليوم,384467,154426.0,316179,5372.0,635.0,903.0,
2635.0,بوابة الأحداث,تويتر,News,صوره,05/11/2024,بيان رسمي حول القرار الأخير,6653,2014.0,2707,56.0,8.0,7.0,0
151.0, بوابة الأحداث,تيك توك,أخبار,فيديو ,2025-04-02,بيان رسمي حول القرار الأخير,19474,9323.0,13240,107.0,14.0,19.0,
4190.0,أخبار الرياضة,X,كورة,فيديو ,25-05-2024,أفضل اللقطات من الجولة الأخيرة,63872,30239.0,59903,2363.0,313.0,259.0,0
2161.0,عالم الطبخ ✅,تيكتوك, طبخ,ستوري,05-09-2025,أكلة اقتصادية وسهلة التحضير,76875,42523.0,58885,2549.0,52.0,393.0,
1632.0, كوميديا العرب,تويتر(X),كوميدي,منشور نصي,03-08-2025,أطرف المواقف اللي حصلت الأسبوع ده,24194,13480.0,24103,681.0,86.0,44.0,0
2302.0, اليوم السابع نيوز,يوتيوب ,اخبار,text,20-04-2024,تغطية مباشرة لفعاليات المؤتمر,114439,47703.0,52270,3055.0,120.0,365.0,
310.0,كورة كل يوم ✅,Facebook,رياضة,منشور نصي,15-11-2025,أخبار الانتقالات الصيفية,12483,6750.0,8251,66.0,8.0,1.0,
1413.0, وصفات ماما,انستغرام,Food,ستوري,2025-11-15,أسرار المطبخ اللي محدش بيقولهالك,93668,14664.0,19270,686.0,90.0,68.0,
3685.0,ستايل بنات ✅,تويتر (X),,فيديو,2025-01-21,موديلات جديدة من أشهر الماركات,22112,11358.0,12059,179.0,5.0,2.0,
485.0,ملعب  مصر,FB,رياضة ,ريلز,2024-11-22,تحليل فني لأداء الفريق هذا الموسم,46777,27381.0,42659,1753.0,111.0,39.0,
3871.0,تكنولوجيا بلس  ,إنستغرام,تقنيه,ستوري,2025-06-26,كل ما تريد معرفته عن الذكاء الاصطناعي,16765,5869.0,7462,360,11.0,39.0,
368.0,أخبار مصر الآن  ,tiktok,أخبار,فديو,19/07/2025,آخر التطورات في الساعات الماضية,121040,19957.0,28786,588.0,70.0,52.0,
3781.0,مطبخ سارة,Twitter,أكل وطبخ,صور,2024-04-16,وصفة سريعة ولذيذة لعشاء اليوم,40632,10312.0,22258,197.0,12.0,21.0,لا
1926.0,ضحك  ونكت,فيسبوك,كوميدي,image,2025-08-06,مقاطع مضحكة من كواليس التصوير,91352,43021.0,89260,2795.0,273.0,204.0,لا
650.0,تكنولوجيا بلس  ,TikTok,تقنيه,فديو,2025-08-12,مراجعة كاملة لأحدث هاتف صدر هذا الشهر,199420,55924.0,86661,1738.0,150.0,123.0,
2137.0,أخبار مصر الآن,فيس بوك,أخبار,image,2025-03-06,بيان رسمي حول القرار الأخير,63464,26308.0,52963,1840.0,151.0,83.0,
2216.0,أخبار الرياضة,FB,رياضة,video,09/06/2025,تحليل فني لأداء الفريق هذا الموسم,7170,3428.0,3715,165.0,8.0,32.0,لا
442.0, اتعلم اونلاين,تويتر (X),تعليم,ستوري,,  نصائح للطلاب الجدد في الجامعة   ,15908,3488.0,7312,292.0,19.0,30.0,No
1594.0, ضحك ونكت,يوتيوب,كوميدي,reels,17/10/2025,أفضل خمس مشاهد كوميدية هذا العام,26277,13021.0,20541,569.0,49.0,107.0,
2164.0,أزياء  العرب,Facebook,موضة,video,05-01-2024,إطلالات بسيطة وأنيقة لكل يوم,14004,5490.0,8757,139.0,10.0,2.0,
897.0,اليوم السابع نيوز  ,إنستغرام,أخبار,Reel,,تغطية مباشرة لفعاليات المؤتمر,31755,8999.0,16716,482.0,35.0,24.0,
2870.0, أخبار الرياضة,يوتيوب ,Sports,صورة,2024-03-13,أفضل اللقطات من الجولة الأخيرة,18527,1466.0,2842,80.0,9.0,12.0,0
1542.0,أخبار الرياضة  ,YouTube,كورة,Reel,2025-02-06,أخبار الانتقالات الصيفية,11456,3633.0,4007,328.0,46.0,46.0,
1405.0,عالم  التقنية,تيك توك,,صور,16-08-2025,مقارنة بين أفضل اللابتوبات لعام هذا,5931,1921.0,2975,81.0,7.0,4.0,
2590.0,ملعب مصر  ,تويتر,رياضة ,ستوري ,2024-01-26,تشكيلة المنتخب المتوقعة في المباراة القادمة,18689,10044.0,17888,211.0,31.0,19.0,0
1515.0,أكاديمية المعرفة,YouTube,,ستوري ,2024-07-19,نصائح للطلاب الجدد في الجامعة,63758,11836.0,21328,831.0,117.0,124.0,
2157.0,تكنولوجيا بلس,فيس بوك,تقنيه,reels,2024-05-15,كل ما تريد معرفته عن الذكاء الاصطناعي,24750,1591.0,2043,104,11.0,6.0,نعم
3418.0,مطبخ سارة,تويتر (X),أكل وطبخ,ستوري ,06/03/2025,أكلة اقتصادية وسهلة التحضير,16288,6564.0,14156,343.0,23.0,14.0,لا
1217.0,أزياء العرب  ,فيس بوك,موضة ,صور,2025-05-21,إطلالات بسيطة وأنيقة لكل يوم,154285,11151.0,12795,240.0,31.0,18.0,No
3505.0,اتعلم اونلاين ✅,تويتر (X),تعليم,فيديو ,2024-01-14,كيف تذاكر بفعالية قبل الامتحانات,61265,15373.0,22403,945.0,135.0,170.0,لا
296.0,ملعب مصر  ,TikTok,رياضة,text,30-06-2024,أهم أحداث مباراة اليوم بالتفصيل,97317,9116.0,17117,228.0,28.0,25.0,نعم
946.0,ضحك ونكت,تويتر,ترفيه,,2024-02-17,تحدي جديد بين المتابعين,37167,20557.0,24675,246.0,34.0,11.0,لا
3255.0, ملعب مصر,X,رياضة ,فيديو ,19/12/2025,أخبار الانتقالات الصيفية,11265,2213.0,3737,203.0,28.0,,1
343.0,كورة كل يوم ✅,Twitter,كورة,ستوري ,2024-07-22,تشكيلة المنتخب المتوقعة في المباراة القادمة,46804,16070.0,32846,294.0,10.0,,1
73.0,أزياء العرب ✅,يوتيوب,أزياء,Reel,2025-07-06,أفكار تنسيق ملابس اقتصادية,32385,9007.0,11962,97.0,12.0,,لا
3360.0,تكنولوجيا بلس,تويتر,تكنولوجيا,reels,2025-02-16,نصائح لحماية حسابك من الاختراق,18411,8034.0,8611,459.0,27.0,21.0,
3181.0, تكنولوجيا بلس,insta,تقنيه,صور,2025-01-28,كل ما تريد معرفته عن الذكاء الاصطناعي,27553,2516.0,4780,199.0,6.0,35.0,
459.0,كوميديا العرب ✅,فيسبوك,ترفيه,text,2024-03-13,أطرف المواقف اللي حصلت الأسبوع ده,69669,22028.0,22168,1952.0,178.0,44.0,
995.0,عالم الطبخ,فيسبوك,أكل وطبخ,صوره,2024-01-31,طريقة عمل الكنافة بالقشطة خطوة بخطوة,9711,4826.0,7963,87.0,12.0,16.0,
763.0,تكنولوجيا  بلس,فيس بوك,,text,2025-05-26,كل ما تريد معرفته عن الذكاء الاصطناعي,12183,5243.0,10244,80.0,3.0,14.0,No
3249.0,ضحك  ونكت,FB,ترفيه,صور,2024-01-23,أفضل خمس مشاهد كوميدية هذا العام,34394,12844.0,19408,467.0,9.0,90.0,
90.0,بوابة  الأحداث,تيكتوك,News,story,24/11/2025,تفاصيل جديدة حول الحدث الذي شغل الرأي العام,44509,5157.0,10667,329.0,40.0,,
2351.0,ضحك ونكت ✅,تيكتوك,كوميدي,فيديو ,2025-07-26,أطرف المواقف اللي حصلت الأسبوع ده,11795,4305.0,4776,74.0,6.0,1.0,
2040.0, أكاديمية المعرفة,فيسبوك,تعليم ,صور,02/04/2024,شرح مبسط لأهم قواعد اللغة العربية,18214,4981.0,9347,533.0,75.0,19.0,
18.0,عالم التقنية  ,فيسبوك ,تكنولوجيا,,2025-06-10,كل ما تريد معرفته عن الذكاء الاصطناعي,60673,10639.0,16091,,20.0,106.0,
4173.0,اتعلم اونلاين ✅,Twitter,تعليم,video,2025-09-05,كيف تذاكر بفعالية قبل الامتحانات,54037,17208.0,19247,1177.0,155.0,148.0,لا
1735.0, جادجت العرب,تيكتوك,تقنية,منشور نصي,,نصائح لحماية حسابك من الاختراق,38557,20620.0,36423,787.0,23.0,12.0,1
3710.0,كوميديا  العرب,Instagram,ترفيه,ستوري ,2025-03-11,أطرف المواقف اللي حصلت الأسبوع ده,58595,21867.0,43549,194.0,20.0,24.0,
1689.0,منصة  التعليم,youtube,تعليم,Reel,2025-04-24,دورة مجانية لتعلم أساسيات البرمجة,111683,53259.0,87455,4317.0,262.0,503.0,
3651.0,منصة التعليم ✅,Twitter,تعليم,منشور نصي,2025-03-09,شرح مبسط لأهم قواعد اللغة العربية,123621,71340.0,155304,3788.0,134.0,718.0,1
805.0,عالم  الطبخ,تيك توك,طبخ,ستوري,2024-01-31,طريقة عمل الكنافة بالقشطة خطوة بخطوة,36022,17968.0,27284,1454.0,196.0,128.0,
2163.0,اليوم السابع نيوز,فيسبوك,اخبار,فديو,13/05/2024,تفاصيل جديدة حول الحدث الذي شغل الرأي العام,62191,21254.0,23375,649.0,84.0,93.0,لا
911.0,عالم  الطبخ,إنستغرام,Food,reels,2025-02-01,وصفة سريعة ولذيذة لعشاء اليوم,63324,18976.0,25845,878.0,103.0,54.0,0
2680.0, مطبخ سارة,Twitter,طبخ,فديو,22/03/2025,أسرار المطبخ اللي محدش بيقولهالك,23220,5343.0,8190,278.0,21.0,4.0,نعم
1128.0,اليوم السابع نيوز  ,Instagram,News,فيديو ,04/08/2024,تغطية مباشرة لفعاليات المؤتمر,41675,11304.0,21929,851.0,63.0,86.0,1
2452.0,عالم التقنية,Twitter,تقنيه,فديو,06-09-2024,مقارنة بين أفضل اللابتوبات لعام هذا,24748,12589.0,12787,516.0,15.0,60.0,
2746.0,فوازير رمضان  ,إنستغرام,Entertainment,ريلز,2025-10-12,تحدي جديد بين المتابعين,48715,8253.0,9308,103.0,3.0,9.0,لا
1784.0,اليوم  السابع  نيوز,tiktok,أخبار,ريلز,01-08-2025,تغطية مباشرة لفعاليات المؤتمر,55846,11473.0,20744,73.0,3.0,5.0,Yes
3009.0,تكنولوجيا بلس  ,Facebook,تقنية,video,2024-06-10,كل ما تريد معرفته عن الذكاء الاصطناعي,98846,13699.0,15403,52.0,2.0,2.0,
839.0,ستايل  بنات,تيك توك,موضة,video,2024-01-11,أفكار تنسيق ملابس اقتصادية,32382,4626.0,7183,114.0,7.0,12.0,No
1058.0,أخبار الرياضة,تيك توك,رياضة,Reel,2024-12-05,تشكيلة المنتخب المتوقعة في المباراة القادمة,23745,2130.0,2506,26.0,3.0,3.0,
4041.0,فوازير رمضان  ,انستغرام,كوميدي,صوره,2025-11-23,  تحدي جديد بين المتابعين   ,22190,9084.0,15157,95.0,11.0,18.0,Yes
1287.0,اليوم السابع نيوز,Instagram,أخبار,text,,آخر التطورات في الساعات الماضية,15959,7015.0,10111,309.0,38.0,24.0,
3544.0,أكاديمية المعرفة  ,تيكتوك,تعليم,ستوري,09/04/2025,نصائح للطلاب الجدد في الجامعة,1481,261.0,276,22.0,1.0,1.0,
865.0,كورة كل يوم,فيس بوك,رياضة ,ستوري ,13/07/2025,أفضل اللقطات من الجولة الأخيرة,168464,85909.0,108121,"1,523",61.0,297.0,1
2973.0,عالم  التقنية,تويتر(X),Tech,text,2025-03-23,مراجعة كاملة لأحدث هاتف صدر هذا الشهر,87221,30448.0,55116,1569.0,147.0,92.0,
2253.0, أخبار مصر الآن,Instagram,News,story,2025-10-02,تفاصيل جديدة حول الحدث الذي شغل الرأي العام,13007,1222.0,2329,7.0,0.0,1.0,0
2654.0,منصة  التعليم,Twitter,تعليم ,image,2025-04-05,نصائح للطلاب الجدد في الجامعة,5474,2331.0,2380,132.0,19.0,26.0,
2579.0,بوابة الأحداث,فيسبوك,اخبار,Reel,,تغطية مباشرة لفعاليات المؤتمر,98514,22691.0,41804,174.0,11.0,28.0,
3069.0,منصة التعليم,تويتر,تعليم,story,2024-07-26,شرح مبسط لأهم قواعد اللغة العربية,25543,8660.0,9880,341.0,14.0,61.0,No
299.0,أخبار الرياضة  ,فيسبوك ,كورة,ستوري ,2025-12-19,تحليل فني لأداء الفريق هذا الموسم,24544,7306.0,13871,495.0,32.0,84.0,نعم
3715.0,تكنولوجيا بلس ✅,Facebook,تقنية,فيديو ,2025-01-13,مقارنة بين أفضل اللابتوبات لعام هذا,12441,6526.0,13452,618.0,58.0,82.0,
1294.0,أكاديمية المعرفة  ,يوتيوب ,Education,story,22-08-2024,دورة مجانية لتعلم أساسيات البرمجة,49728,10277.0,16506,626.0,76.0,75.0,No
2022.0, أخبار الرياضة,YouTube,رياضة,صور,12-03-2025,أهم أحداث مباراة اليوم بالتفصيل,4847,1571.0,3221,25.0,1.0,0.0,نعم
2387.0,اليوم السابع نيوز,تيك توك,اخبار,ستوري ,2024-04-05,تغطية مباشرة لفعاليات المؤتمر,210318,100412.0,161373,5682.0,481.0,713.0,
1785.0,جادجت العرب  ,انستغرام,Tech,Reel,2025-08-05,  خمس تطبيقات تساعدك في تنظيم وقتك   ,8182,4389.0,4838,231,23.0,15.0,0
1537.0,فوازير  رمضان,انستغرام,Entertainment,ستوري,27/01/2024,تحدي جديد بين المتابعين,17419,3974.0,7211,184.0,11.0,33.0,
,أزياء  العرب,X,أزياء,فيديو,2024-07-26,نصائح لاختيار الألوان المناسبة لبشرتك,162799,14726.0,15670,1348.0,134.0,137.0,
1030.0,أكاديمية المعرفة ✅,فيسبوك,Education,صورة,20/03/2024,دورة مجانية لتعلم أساسيات البرمجة,44726,18246.0,20791,942.0,51.0,117.0,
3363.0,أخبار الرياضة  ,X,Sports,ستوري ,24-01-2025,تشكيلة المنتخب المتوقعة في المباراة القادمة,79707,11557.0,12472,742.0,32.0,145.0,No
1909.0,جادجت العرب  ,فيس بوك,تقنية,صوره,2025-12-24,كل ما تريد معرفته عن الذكاء الاصطناعي,11316,1435.0,2439,108.0,6.0,18.0,
399.0,ضحك ونكت ✅,Instagram,Entertainment,Reel,2024-08-12,مقاطع مضحكة من كواليس التصوير,2685,1331.0,2665,50.0,6.0,6.0,Yes
3211.0,فوازير رمضان ✅,FB,Entertainment,story,29/11/2024,أفضل خمس مشاهد كوميدية هذا العام,72198,10708.0,16917,854.0,124.0,24.0,لا
3746.0,عالم  التقنية,FB,تقنية,video,2025-06-08,مراجعة كاملة لأحدث هاتف صدر هذا الشهر,122433,42372.0,74643,4198.0,566.0,,
2769.0,مطبخ سارة,FB,Food,ستوري,2025-12-03,أسرار المطبخ اللي محدش بيقولهالك,92436,25757.0,44135,907.0,73.0,128.0,
3032.0,اتعلم اونلاين,تيكتوك,تعليم ,ستوري,27/09/2024,كيف تذاكر بفعالية قبل الامتحانات,65103,32144.0,69417,1683.0,234.0,235.0,
1610.0,اتعلم  اونلاين,Twitter,تعليم,,2024-01-16,خطوات عملية لتعلم مهارة جديدة,5750,1463.0,1987,151.0,15.0,24.0,Yes
282.0, كورة كل يوم,إنستغرام,رياضة,image,,تحليل فني لأداء الفريق هذا الموسم,9352,1626.0,2115,137.0,12.0,4.0,
2610.0,تكنولوجيا  بلس,insta,تقنيه,ستوري,29-11-2025,مراجعة كاملة لأحدث هاتف صدر هذا الشهر,33716,2217.0,3858,112.0,9.0,16.0,
2507.0, جادجت العرب,تويتر (X),تقنية,فيديو,20/03/2024,نصائح لحماية حسابك من الاختراق,19667,1693.0,3228,39.0,2.0,5.0,
396.0,كورة كل يوم,إنستغرام,Sports,نص,28/02/2025,أهم أحداث مباراة اليوم بالتفصيل,13989,8012.0,13603,368.0,32.0,56.0,
95.0,جادجت  العرب,youtube,Tech,نص,2025-05-28,خمس تطبيقات تساعدك في تنظيم وقتك,20398,2937.0,5293,270.0,25.0,17.0,
1911.0,منصة التعليم  ,يوتيوب ,تعليم ,فديو,,دورة مجانية لتعلم أساسيات البرمجة,72251,32374.0,58391,2203.0,221.0,214.0,
2772.0,كورة كل يوم,TikTok,رياضة ,نص,15/06/2024,أفضل اللقطات من الجولة الأخيرة,250360,81770.0,130789,6335.0,726.0,556.0,Yes
1786.0,جادجت  العرب,tiktok,تكنولوجيا,صوره,2024-04-22,نصائح لحماية حسابك من الاختراق,42041,11831.0,21864,1324.0,85.0,264.0,Yes
3329.0,تكنولوجيا بلس,tiktok,Tech,صوره,2025-03-03,خمس تطبيقات تساعدك في تنظيم وقتك,41050,10506.0,19929,844.0,17.0,110.0,نعم
3041.0, كوميديا العرب,فيسبوك ,Entertainment,Reel,2024-03-26,أفضل خمس مشاهد كوميدية هذا العام,521578,254760.0,550786,2421.0,262.0,477.0,0
3259.0,عالم التقنية  ,FB,Tech,story,24-05-2025,مراجعة كاملة لأحدث هاتف صدر هذا الشهر,20042,6966.0,9422,242.0,9.0,25.0,
2012.0,اتعلم اونلاين,YouTube,تعليم,منشور نصي,17/07/2025,كيف تذاكر بفعالية قبل الامتحانات,132975,18052.0,23544,194.0,23.0,33.0,No
2120.0,اتعلم اونلاين,يوتيوب,Education,فيديو,2025-05-09,دورة مجانية لتعلم أساسيات البرمجة,273158,147201.0,204113,902.0,128.0,121.0,Yes
2396.0,جادجت  العرب,إنستغرام,تقنيه,منشور نصي,17-09-2024,مراجعة كاملة لأحدث هاتف صدر هذا الشهر,68124,16863.0,26575,1363.0,155.0,209.0,
1543.0,أكاديمية  المعرفة,Instagram,تعليم,ستوري ,,دورة مجانية لتعلم أساسيات البرمجة,39531,15026.0,32641,725.0,82.0,131.0,
3563.0,عالم الطبخ,Twitter, طبخ,reels,2024-05-07,أسرار المطبخ اللي محدش بيقولهالك,26340,11598.0,13654,873.0,47.0,90.0,نعم
3449.0,عالم التقنية ✅,youtube,Tech,صور,2024-02-29,كل ما تريد معرفته عن الذكاء الاصطناعي,8300,4595.0,5639,35.0,4.0,6.0,لا
4072.0,اتعلم اونلاين,فيسبوك,تعليم,text,2025-08-25,دورة مجانية لتعلم أساسيات البرمجة,33324,12208.0,23250,557.0,72.0,68.0,نعم
2390.0,ملعب مصر,تيك توك,Sports,فديو,2025-10-10,أهم أحداث مباراة اليوم بالتفصيل,37020,5312.0,11081,148.0,3.0,8.0,
882.0,أخبار مصر الآن,تويتر,News,text,30-05-2024,بيان رسمي حول القرار الأخير,127304,74132.0,153290,4458.0,105.0,253.0,No
3192.0,عالم التقنية,إنستغرام,Tech,فيديو,2024-01-06,خمس تطبيقات تساعدك في تنظيم وقتك,57581,6752.0,8508,665.0,95.0,16.0,نعم
3018.0, موضة اليوم,تيكتوك,موضة,story,2025-01-05,أفكار تنسيق ملابس اقتصادية,37708,12446.0,14176,495.0,48.0,70.0,
1432.0, منصة التعليم,فيس بوك,Education,ريلز,2024-04-19,كيف تذاكر بفعالية قبل الامتحانات,111434,66708.0,106212,1370.0,172.0,215.0,
1854.0,منصة التعليم ✅,يوتيوب,تعليم ,فديو,2025-06-30,نصائح للطلاب الجدد في الجامعة,5487,1543.0,3085,7.0,1.0,0.0,1
662.0,ملعب مصر  ,يوتيوب,رياضة ,ريلز,2025-11-04,أهم أحداث مباراة اليوم بالتفصيل,26194,3093.0,3354,229.0,29.0,25.0,
1603.0,ملعب مصر  ,فيس بوك,رياضة,ستوري,2024-12-27,أهم أحداث مباراة اليوم بالتفصيل,127722,31073.0,37303,207.0,28.0,11.0,
3506.0,عالم التقنية,tiktok,Tech,ريلز,05-02-2025,خمس تطبيقات تساعدك في تنظيم وقتك,33809,11237.0,19931,115.0,12.0,8.0,1
2662.0,ستايل  بنات,insta,موضة,,03/12/2024,موديلات جديدة من أشهر الماركات,57111,26803.0,49989,2257.0,260.0,259.0,1
3434.0,ستايل بنات  ,تيكتوك,موضة ,نص,2025-02-19,إطلالات بسيطة وأنيقة لكل يوم,37956,3103.0,4486,234.0,21.0,2.0,0
3962.0,منصة التعليم,تيك توك,تعليم,منشور نصي,12-11-2024,خطوات عملية لتعلم مهارة جديدة,8743,3942.0,5622,,23.0,40.0,
318.0,ملعب مصر ✅,تيك توك,رياضة ,منشور نصي,2025-03-29,أفضل اللقطات من الجولة الأخيرة,33419,5697.0,5948,73.0,9.0,8.0,
1322.0,أكاديمية المعرفة  ,فيسبوك,تعليم ,reels,2025-07-30,دورة مجانية لتعلم أساسيات البرمجة,247028,66990.0,75221,501.0,34.0,37.0,
3548.0,فوازير رمضان,tiktok,كوميدي,ريلز,23-11-2024,نكت وضحك من غير توقف,241024,63977.0,105243,3184.0,236.0,234.0,Yes
2728.0, موضة اليوم,انستجرام,موضة ,صور,2025-01-03,أحدث صيحات الموضة لهذا الموسم,29069,12805.0,20801,514.0,31.0,65.0,نعم
948.0,كوميديا العرب,فيس بوك,Entertainment,فديو,2024-12-11,أطرف المواقف اللي حصلت الأسبوع ده,4113,249.0,346,13.0,1.0,,
3350.0,موضة اليوم,إنستغرام,موضة ,منشور نصي,,أفكار تنسيق ملابس اقتصادية,3490,914.0,1902,77.0,8.0,2.0,0
1588.0,جادجت العرب  ,تويتر(X),تقنيه,فيديو,08/03/2024,خمس تطبيقات تساعدك في تنظيم وقتك,180896,14351.0,21215,518.0,31.0,92.0,
771.0,تكنولوجيا  بلس,Twitter,تكنولوجيا,text,21/12/2024,مقارنة بين أفضل اللابتوبات لعام هذا,12601,7065.0,12500,233.0,6.0,45.0,Yes
3504.0, وصفات ماما,فيسبوك,طبخ,منشور نصي,2025-07-31,حلويات رمضان بمكونات بسيطة,64833,26478.0,41849,2123.0,96.0,154.0,نعم
2447.0,أزياء العرب,فيسبوك ,أزياء,صور,2025-01-21,موديلات جديدة من أشهر الماركات,10473,2890.0,2970,221.0,14.0,4.0,لا
3953.0,ضحك ونكت,YouTube,كوميدي,منشور نصي,09/11/2025,تحدي جديد بين المتابعين,93927,48031.0,69517,3358.0,433.0,372.0,0
545.0,أكاديمية المعرفة ✅,youtube,Education,Reel,,شرح مبسط لأهم قواعد اللغة العربية,56988,15925.0,18986,301,35.0,54.0,
2506.0,مطبخ سارة,فيسبوك,طبخ ,reels,23/09/2024,وصفة سريعة ولذيذة لعشاء اليوم,49115,26268.0,55119,725.0,76.0,52.0,لا
631.0,منصة التعليم,Twitter,تعليم ,story,2024-11-26,كيف تذاكر بفعالية قبل الامتحانات,282042,51186.0,97747,3429.0,251.0,170.0,
1707.0,جادجت  العرب,تويتر(X),تقنية,فيديو,2024-03-13,مراجعة كاملة لأحدث هاتف صدر هذا الشهر,92324,20507.0,34636,1021.0,80.0,50.0,
3725.0, تكنولوجيا بلس,تويتر (X),تقنية,فيديو ,2025-09-09,خمس تطبيقات تساعدك في تنظيم وقتك,41810,4408.0,8881,213.0,24.0,37.0,لا
3633.0,ضحك ونكت,تيك توك,ترفيه,Reel,26-04-2025,نكت وضحك من غير توقف,6710,2821.0,5680,54.0,3.0,3.0,نعم
3522.0,تكنولوجيا بلس,يوتيوب ,تقنية,صورة,28-06-2025,كل ما تريد معرفته عن الذكاء الاصطناعي,21615,3538.0,5222,229.0,11.0,41.0,
2407.0,مطبخ  سارة,تيكتوك,طبخ ,Reel,2024-06-19,أسرار المطبخ اللي محدش بيقولهالك,14429,3249.0,5305,279.0,7.0,23.0,Yes
1385.0,كورة كل يوم,انستجرام,رياضة ,ستوري ,2025-12-29,  أفضل اللقطات من الجولة الأخيرة   ,27594,4066.0,4205,268.0,31.0,10.0,نعم
1544.0,كورة كل يوم,تيكتوك,رياضة ,image,18/02/2025,أفضل اللقطات من الجولة الأخيرة,72086,35146.0,59769,2877.0,91.0,393.0,لا
1430.0, موضة اليوم,يوتيوب,موضة ,image,21-03-2024,أحدث صيحات الموضة لهذا الموسم,35524,10285.0,11177,736.0,24.0,95.0,
636.0,بوابة الأحداث ✅,تيك توك,News,ستوري,2025-10-15,تغطية مباشرة لفعاليات المؤتمر,19258,11091.0,16104,305.0,25.0,9.0,
1333.0,ضحك ونكت,تويتر,ترفيه,فيديو ,2025-07-05,تحدي جديد بين المتابعين,42735,16000.0,19851,404.0,21.0,21.0,
1615.0,وصفات  ماما,FB,أكل وطبخ,ستوري ,2024-09-22,وصفة سريعة ولذيذة لعشاء اليوم,15703,4794.0,10127,331.0,12.0,34.0,
1182.0,وصفات ماما ✅,فيس بوك,طبخ ,صوره,2025-09-02,أسرار المطبخ اللي محدش بيقولهالك,107622,59517.0,66018,3622.0,263.0,503.0,0
4179.0,أكاديمية المعرفة,تويتر,تعليم ,image,2025-01-12,شرح مبسط لأهم قواعد اللغة العربية,9529,1352.0,2838,145.0,10.0,24.0,1
3264.0, أزياء العرب,Facebook,موضة ,صوره,2025-04-24,نصائح لاختيار الألوان المناسبة لبشرتك,17242,10156.0,16765,225.0,8.0,21.0,1
109.0,موضة  اليوم,تويتر,أزياء,صورة,2025-04-07,أفكار تنسيق ملابس اقتصادية,54909,10349.0,14642,258.0,24.0,22.0,0
3872.0,عالم  التقنية,Facebook,تقنية,فيديو ,06/09/2024,خمس تطبيقات تساعدك في تنظيم وقتك,25279,9452.0,17730,308.0,44.0,32.0,
947.0,منصة  التعليم,FB,تعليم,فيديو ,2024-10-18,دورة مجانية لتعلم أساسيات البرمجة,9597,3641.0,3954,110.0,15.0,17.0,
1885.0,تكنولوجيا بلس,انستجرام,Tech,text,28/10/2025,مقارنة بين أفضل اللابتوبات لعام هذا,5411,3071.0,6201,252.0,30.0,11.0,
1743.0, أزياء العرب,tiktok,أزياء,منشور نصي,2024-07-23,إطلالات بسيطة وأنيقة لكل يوم,23253,10030.0,21067,,19.0,32.0,
3241.0,تكنولوجيا بلس ✅,يوتيوب ,Tech,reels,2025-03-13,مقارنة بين أفضل اللابتوبات لعام هذا,16852,9039.0,11774,441.0,59.0,48.0,لا
1313.0,تكنولوجيا بلس,Instagram,Tech,نص,2025-08-30,كل ما تريد معرفته عن الذكاء الاصطناعي,203962,72664.0,153671,2766.0,87.0,347.0,
1878.0,فوازير رمضان  ,فيسبوك,كوميدي,صوره,2024-12-27,تحدي جديد بين المتابعين,109052,16337.0,18697,303.0,32.0,51.0,
2619.0,عالم التقنية ✅,فيسبوك,Tech,text,01-01-2024,نصائح لحماية حسابك من الاختراق,31463,17117.0,27942,1097.0,54.0,65.0,
4084.0,مطبخ سارة,يوتيوب, طبخ,صوره,17/06/2025,أسرار المطبخ اللي محدش بيقولهالك,55467,15370.0,26659,1090.0,95.0,116.0,
3606.0,اليوم السابع نيوز,إنستغرام,News,منشور نصي,08/12/2024,آخر التطورات في الساعات الماضية,12779,1826.0,1988,36.0,3.0,5.0,0
3967.0,أخبار مصر الآن,tiktok,اخبار,نص,08-09-2024,تغطية مباشرة لفعاليات المؤتمر,6025,3606.0,5362,90.0,4.0,9.0,1
140.0,مطبخ سارة,تيكتوك,أكل وطبخ,text,11-04-2024,طريقة عمل الكنافة بالقشطة خطوة بخطوة,107021,,63801,5090.0,221.0,600.0,
1924.0,بوابة الأحداث ✅,إنستغرام,News,فيديو,13/06/2024,آخر التطورات في الساعات الماضية,39203,3679.0,5453,216.0,11.0,25.0,No
713.0,اتعلم  اونلاين,يوتيوب,تعليم,video,,دورة مجانية لتعلم أساسيات البرمجة,68436,19437.0,32624,88.0,6.0,14.0,No
3136.0, جادجت العرب,tiktok,Tech,فديو,2025-06-06,مقارنة بين أفضل اللابتوبات لعام هذا,87269,6991.0,7661,162.0,5.0,13.0,Yes
288.0, اليوم السابع نيوز,Twitter,أخبار,reels,2024-01-31,ملخص أهم الأخبار المحلية اليوم,28216,1832.0,1975,103.0,9.0,10.0,
2544.0,وصفات ماما ✅,TikTok,Food,منشور نصي,26-08-2024,أكلة اقتصادية وسهلة التحضير,28179,6508.0,9960,137.0,5.0,15.0,Yes
3423.0,اتعلم  اونلاين,يوتيوب ,تعليم ,صوره,2024-10-29,خطوات عملية لتعلم مهارة جديدة,162105,40861.0,48829,950.0,109.0,94.0,نعم
824.0,موضة اليوم,Instagram,أزياء,فيديو ,19/07/2024,نصائح لاختيار الألوان المناسبة لبشرتك,64729,35553.0,39282,3727.0,457.0,179.0,
2531.0,ملعب مصر  ,فيس بوك,Sports,ريلز,2025-10-10,أفضل اللقطات من الجولة الأخيرة,43133,5587.0,8965,83.0,1.0,10.0,
2169.0,موضة اليوم  ,YouTube,أزياء,فيديو,2024-09-04,موديلات جديدة من أشهر الماركات,29726,9763.0,14017,303.0,19.0,27.0,
3074.0,موضة اليوم,insta,موضة ,Reel,25/05/2025,  موديلات جديدة من أشهر الماركات   ,132342,57627.0,95670,4257.0,325.0,143.0,
2731.0,عالم التقنية ✅,إنستغرام,تقنية,image,28/09/2025,مقارنة بين أفضل اللابتوبات لعام هذا,124798,57650.0,71691,4425.0,632.0,104.0,
1903.0,أخبار مصر الآن ✅,فيسبوك,اخبار,image,2024-12-17,بيان رسمي حول القرار الأخير,8018,1687.0,1936,99.0,6.0,4.0,Yes
3605.0,فوازير رمضان ✅,YouTube,كوميدي,صور,2025-03-20,  أفضل خمس مشاهد كوميدية هذا العام   ,31471,5230.0,7030,309.0,28.0,27.0,
1110.0,مطبخ سارة,إنستغرام,طبخ,صوره,22/11/2024,حلويات رمضان بمكونات بسيطة,32660,16474.0,20974,992.0,65.0,130.0,
3383.0,موضة اليوم,انستغرام,أزياء,reels,2025-01-30,أحدث صيحات الموضة لهذا الموسم,64517,11130.0,24073,762.0,36.0,136.0,لا
3670.0,ضحك ونكت  ,tiktok,Entertainment,فديو,2025-03-06,نكت وضحك من غير توقف,81677,37167.0,44114,856.0,113.0,56.0,
2322.0,عالم الطبخ ✅,انستجرام,أكل وطبخ,منشور نصي,26/05/2024,أكلة اقتصادية وسهلة التحضير,54122,27252.0,51614,1848.0,230.0,251.0,
4021.0,عالم  الطبخ,تيك توك,طبخ,story,18-04-2024,وصفة سريعة ولذيذة لعشاء اليوم,176619,93806.0,168153,7516.0,851.0,1474.0,
1225.0,منصة التعليم,Facebook,Education,ستوري,2024-03-13,كيف تذاكر بفعالية قبل الامتحانات,9745,5402.0,6270,267.0,37.0,8.0,
4009.0,أخبار الرياضة,يوتيوب ,,video,2025-09-02,تحليل فني لأداء الفريق هذا الموسم,20809,8861.0,18174,577.0,53.0,9.0,لا
3680.0, تكنولوجيا بلس,تويتر,تقنيه,image,04/12/2024,خمس تطبيقات تساعدك في تنظيم وقتك,21539,3463.0,7155,191.0,21.0,28.0,No
2186.0,أخبار الرياضة ✅,insta,Sports,ستوري ,2024-01-04,أخبار الانتقالات الصيفية,13122,829.0,1321,12.0,1.0,0.0,Yes
3057.0,جادجت العرب,يوتيوب ,تقنيه,text,2025-02-07,كل ما تريد معرفته عن الذكاء الاصطناعي,49923,29171.0,41393,943.0,113.0,91.0,
2696.0,,تيك توك,كورة,منشور نصي,24/10/2024,أفضل اللقطات من الجولة الأخيرة,17750,6847.0,10298,659.0,64.0,7.0,نعم
2555.0,وصفات ماما,يوتيوب,أكل وطبخ,نص,30-07-2024,حلويات رمضان بمكونات بسيطة,280671,20877.0,26415,877.0,98.0,93.0,
526.0,عالم  الطبخ,يوتيوب,طبخ,ستوري,21-04-2024,أكلة اقتصادية وسهلة التحضير,66311,14124.0,30027,1391.0,74.0,270.0,0
474.0,تكنولوجيا  بلس,انستغرام,تكنولوجيا,ستوري,24/12/2024,مقارنة بين أفضل اللابتوبات لعام هذا,137164,72071.0,122832,5156.0,610.0,484.0,
3495.0,جادجت العرب ✅,youtube,تقنية,ريلز,11/07/2024,مراجعة كاملة لأحدث هاتف صدر هذا الشهر,11668,4211.0,7776,27.0,0.0,2.0,لا
2247.0,جادجت  العرب,انستغرام,Tech,Reel,2025-09-28,خمس تطبيقات تساعدك في تنظيم وقتك,119268,25218.0,29737,915.0,93.0,168.0,
1832.0,اليوم السابع نيوز ✅,تويتر,News,ريلز,2024-10-15,بيان رسمي حول القرار الأخير,39013,13736.0,13757,399.0,58.0,59.0,لا
507.0,عالم التقنية  ,TikTok,Tech,story,09-02-2025,نصائح لحماية حسابك من الاختراق,4518,2311.0,2756,14.0,0.0,0.0,نعم
3806.0,عالم التقنية ✅,youtube,,text,19-05-2024,خمس تطبيقات تساعدك في تنظيم وقتك,8840,1535.0,1570,43.0,5.0,1.0,نعم
4027.0,فوازير  رمضان,انستجرام,Entertainment,فديو,13/10/2024,أفضل خمس مشاهد كوميدية هذا العام,11998,952.0,1088,48.0,4.0,1.0,
3198.0,أزياء العرب,Twitter,موضة,ريلز,,أفكار تنسيق ملابس اقتصادية,103342,35405.0,53629,2858.0,245.0,289.0,
1224.0,تكنولوجيا بلس  ,تيكتوك,تقنية,ستوري ,2024-08-26,نصائح لحماية حسابك من الاختراق,34491,18057.0,31396,102.0,7.0,11.0,
397.0,أخبار مصر الآن  ,فيسبوك ,أخبار,video,2024-09-06,تفاصيل جديدة حول الحدث الذي شغل الرأي العام,14782,8008.0,17103,661.0,80.0,66.0,Yes
1461.0,بوابة الأحداث,تيك توك,أخبار,منشور نصي,2024-11-19,تغطية مباشرة لفعاليات المؤتمر,39631,12275.0,20433,589.0,17.0,106.0,No
516.0,أزياء العرب ✅,انستجرام,موضة ,نص,2024-06-10,أحدث صيحات الموضة لهذا الموسم,22776,3178.0,5447,69.0,5.0,7.0,نعم
4092.0, عالم الطبخ,tiktok,طبخ,ستوري ,10/09/2024,حلويات رمضان بمكونات بسيطة,58952,12164.0,16013,779.0,108.0,61.0,Yes
3717.0,مطبخ سارة,تيكتوك, طبخ,text,2025-03-27,وصفة سريعة ولذيذة لعشاء اليوم,22642,4514.0,6116,187.0,13.0,8.0,نعم
1696.0,عالم الطبخ,تيك توك,Food,صورة,2025-02-10,طريقة عمل الكنافة بالقشطة خطوة بخطوة,48692,27721.0,47331,1051.0,145.0,65.0,Yes
3557.0,أخبار الرياضة  ,تويتر(X),رياضة ,ستوري ,,تحليل فني لأداء الفريق هذا الموسم,42443,7199.0,12699,469.0,59.0,41.0,Yes
892.0,ملعب مصر,تويتر (X),رياضة,reels,27-01-2024,أفضل اللقطات من الجولة الأخيرة,371265,106437.0,147346,7867.0,786.0,685.0,نعم
4119.0,كوميديا العرب  ,يوتيوب ,كوميدي,فيديو,2024-09-12,نكت وضحك من غير توقف,16321,2849.0,3644,314.0,6.0,39.0,لا
1627.0,مطبخ سارة  ,insta,طبخ,text,2025-01-03,أسرار المطبخ اللي محدش بيقولهالك,55339,11778.0,19715,915.0,97.0,160.0,
1265.0, عالم التقنية,youtube,تقنية,Reel,2025-04-02,كل ما تريد معرفته عن الذكاء الاصطناعي,29610,3675.0,5862,58.0,8.0,7.0,Yes
1922.0,فوازير  رمضان,youtube,ترفيه,فيديو,2024-02-01,أفضل خمس مشاهد كوميدية هذا العام,55985,5678.0,7114,178.0,5.0,16.0,
3529.0,ملعب مصر  ,تويتر(X),Sports,Reel,,أهم أحداث مباراة اليوم بالتفصيل,189630,31444.0,43726,150.0,8.0,3.0,
2692.0,اتعلم اونلاين,تيك توك,Education,صوره,2025-02-15,خطوات عملية لتعلم مهارة جديدة,51986,8896.0,16000,839.0,61.0,66.0,No
878.0,اتعلم اونلاين,فيسبوك,تعليم,ريلز,21/01/2025,كيف تذاكر بفعالية قبل الامتحانات,10155,3838.0,7106,18.0,0.0,2.0,لا
2576.0,ستايل بنات ✅,انستغرام,موضة ,text,03/07/2025,نصائح لاختيار الألوان المناسبة لبشرتك,31346,4608.0,8598,223.0,7.0,6.0,
3561.0,ضحك ونكت,فيسبوك ,ترفيه,,2024-12-08,أطرف المواقف اللي حصلت الأسبوع ده,35914,12198.0,22386,594.0,88.0,22.0,0
2014.0,أخبار  مصر  الآن,FB,أخبار,reels,08-05-2024,ملخص أهم الأخبار المحلية اليوم,127935,44107.0,90960,1127.0,136.0,116.0,
1431.0,كورة كل يوم,X,كورة,text,2024-02-11,تحليل فني لأداء الفريق هذا الموسم,22680,8637.0,14921,390.0,33.0,38.0,لا
14.0,كوميديا العرب,FB,كوميدي,نص,2025-09-05,تحدي جديد بين المتابعين,99065,33434.0,50587,170.0,4.0,22.0,نعم
482.0,ملعب  مصر,Facebook,رياضة ,story,,أخبار الانتقالات الصيفية,63458,23527.0,40264,669.0,16.0,60.0,No
3856.0,اليوم السابع نيوز  ,تويتر (X),News,image,2024-08-03,بيان رسمي حول القرار الأخير,92441,44113.0,59933,2242.0,168.0,110.0,
3205.0,,انستجرام,رياضة ,فيديو ,22/07/2025,أخبار الانتقالات الصيفية,30867,13871.0,26036,406.0,34.0,56.0,Yes
1746.0,جادجت العرب  ,يوتيوب,تكنولوجيا,ريلز,2025-01-25,كل ما تريد معرفته عن الذكاء الاصطناعي,8114,1839.0,2066,15.0,1.0,0.0,
3412.0,أخبار مصر الآن,tiktok,اخبار,ستوري,17/05/2025,تفاصيل جديدة حول الحدث الذي شغل الرأي العام,48628,21968.0,41058,1566.0,122.0,51.0,
2709.0,أزياء العرب,فيس بوك,موضة,صورة,2025-09-10,موديلات جديدة من أشهر الماركات,26418,7213.0,9179,228.0,20.0,23.0,
377.0,أخبار مصر الآن,FB,أخبار,صورة,2025-12-03,آخر التطورات في الساعات الماضية,42820,22090.0,22715,2185.0,265.0,211.0,
505.0,تكنولوجيا بلس,انستغرام,تكنولوجيا,فيديو ,2024-01-02,مراجعة كاملة لأحدث هاتف صدر هذا الشهر,21455,10838.0,13058,62.0,3.0,6.0,
2400.0,أخبار مصر الآن  ,يوتيوب ,News,image,28-07-2025,بيان رسمي حول القرار الأخير,9772,4652.0,8402,142.0,4.0,14.0,
3319.0, أزياء العرب,youtube,موضة,text,2025-06-28,نصائح لاختيار الألوان المناسبة لبشرتك,28422,2198.0,3925,19.0,1.0,3.0,
858.0,موضة اليوم  ,تويتر(X),موضة ,video,2025-12-24,موديلات جديدة من أشهر الماركات,181592,49255.0,52282,1986.0,143.0,152.0,Yes
504.0,اتعلم اونلاين ✅,tiktok,تعليم ,ستوري,12-05-2024,دورة مجانية لتعلم أساسيات البرمجة,14622,4495.0,7010,275.0,22.0,25.0,
1082.0,بوابة  الأحداث,تيكتوك,أخبار,صورة,2025-03-10,تغطية مباشرة لفعاليات المؤتمر,14501,3551.0,5175,165.0,12.0,28.0,No
47.0,فوازير رمضان,Facebook,Entertainment,صور,2024-05-21,نكت وضحك من غير توقف,56603,17591.0,19656,854,36.0,78.0,
2471.0,كورة كل يوم  ,tiktok,رياضة,منشور نصي,2025-05-21,تشكيلة المنتخب المتوقعة في المباراة القادمة,64661,5187.0,11043,311.0,21.0,49.0,لا
2170.0,منصة التعليم  ,انستغرام,تعليم,فيديو ,2025-03-03,نصائح للطلاب الجدد في الجامعة,71927,19565.0,36296,1874.0,152.0,296.0,
3863.0,ضحك ونكت,انستغرام,كوميدي,ستوري ,2024-12-17,نكت وضحك من غير توقف,134558,32269.0,50659,1624.0,100.0,72.0,
267.0,وصفات  ماما,فيس بوك,طبخ,ستوري ,2025-02-11,أسرار المطبخ اللي محدش بيقولهالك,285359,120437.0,236777,4035.0,342.0,99.0,
2578.0,كوميديا العرب  ,TikTok,ترفيه,فديو,2025-10-05,نكت وضحك من غير توقف,56100,17132.0,25310,1306.0,70.0,197.0,
4074.0,مطبخ سارة ✅,insta,أكل وطبخ,text,2025-08-14,أسرار المطبخ اللي محدش بيقولهالك,90014,50951.0,100681,3075.0,183.0,406.0,0
900.0,مطبخ سارة  ,تيكتوك,طبخ,ستوري ,11/07/2024,طريقة عمل الكنافة بالقشطة خطوة بخطوة,35800,2820.0,5469,265.0,22.0,14.0,نعم
1023.0,أزياء العرب  ,youtube,أزياء,منشور نصي,18-07-2025,أحدث صيحات الموضة لهذا الموسم,12049,1037.0,1896,55.0,3.0,2.0,
233.0,بوابة الأحداث ✅,يوتيوب,اخبار,ستوري ,05-05-2025,ملخص أهم الأخبار المحلية اليوم,145831,21314.0,34168,713.0,48.0,16.0,
3719.0,اتعلم اونلاين,Instagram,Education,reels,2024-12-06,خطوات عملية لتعلم مهارة جديدة,46485,21131.0,41771,1187.0,49.0,68.0,
3875.0,منصة التعليم ✅,انستغرام,تعليم,ستوري ,,دورة مجانية لتعلم أساسيات البرمجة,58488,5093.0,6367,343.0,13.0,38.0,1
4082.0,مطبخ  سارة,youtube, طبخ,فيديو ,2024-02-22,طريقة عمل الكنافة بالقشطة خطوة بخطوة,44975,4336.0,8596,180.0,26.0,13.0,
1536.0,بوابة الأحداث  ,Facebook,News,reels,2025-12-12,آخر التطورات في الساعات الماضية,79207,4751.0,8869,364.0,28.0,62.0,0
3740.0,بوابة  الأحداث,إنستغرام,News,صوره,2024-09-06,ملخص أهم الأخبار المحلية اليوم,65448,33294.0,51837,282.0,14.0,50.0,Yes
1190.0,وصفات ماما,Twitter,طبخ,video,2025-10-09,طريقة عمل الكنافة بالقشطة خطوة بخطوة,48147,20612.0,26792,1541.0,114.0,282.0,
3676.0,جادجت العرب,تيك توك,تقنية,Reel,,خمس تطبيقات تساعدك في تنظيم وقتك,15860,8061.0,8975,281.0,37.0,40.0,
1599.0,موضة اليوم  ,يوتيوب,أزياء,Reel,2024-02-13,أفكار تنسيق ملابس اقتصادية,70166,29744.0,58691,365.0,49.0,53.0,لا
2668.0, جادجت العرب,TikTok,تقنيه,صورة,2025-08-07,نصائح لحماية حسابك من الاختراق,42646,6613.0,11772,154.0,16.0,30.0,No
5.0,اليوم السابع نيوز ✅,Facebook,News,نص,2025-07-19,تغطية مباشرة لفعاليات المؤتمر,21070,8094.0,9750,98.0,14.0,16.0,
3627.0,اتعلم اونلاين  ,إنستغرام,تعليم ,text,2024-07-01,دورة مجانية لتعلم أساسيات البرمجة,16202,5049.0,7470,435.0,51.0,19.0,
2274.0,موضة اليوم,يوتيوب ,أزياء,صورة,14/03/2024,موديلات جديدة من أشهر الماركات,14473,3128.0,5807,181.0,9.0,14.0,لا
174.0,تكنولوجيا بلس,youtube,تقنيه,ستوري,2024-12-10,نصائح لحماية حسابك من الاختراق,219902,48532.0,75043,193.0,13.0,19.0,
1166.0,أزياء العرب,youtube,أزياء,منشور نصي,27/06/2025,أحدث صيحات الموضة لهذا الموسم,9777,3934.0,5888,96.0,10.0,8.0,
205.0, أخبار مصر الآن,YouTube,اخبار,صورة,26-06-2025,ملخص أهم الأخبار المحلية اليوم,12133,3250.0,5962,,6.0,10.0,No
3890.0,عالم التقنية,X,,نص,2024-06-02,مقارنة بين أفضل اللابتوبات لعام هذا,53447,18543.0,31311,1245.0,87.0,134.0,0
2765.0,ملعب مصر,YouTube,كورة,video,,تشكيلة المنتخب المتوقعة في المباراة القادمة,8297,4497.0,4741,114.0,12.0,7.0,1
2509.0,أكاديمية المعرفة,تويتر,Education,Reel,2025-06-07,كيف تذاكر بفعالية قبل الامتحانات,20325,10972.0,19169,1210.0,31.0,85.0,
1178.0,موضة  اليوم,Facebook,موضة,ستوري,15/05/2025,نصائح لاختيار الألوان المناسبة لبشرتك,15933,2170.0,3280,88.0,6.0,13.0,0
3580.0,وصفات  ماما,تيك توك,طبخ ,منشور نصي,2025-07-04,أكلة اقتصادية وسهلة التحضير,212133,125251.0,252899,10705.0,1237.0,1944.0,
3316.0,اتعلم اونلاين,youtube,تعليم,صورة,2025-04-23,دورة مجانية لتعلم أساسيات البرمجة,51150,3036.0,5156,221.0,9.0,34.0,
1163.0, منصة التعليم,تويتر(X),Education,reels,2024-02-17,نصائح للطلاب الجدد في الجامعة,52761,24712.0,29156,1226.0,60000.0,14.0,
1601.0,مطبخ  سارة,يوتيوب ,أكل وطبخ,image,2025-03-21,أسرار المطبخ اللي محدش بيقولهالك,92871,21814.0,29518,2111.0,183.0,73.0,0
3565.0,مطبخ سارة,تويتر (X), طبخ,صوره,2024-05-18,أكلة اقتصادية وسهلة التحضير,12308,3805.0,6892,279.0,19.0,6.0,
1870.0,ستايل  بنات,insta,موضة ,Reel,2025-10-10,أفكار تنسيق ملابس اقتصادية,5307,2990.0,4879,182.0,11.0,18.0,Yes
2067.0,كوميديا العرب,X,Entertainment,video,2025-02-13,أفضل خمس مشاهد كوميدية هذا العام,74831,11059.0,11738,647.0,54.0,98.0,0
2585.0,موضة اليوم,تويتر(X),موضة ,,2025-05-13,نصائح لاختيار الألوان المناسبة لبشرتك,60698,4724.0,7861,120.0,14.0,6.0,
622.0,مطبخ سارة  ,فيس بوك,Food,,2024-02-24,أكلة اقتصادية وسهلة التحضير,49668,18854.0,30476,433.0,36.0,27.0,نعم
2557.0,أخبار الرياضة ✅,تويتر(X),كورة,reels,25/01/2025,أخبار الانتقالات الصيفية,407728,95482.0,173186,4313.0,565.0,84.0,نعم
2104.0,مطبخ سارة ✅,تويتر,Food,reels,,أكلة اقتصادية وسهلة التحضير,44923,16423.0,25606,923.0,40.0,117.0,
365.0,مطبخ سارة,يوتيوب,طبخ ,فديو,19/04/2024,أكلة اقتصادية وسهلة التحضير,3169,1261.0,2326,4.0,0.0,0.0,
2148.0, اليوم السابع نيوز,Twitter,اخبار,story,20-01-2025,تغطية مباشرة لفعاليات المؤتمر,10890,1780.0,2956,22.0,1.0,1.0,Yes
2951.0,أزياء العرب,انستجرام,موضة ,صور,2024-07-14,إطلالات بسيطة وأنيقة لكل يوم,41278,14593.0,21394,896.0,78.0,45.0,
1293.0,ستايل بنات ✅,تيكتوك,موضة ,ريلز,11-10-2025,نصائح لاختيار الألوان المناسبة لبشرتك,26473,13763.0,25105,831.0,61.0,38.0,0
4023.0,اتعلم اونلاين,تيك توك,Education,Reel,2024-06-08,دورة مجانية لتعلم أساسيات البرمجة,84294,5100.0,8139,190.0,5.0,18.0,لا
2191.0,بوابة الأحداث ✅,انستجرام,,ريلز,,آخر التطورات في الساعات الماضية,17976,7624.0,15773,46.0,2.0,2.0,
2355.0,ضحك  ونكت,إنستغرام,كوميدي,reels,09-01-2024,نكت وضحك من غير توقف,51516,15544.0,27534,251.0,23.0,39.0,Yes
1037.0,تكنولوجيا بلس,فيسبوك,تقنية,text,10-12-2024,نصائح لحماية حسابك من الاختراق,127043,15092.0,17442,,75.0,73.0,لا
1654.0, ملعب مصر,تيك توك,رياضة,صورة,2025-10-01,أفضل اللقطات من الجولة الأخيرة,32728,8687.0,14829,213.0,25.0,40.0,No
2265.0,أزياء العرب,يوتيوب,موضة,منشور نصي,2024-04-12,أحدث صيحات الموضة لهذا الموسم,101473,43894.0,80980,2775.0,197.0,162.0,1
4180.0,ملعب  مصر,Facebook,Sports,story,2024-08-13,أفضل اللقطات من الجولة الأخيرة,6957,1935.0,2989,130.0,6.0,9.0,
3312.0,بوابة  الأحداث,X,اخبار,reels,2025-01-16,ملخص أهم الأخبار المحلية اليوم,20559,9367.0,16730,190.0,10.0,24.0,
221.0,فوازير رمضان,تيك توك,كوميدي,صور,28-01-2025,أطرف المواقف اللي حصلت الأسبوع ده,18972,1673.0,2715,19.0,0.0,2.0,0
3387.0,عالم التقنية ✅,FB,Tech,نص,2025-04-03,كل ما تريد معرفته عن الذكاء الاصطناعي,41796,6948.0,7279,150.0,12.0,25.0,نعم
2912.0,أزياء العرب ✅,insta,موضة,story,2025-02-11,إطلالات بسيطة وأنيقة لكل يوم,65083,20372.0,35965,1066.0,79.0,128.0,
3489.0,كوميديا العرب,انستغرام,كوميدي,ستوري,2025-06-03,نكت وضحك من غير توقف,5226,1617.0,2158,6.0,0.0,0.0,
2997.0,أخبار مصر الآن,يوتيوب ,News,ستوري,04/11/2025,تغطية مباشرة لفعاليات المؤتمر,112262,39249.0,54863,895.0,64.0,94.0,لا
3979.0,ستايل بنات,tiktok,موضة ,نص,2024-07-28,  نصائح لاختيار الألوان المناسبة لبشرتك   ,24736,5204.0,10258,207.0,11.0,27.0,نعم
40.0, أخبار الرياضة,youtube,رياضة ,منشور نصي,05/08/2025,تحليل فني لأداء الفريق هذا الموسم,69660,21321.0,35204,676.0,16.0,11.0,
1193.0,عالم التقنية,يوتيوب,تكنولوجيا,فيديو,2024-09-26,كل ما تريد معرفته عن الذكاء الاصطناعي,29726,11402.0,19669,879.0,49.0,53.0,
2092.0,جادجت العرب  ,يوتيوب,Tech,ستوري,13/11/2024,مقارنة بين أفضل اللابتوبات لعام هذا,22226,10270.0,14030,1040.0,64.0,67.0,Yes
2566.0,منصة  التعليم,FB,تعليم ,ستوري,2025-09-13,كيف تذاكر بفعالية قبل الامتحانات,95424,48542.0,58509,4418.0,618.0,218.0,
564.0,أكاديمية المعرفة,يوتيوب,تعليم,صور,20-01-2025,كيف تذاكر بفعالية قبل الامتحانات,57023,16307.0,21706,1051.0,115.0,57.0,
2653.0,أخبار الرياضة ✅,تويتر(X),رياضة ,text,2024-05-13,أخبار الانتقالات الصيفية,74375,33435.0,52769,1434.0,199.0,267.0,
4134.0,عالم التقنية,فيسبوك,تكنولوجيا,نص,,مقارنة بين أفضل اللابتوبات لعام هذا,29673,8409.0,16908,288.0,19.0,24.0,
2888.0,اتعلم اونلاين ✅,يوتيوب ,تعليم,صور,2025-03-18,نصائح للطلاب الجدد في الجامعة,33552,6048.0,8387,641.0,46.0,11.0,
523.0,فوازير رمضان ✅,Twitter,Entertainment,ستوري,,تحدي جديد بين المتابعين,47288,19452.0,40422,724,15.0,120.0,No
3002.0,بوابة الأحداث,تيكتوك,News,Reel,2024-12-14,ملخص أهم الأخبار المحلية اليوم,6243,1575.0,1606,145.0,4.0,11.0,
2524.0,عالم الطبخ  ,فيسبوك, طبخ,Reel,2024-10-29,وصفة سريعة ولذيذة لعشاء اليوم,19144,6264.0,11731,269.0,18.0,46.0,No
2155.0,وصفات  ماما,تويتر (X),طبخ ,text,2025-02-15,أكلة اقتصادية وسهلة التحضير,25190,9092.0,10140,827.0,66.0,75.0,نعم
2171.0,بوابة الأحداث,يوتيوب ,اخبار,منشور نصي,20/02/2025,بيان رسمي حول القرار الأخير,21174,2172.0,2270,116.0,7.0,9.0,
4046.0,اليوم السابع نيوز,تيكتوك,اخبار,نص,,آخر التطورات في الساعات الماضية,38945,4375.0,9575,243.0,12.0,28.0,Yes
2793.0,موضة  اليوم,فيسبوك,موضة ,video,2025-03-29,  أفكار تنسيق ملابس اقتصادية   ,21861,4522.0,8824,465.0,45.0,26.0,
2175.0,موضة اليوم,انستجرام,موضة,reels,25-06-2025,موديلات جديدة من أشهر الماركات,45727,3121.0,6854,44.0,2.0,3.0,
3915.0,وصفات ماما,انستجرام,Food,text,19-12-2025,أكلة اقتصادية وسهلة التحضير,9371,5513.0,11683,388.0,57.0,30.0,نعم
577.0,كوميديا العرب  ,تويتر (X),Entertainment,فيديو,05/05/2025,تحدي جديد بين المتابعين,150021,79584.0,174661,5301.0,331.0,360.0,
1651.0,عالم الطبخ,X,طبخ ,,2025-03-24,طريقة عمل الكنافة بالقشطة خطوة بخطوة,13657,4799.0,7407,325.0,17.0,49.0,
2545.0,أخبار مصر الآن,Twitter,أخبار,فيديو ,2024-08-08,تغطية مباشرة لفعاليات المؤتمر,22292,11795.0,14415,315.0,25.0,33.0,0
1961.0,اتعلم اونلاين ✅,X,تعليم ,story,22-02-2025,نصائح للطلاب الجدد في الجامعة,49166,7999.0,16587,885.0,125.0,54.0,1
4050.0,اليوم السابع نيوز,فيس بوك,أخبار,صورة,2024-11-09,ملخص أهم الأخبار المحلية اليوم,18953,6994.0,14913,138.0,14.0,20.0,
3525.0,عالم الطبخ,يوتيوب,طبخ ,منشور نصي,2024-08-16,أكلة اقتصادية وسهلة التحضير,98324,13343.0,16715,451.0,53.0,51.0,
1636.0, مطبخ سارة,youtube,طبخ ,ستوري,2025-11-02,أسرار المطبخ اللي محدش بيقولهالك,30891,6883.0,14923,250.0,33.0,38.0,
1275.0,بوابة الأحداث,Facebook,أخبار,نص,2025-11-13,تغطية مباشرة لفعاليات المؤتمر,89766,23444.0,44172,908.0,127.0,87.0,لا
1817.0,ضحك ونكت  ,Twitter,ترفيه,image,17-09-2024,نكت وضحك من غير توقف,120375,21619.0,45879,2441.0,314.0,,
756.0,كوميديا العرب ✅,تيكتوك,كوميدي,story,2024-08-23,أطرف المواقف اللي حصلت الأسبوع ده,32621,9638.0,18046,812.0,40.0,110.0,
1328.0,ستايل بنات,يوتيوب ,موضة,Reel,25-12-2024,أحدث صيحات الموضة لهذا الموسم,70773,38703.0,43550,4311.0,471.0,812.0,No
640.0,فوازير رمضان,انستغرام,كوميدي,فديو,21-10-2025,تحدي جديد بين المتابعين,331880,76615.0,137506,6480.0,926.0,450.0,
3338.0,كورة كل يوم ✅,TikTok,كورة,صور,2025-11-30,أخبار الانتقالات الصيفية,60256,32678.0,63642,3219.0,282.0,349.0,No
44.0,كورة كل يوم,تويتر(X),رياضة ,صورة,2024-08-12,أخبار الانتقالات الصيفية,43759,22307.0,40937,776.0,31.0,44.0,
8.0,فوازير رمضان,insta,كوميدي,منشور نصي,2025-12-02,أطرف المواقف اللي حصلت الأسبوع ده,10712,6070.0,12587,433.0,13.0,20.0,No
3556.0,اتعلم اونلاين,Facebook,Education,ستوري,2024-08-25,خطوات عملية لتعلم مهارة جديدة,77304,39007.0,54871,575.0,40.0,43.0,No
3877.0,أخبار الرياضة  ,youtube,رياضة,ستوري ,2025-01-21,تحليل فني لأداء الفريق هذا الموسم,155698,16584.0,28934,697.0,34.0,10.0,0
472.0,اليوم السابع نيوز  ,يوتيوب,اخبار,story,2024-07-19,تغطية مباشرة لفعاليات المؤتمر,67001,4176.0,5982,328.0,19.0,44.0,
422.0,ضحك ونكت,YouTube,كوميدي,ستوري,03/02/2024,أفضل خمس مشاهد كوميدية هذا العام,14411,2348.0,3709,60.0,6.0,11.0,
3572.0,اليوم السابع نيوز  ,فيسبوك ,News,story,18-06-2025,بيان رسمي حول القرار الأخير,70009,14897.0,20493,220.0,32.0,14.0,No
655.0,ملعب مصر,Twitter,Sports,ستوري,2024-07-30,تشكيلة المنتخب المتوقعة في المباراة القادمة,127114,30213.0,46317,"2,007",264.0,350.0,1
3699.0,مطبخ سارة,فيسبوك,أكل وطبخ,text,2025-12-03,أسرار المطبخ اللي محدش بيقولهالك,22472,9812.0,17474,126.0,4.0,7.0,0
3700.0,اتعلم اونلاين ✅,Facebook,Education,video,03/12/2025,كيف تذاكر بفعالية قبل الامتحانات,15364,4648.0,5257,369.0,,61.0,
3503.0,موضة  اليوم,Facebook,أزياء,story,,إطلالات بسيطة وأنيقة لكل يوم,14235,954.0,1943,34,3.0,3.0,
465.0, منصة التعليم,YouTube,تعليم,فديو,2024-06-07,كيف تذاكر بفعالية قبل الامتحانات,14650,7354.0,13174,503.0,55.0,30.0,
3693.0,تكنولوجيا بلس,Instagram,تكنولوجيا,Reel,2024-10-24,خمس تطبيقات تساعدك في تنظيم وقتك,50899,10744.0,11931,477.0,31.0,,
1692.0,بوابة الأحداث ✅,TikTok,اخبار,نص,2024-08-06,ملخص أهم الأخبار المحلية اليوم,129867,72920.0,134797,2366.0,275.0,294.0,1
1034.0,عالم التقنية ✅,TikTok,تقنيه,video,30-04-2024,مقارنة بين أفضل اللابتوبات لعام هذا,108207,25821.0,30104,1145.0,82.0,159.0,
3400.0,بوابة الأحداث,Twitter,أخبار,image,03/11/2025,بيان رسمي حول القرار الأخير,63373,5322.0,10526,229.0,9.0,4.0,No
1980.0,ملعب  مصر,انستجرام,رياضة,صوره,08/02/2025,تشكيلة المنتخب المتوقعة في المباراة القادمة,16358,7660.0,12469,792.0,102.0,109.0,لا
66.0,تكنولوجيا بلس,X,,ريلز,05-05-2025,كل ما تريد معرفته عن الذكاء الاصطناعي,24313,8272.0,18128,91.0,13.0,9.0,
2490.0,كورة كل يوم,TikTok,كورة,صوره,2024-02-04,أفضل اللقطات من الجولة الأخيرة,24837,6890.0,10551,95.0,12.0,18.0,نعم
1433.0,فوازير رمضان,انستجرام,Entertainment,نص,24/03/2024,  نكت وضحك من غير توقف   ,71850,13638.0,27746,995.0,36.0,194.0,Yes
2640.0,أخبار الرياضة,يوتيوب,كورة,ستوري,24/07/2025,أهم أحداث مباراة اليوم بالتفصيل,10031,5533.0,11397,572.0,62.0,66.0,
3084.0,جادجت العرب  ,تيك توك,تقنية,صور,02-03-2024,مقارنة بين أفضل اللابتوبات لعام هذا,409669,241309.0,516730,17356.0,2410.0,3070.0,
2093.0,أخبار  الرياضة,تويتر,Sports,ستوري,,تشكيلة المنتخب المتوقعة في المباراة القادمة,15913,1825.0,2210,138.0,2.0,19.0,نعم
996.0,ستايل بنات,فيسبوك ,أزياء,ريلز,2024-06-27,أفكار تنسيق ملابس اقتصادية,37053,9372.0,10896,390.0,55.0,,
3850.0,اتعلم اونلاين  ,insta,Education,صور,2025-01-08,نصائح للطلاب الجدد في الجامعة,24151,8856.0,15480,789.0,74.0,108.0,1
3076.0,كوميديا العرب ✅,Instagram,ترفيه,نص,2025-07-04,تحدي جديد بين المتابعين,72884,30935.0,46096,1644.0,222.0,167.0,1
1781.0, مطبخ سارة,insta,Food,ستوري ,06/03/2025,أكلة اقتصادية وسهلة التحضير,36681,19403.0,24373,1023.0,77.0,79.0,
2110.0,فوازير رمضان,تويتر,كوميدي,image,2024-05-11,أفضل خمس مشاهد كوميدية هذا العام,46141,18899.0,20624,1367.0,178.0,31.0,لا
3278.0,عالم الطبخ ✅,tiktok, طبخ,نص,17-07-2024,حلويات رمضان بمكونات بسيطة,30638,14321.0,28039,1508.0,110.0,250.0,
2528.0,اتعلم  اونلاين,youtube,Education,نص,,شرح مبسط لأهم قواعد اللغة العربية,51639,13613.0,29294,868.0,60.0,98.0,
130.0, أكاديمية المعرفة,تيكتوك,Education,text,,كيف تذاكر بفعالية قبل الامتحانات,30212,3467.0,5865,104.0,10.0,17.0,
2538.0,عالم  الطبخ,youtube,طبخ ,ستوري,2025-08-21,أسرار المطبخ اللي محدش بيقولهالك,10261,825.0,875,82.0,5.0,10.0,
850.0,تكنولوجيا  بلس,تيكتوك,تقنية,فيديو,2024-04-19,كل ما تريد معرفته عن الذكاء الاصطناعي,21386,8421.0,17982,492.0,13.0,10.0,
2286.0, فوازير رمضان,تيكتوك,ترفيه,نص,2025-04-27,نكت وضحك من غير توقف,57537,14722.0,29714,247.0,6.0,19.0,No
3045.0,فوازير  رمضان,فيس بوك,ترفيه,ستوري,2025-07-14,أفضل خمس مشاهد كوميدية هذا العام,9321,1922.0,4044,86.0,6.0,7.0,Yes
2714.0,أزياء العرب,فيسبوك ,أزياء,Reel,2025-01-30,  أحدث صيحات الموضة لهذا الموسم   ,133398,55402.0,95137,1210.0,133.0,135.0,1
2262.0,عالم الطبخ,YouTube,طبخ ,reels,2025-02-23,وصفة سريعة ولذيذة لعشاء اليوم,19436,7000.0,10380,686.0,78.0,51.0,
3610.0,أزياء العرب,X,موضة ,ستوري ,2024-02-10,أحدث صيحات الموضة لهذا الموسم,27605,4721.0,5665,79.0,9.0,1.0,نعم
4143.0,عالم  الطبخ,تيك توك,طبخ ,فديو,2024-07-17,أكلة اقتصادية وسهلة التحضير,39278,23262.0,32722,1786.0,45.0,29.0,
1923.0,عالم التقنية ✅,يوتيوب ,تقنية,video,13/01/2024,مقارنة بين أفضل اللابتوبات لعام هذا,93117,55752.0,106155,5949.0,863.0,858.0,No
2950.0,ضحك ونكت  ,Facebook,كوميدي,ستوري,2024-01-08,مقاطع مضحكة من كواليس التصوير,100423,16698.0,31630,1283.0,53.0,195.0,1
3988.0,أزياء العرب ✅,تيكتوك,أزياء,ستوري ,20-04-2024,موديلات جديدة من أشهر الماركات,24730,4014.0,7356,17.0,1.0,1.0,
4165.0,اتعلم اونلاين,insta,Education,reels,26-11-2024,نصائح للطلاب الجدد في الجامعة,84699,34341.0,67840,1979.0,270.0,310.0,
2103.0,فوازير رمضان,فيسبوك,كوميدي,text,2025-10-26,تحدي جديد بين المتابعين,68746,33042.0,40209,2746.0,293.0,461.0,
2558.0,عالم الطبخ  ,youtube,Food,نص,2024-02-04,وصفة سريعة ولذيذة لعشاء اليوم,35201,18835.0,38093,,63.0,,No
4156.0,فوازير رمضان ✅,YouTube,كوميدي,text,2025-12-05,أفضل خمس مشاهد كوميدية هذا العام,11192,5624.0,6857,67.0,9.0,4.0,No
2767.0,ستايل بنات ✅,فيس بوك,موضة ,Reel,2025-03-08,موديلات جديدة من أشهر الماركات,6020,2764.0,5967,56.0,7.0,7.0,
1482.0,كوميديا العرب,يوتيوب,كوميدي,ستوري,27/06/2025,أطرف المواقف اللي حصلت الأسبوع ده,177997,82965.0,143746,2660.0,321.0,272.0,No
3773.0,كوميديا  العرب,X,Entertainment,فيديو ,2025-05-05,أطرف المواقف اللي حصلت الأسبوع ده,43053,11238.0,13208,75.0,10.0,11.0,
383.0,اتعلم اونلاين ✅,tiktok,Education,فيديو,2024-07-17,شرح مبسط لأهم قواعد اللغة العربية,26374,3455.0,3487,208.0,7.0,39.0,
2359.0, منصة التعليم,تويتر,تعليم ,reels,2024-04-20,خطوات عملية لتعلم مهارة جديدة,74447,21204.0,44158,1285.0,39.0,83.0,
3540.0,تكنولوجيا بلس,تويتر,تكنولوجيا,فيديو,2024-02-12,مقارنة بين أفضل اللابتوبات لعام هذا,25120,13039.0,20576,680.0,21.0,120.0,Yes
4178.0,أخبار مصر الآن ✅,تيكتوك,أخبار,فيديو ,07-03-2024,تفاصيل جديدة حول الحدث الذي شغل الرأي العام,23051,11531.0,14964,438.0,36.0,73.0,
4175.0,ملعب مصر,Twitter,Sports,story,09-03-2025,تحليل فني لأداء الفريق هذا الموسم,15973,3286.0,4419,77.0,10.0,8.0,لا
559.0,كوميديا العرب,تويتر (X),Entertainment,ستوري,2025-11-25,  نكت وضحك من غير توقف   ,88694,46684.0,62898,2326.0,170.0,212.0,No
836.0,أخبار مصر الآن,Instagram,News,image,02/07/2025,آخر التطورات في الساعات الماضية,28204,9375.0,20065,473.0,61.0,49.0,1
30.0, عالم التقنية,انستغرام,تقنية,text,2025-12-04,نصائح لحماية حسابك من الاختراق,17776,7851.0,10086,299.0,31.0,51.0,
464.0,كوميديا العرب  ,insta,ترفيه,فديو,05-11-2024,أفضل خمس مشاهد كوميدية هذا العام,54064,9093.0,13728,798.0,35.0,19.0,
2644.0,منصة التعليم  ,تويتر,,منشور نصي,2024-09-15,شرح مبسط لأهم قواعد اللغة العربية,22300,1379.0,2013,16.0,1.0,2.0,
917.0,فوازير رمضان,انستجرام,Entertainment,ريلز,2025-12-14,أفضل خمس مشاهد كوميدية هذا العام,12631,5256.0,8565,303.0,41.0,36.0,
1826.0,ملعب مصر,تويتر,Sports,ستوري,2024-06-25,أفضل اللقطات من الجولة الأخيرة,16428,7406.0,11328,233.0,11.0,14.0,Yes
1300.0,أخبار مصر الآن,فيس بوك,News,ريلز,12/01/2025,تفاصيل جديدة حول الحدث الذي شغل الرأي العام,35937,6387.0,10485,142.0,5.0,19.0,
3474.0,عالم الطبخ,Twitter,أكل وطبخ,image,2024-09-13,طريقة عمل الكنافة بالقشطة خطوة بخطوة,63251,4836.0,7190,353.0,52.0,57.0,
2461.0,وصفات ماما ✅,فيسبوك , طبخ,story,2025-12-13,أكلة اقتصادية وسهلة التحضير,33577,19968.0,26021,877.0,58.0,149.0,
3337.0, ضحك ونكت,إنستغرام,ترفيه,نص,11-12-2024,أفضل خمس مشاهد كوميدية هذا العام,30038,17981.0,39096,1033.0,93.0,27.0,لا
519.0,منصة التعليم  ,تويتر(X),تعليم,منشور نصي,23/09/2025,خطوات عملية لتعلم مهارة جديدة,92243,50047.0,104648,1802.0,99.0,83.0,0
2916.0,موضة اليوم,تويتر (X),موضة ,image,27-06-2025,موديلات جديدة من أشهر الماركات,22408,3735.0,7044,257.0,19.0,34.0,0
1873.0,وصفات ماما ✅,يوتيوب, طبخ,فيديو ,2025-10-14,أسرار المطبخ اللي محدش بيقولهالك,3672,1304.0,1684,13.0,0.0,0.0,1
2328.0,كورة كل يوم,فيس بوك,رياضة ,Reel,2024-11-10,تشكيلة المنتخب المتوقعة في المباراة القادمة,15421,5346.0,8087,514,27.0,27.0,0
596.0,عالم الطبخ ✅,يوتيوب, طبخ,صوره,2025-02-07,أكلة اقتصادية وسهلة التحضير,160992,32582.0,69368,597.0,87.0,26.0,0
470.0, اتعلم اونلاين,يوتيوب ,تعليم,video,2025-05-31,شرح مبسط لأهم قواعد اللغة العربية,7594,4142.0,9093,388.0,20.0,46.0,
2352.0,موضة اليوم  ,Facebook,أزياء,video,2024-07-26,إطلالات بسيطة وأنيقة لكل يوم,39384,12136.0,25722,672.0,33.0,92.0,
2321.0,وصفات ماما ✅,فيسبوك ,Food,Reel,2024-09-07,أسرار المطبخ اللي محدش بيقولهالك,18733,7041.0,12720,61.0,8.0,10.0,
2867.0,ستايل بنات,يوتيوب,أزياء,reels,,أحدث صيحات الموضة لهذا الموسم,14211,1843.0,2071,90.0,11.0,17.0,1
1555.0,بوابة الأحداث,تيكتوك,News,image,,تفاصيل جديدة حول الحدث الذي شغل الرأي العام,26842,5373.0,7324,314.0,35.0,56.0,
98.0,أكاديمية المعرفة,Facebook,تعليم,ريلز,2025-10-12,خطوات عملية لتعلم مهارة جديدة,14701,3456.0,4013,-42.0,2.0,6.0,
2855.0,اليوم السابع نيوز ✅,تويتر(X),اخبار,text,2024-03-20,بيان رسمي حول القرار الأخير,555986,111889.0,182116,5164.0,660.0,587.0,
2077.0,وصفات ماما,فيسبوك ,,منشور نصي,2025-01-23,حلويات رمضان بمكونات بسيطة,48981,3231.0,5626,66.0,9.0,3.0,
448.0,أكاديمية المعرفة ✅,تويتر (X),تعليم ,video,2024-11-28,شرح مبسط لأهم قواعد اللغة العربية,10316,,3502,81.0,8.0,9.0,1
3344.0, أزياء العرب,insta,أزياء,نص,07-02-2025,إطلالات بسيطة وأنيقة لكل يوم,53356,4829.0,7986,314.0,35.0,18.0,
1734.0,أخبار مصر الآن,تويتر,أخبار,فيديو,16/04/2025,ملخص أهم الأخبار المحلية اليوم,103461,48225.0,95818,1017.0,47.0,158.0,No
1898.0,كوميديا  العرب,تويتر (X),ترفيه,Reel,2024-07-29,تحدي جديد بين المتابعين,158214,74761.0,146799,7736.0,562.0,913.0,
3422.0,فوازير رمضان  ,تويتر (X),Entertainment,صوره,07-06-2025,نكت وضحك من غير توقف,38311,15186.0,26059,842,46.0,78.0,لا
3860.0,تكنولوجيا بلس  ,تيكتوك,تقنية,صورة,,نصائح لحماية حسابك من الاختراق,22193,10774.0,14710,222.0,20.0,37.0,1
2949.0,ستايل بنات ✅,Twitter,موضة,صورة,2025-11-21,إطلالات بسيطة وأنيقة لكل يوم,10955,3733.0,7496,30.0,2.0,3.0,0
3675.0,جادجت العرب  ,يوتيوب ,Tech,Reel,2025-10-26,كل ما تريد معرفته عن الذكاء الاصطناعي,36364,16095.0,17123,1235.0,,63.0,
3206.0,أكاديمية  المعرفة,انستغرام,تعليم ,ستوري,15/04/2025,نصائح للطلاب الجدد في الجامعة,50777,6612.0,8657,348.0,29.0,28.0,
3257.0,منصة التعليم  ,تيكتوك,Education,,02/02/2024,شرح مبسط لأهم قواعد اللغة العربية,24661,9617.0,10627,579.0,79.0,42.0,
3366.0,اتعلم اونلاين ✅,تويتر,تعليم,ستوري ,30-03-2024,كيف تذاكر بفعالية قبل الامتحانات,62403,31964.0,46537,287.0,40.0,41.0,
2131.0, اتعلم اونلاين,tiktok,Education,image,2024-12-13,شرح مبسط لأهم قواعد اللغة العربية,60689,8694.0,17222,295.0,37.0,38.0,
3837.0,فوازير  رمضان,YouTube,كوميدي,صوره,2025-09-11,أفضل خمس مشاهد كوميدية هذا العام,113157,55548.0,96616,1204.0,122.0,196.0,
3297.0,أخبار  مصر  الآن,YouTube,اخبار,فيديو ,2024-05-22,تفاصيل جديدة حول الحدث الذي شغل الرأي العام,27550,12356.0,20787,486.0,52.0,62.0,
3239.0, كورة كل يوم,فيسبوك,كورة,reels,09/02/2024,تشكيلة المنتخب المتوقعة في المباراة القادمة,22921,1854.0,3962,9.0,1.0,0.0,نعم
287.0,أكاديمية المعرفة,تويتر,تعليم,video,11-05-2024,خطوات عملية لتعلم مهارة جديدة,50165,26776.0,54748,,100.0,106.0,لا
3458.0,اتعلم  اونلاين,youtube,تعليم ,story,2024-03-09,خطوات عملية لتعلم مهارة جديدة,20100,11538.0,12734,944.0,,28.0,
780.0,موضة اليوم,فيس بوك,,فيديو,13-08-2024,إطلالات بسيطة وأنيقة لكل يوم,9574,4384.0,7936,93.0,3.0,3.0,
3923.0,جادجت العرب ✅,FB,تقنية,فيديو,2025-01-05,خمس تطبيقات تساعدك في تنظيم وقتك,21819,6203.0,12823,433.0,14.0,42.0,
4006.0,ضحك  ونكت,تيكتوك,Entertainment,فيديو,26/03/2024,أفضل خمس مشاهد كوميدية هذا العام,15109,6794.0,8519,344.0,31.0,43.0,
2053.0,أزياء العرب ✅,تيكتوك,أزياء,text,14/03/2025,  إطلالات بسيطة وأنيقة لكل يوم   ,10662,578.0,871,7.0,0.0,0.0,
429.0, جادجت العرب,youtube,Tech,ستوري ,2024-07-22,نصائح لحماية حسابك من الاختراق,35470,3580.0,6795,305.0,16.0,28.0,
2435.0,جادجت العرب,Facebook,تكنولوجيا,story,2025-10-31,نصائح لحماية حسابك من الاختراق,121579,18952.0,35085,221.0,6.0,40.0,0
1468.0, أكاديمية المعرفة,تيكتوك,تعليم ,ستوري ,2024-02-28,كيف تذاكر بفعالية قبل الامتحانات,45739,16250.0,30727,367.0,24.0,70.0,
3130.0, بوابة الأحداث,TikTok,اخبار,ريلز,17/08/2025,بيان رسمي حول القرار الأخير,112187,65467.0,126806,2026.0,147.0,208.0,نعم
3714.0,ضحك ونكت,يوتيوب,ترفيه,منشور نصي,,  تحدي جديد بين المتابعين   ,12302,5671.0,6827,146.0,9.0,17.0,Yes
4122.0,ضحك  ونكت,YouTube,Entertainment,image,17-03-2024,مقاطع مضحكة من كواليس التصوير,37985,10378.0,22651,158.0,6.0,15.0,No
351.0,كوميديا  العرب,YouTube,كوميدي,image,01/08/2025,أفضل خمس مشاهد كوميدية هذا العام,94195,19973.0,20316,1675.0,194.0,62.0,لا
3885.0,فوازير رمضان,يوتيوب ,ترفيه,صور,2024-06-10,أفضل خمس مشاهد كوميدية هذا العام,21190,6880.0,13507,181.0,23.0,6.0,نعم
661.0,تكنولوجيا  بلس,TikTok,Tech,text,,نصائح لحماية حسابك من الاختراق,31247,6684.0,9253,145,5.0,18.0,
3440.0,ملعب  مصر,تيكتوك,رياضة ,Reel,2024-05-26,أخبار الانتقالات الصيفية,33727,13145.0,27015,929.0,137.0,89.0,
2410.0,تكنولوجيا بلس,تيك توك,تقنيه,نص,2025-01-01,خمس تطبيقات تساعدك في تنظيم وقتك,34485,8221.0,8436,364.0,39.0,13.0,
2207.0,فوازير  رمضان,يوتيوب ,Entertainment,فيديو,17-03-2024,مقاطع مضحكة من كواليس التصوير,32153,8529.0,18660,201.0,29.0,,
384.0,كورة كل يوم  ,Instagram,رياضة,reels,17/08/2025,أفضل اللقطات من الجولة الأخيرة,42266,14425.0,18612,786.0,23.0,48.0,0
2296.0,وصفات ماما,tiktok,طبخ,صورة,2025-01-02,حلويات رمضان بمكونات بسيطة,15481,5586.0,5625,101.0,11.0,3.0,
2217.0,أزياء العرب ✅,Twitter,موضة ,فيديو ,30-01-2025,موديلات جديدة من أشهر الماركات,69397,25301.0,51746,1961.0,110.0,241.0,1
2189.0,اليوم السابع نيوز,انستجرام,أخبار,,2025-08-27,آخر التطورات في الساعات الماضية,36431,8114.0,9871,-504.0,55.0,38.0,
466.0,ستايل بنات ✅,TikTok,موضة ,فيديو,03/11/2024,موديلات جديدة من أشهر الماركات,165923,93993.0,165770,2815.0,126.0,399.0,
1133.0,مطبخ سارة,تيك توك, طبخ,صورة,16/09/2025,طريقة عمل الكنافة بالقشطة خطوة بخطوة,18065,2803.0,4173,237.0,25.0,13.0,
300.0, ضحك ونكت,Instagram,Entertainment,فيديو,05-12-2024,نكت وضحك من غير توقف,14437,4464.0,9708,226.0,24.0,16.0,
1616.0,موضة اليوم,تويتر (X),موضة,فيديو ,30/07/2025,نصائح لاختيار الألوان المناسبة لبشرتك,10800,1173.0,1659,22.0,3.0,4.0,
4048.0,كوميديا العرب,فيس بوك,Entertainment,video,03/04/2025,مقاطع مضحكة من كواليس التصوير,102214,15832.0,22850,1462.0,92.0,266.0,
3518.0,بوابة الأحداث ✅,TikTok,أخبار,text,24-03-2025,آخر التطورات في الساعات الماضية,119703,10857.0,17753,612.0,75.0,84.0,0
2417.0, ملعب مصر,تيك توك,رياضة ,صور,14/09/2025,تحليل فني لأداء الفريق هذا الموسم,115055,17470.0,29101,-1479.0,199.0,157.0,
1938.0,ملعب مصر,فيس بوك,رياضة ,فيديو,2024-06-21,تشكيلة المنتخب المتوقعة في المباراة القادمة,34793,20189.0,28051,1337.0,121.0,59.0,No
4137.0, اتعلم اونلاين,يوتيوب,تعليم,ستوري ,2024-01-10,نصائح للطلاب الجدد في الجامعة,165529,22684.0,26040,800.0,93.0,10.0,0
3642.0,عالم التقنية ✅,تيكتوك,تقنيه,فيديو ,21/02/2025,مقارنة بين أفضل اللابتوبات لعام هذا,29151,4931.0,9408,,11000.0,15.0,
4112.0, أزياء العرب,FB,أزياء,ستوري ,2025-06-04,أحدث صيحات الموضة لهذا الموسم,23431,12258.0,23281,488,21.0,40.0,Yes
1049.0,كوميديا العرب ✅,انستجرام,ترفيه,,2024-01-04,أطرف المواقف اللي حصلت الأسبوع ده,266031,74381.0,139599,3044.0,136.0,516.0,
3533.0, أزياء العرب,FB,موضة,text,28/05/2025,نصائح لاختيار الألوان المناسبة لبشرتك,32236,3846.0,6656,202.0,23.0,31.0,0
3091.0,منصة التعليم,تويتر(X),تعليم ,منشور نصي,2025-09-27,خطوات عملية لتعلم مهارة جديدة,19829,8197.0,10585,559.0,11.0,59.0,
1529.0, ضحك ونكت,انستغرام,كوميدي,ستوري ,2025-02-18,نكت وضحك من غير توقف,48670,13360.0,17750,249.0,37.0,18.0,نعم
3798.0, كوميديا العرب,فيسبوك,كوميدي,صورة,2025-02-10,مقاطع مضحكة من كواليس التصوير,9703,2511.0,3905,195.0,16.0,21.0,
847.0,كوميديا العرب ✅,insta,ترفيه,فيديو ,2024-06-28,أفضل خمس مشاهد كوميدية هذا العام,5370,715.0,959,31.0,2.0,0.0,Yes
252.0,كورة كل يوم,Instagram,رياضة ,video,25/02/2025,أفضل اللقطات من الجولة الأخيرة,17038,6885.0,11266,66.0,8.0,4.0,
3129.0, كوميديا العرب,YouTube,ترفيه,,2024-03-20,أطرف المواقف اللي حصلت الأسبوع ده,85225,44099.0,55514,3851.0,162.0,292.0,
3679.0,أزياء  العرب,tiktok,أزياء,ريلز,26-05-2025,أحدث صيحات الموضة لهذا الموسم,26567,13501.0,26855,441.0,47.0,44.0,
807.0, عالم التقنية,YouTube,Tech,text,2025-03-15,كل ما تريد معرفته عن الذكاء الاصطناعي,25715,4277.0,8054,143.0,5.0,,
1553.0, فوازير رمضان,FB,ترفيه,صور,11-09-2025,تحدي جديد بين المتابعين,63993,19895.0,28278,870.0,80.0,127.0,نعم
4108.0,أخبار الرياضة ✅,فيس بوك,رياضة ,image,2025-03-31,أفضل اللقطات من الجولة الأخيرة,40808,4830.0,7770,38.0,3.0,6.0,
716.0,فوازير رمضان,Instagram,كوميدي,,19/10/2024,نكت وضحك من غير توقف,150317,24447.0,47857,1375.0,96.0,87.0,1
2715.0,كورة  كل  يوم,TikTok,رياضة ,reels,2024-12-28,أفضل اللقطات من الجولة الأخيرة,22539,8768.0,18481,112.0,8.0,9.0,0
4140.0,بوابة الأحداث ✅,tiktok,أخبار,text,2025-01-08,ملخص أهم الأخبار المحلية اليوم,75428,43178.0,80422,1925.0,44.0,56.0,
3636.0,عالم التقنية  ,insta,تكنولوجيا,image,28-08-2025,نصائح لحماية حسابك من الاختراق,63966,24294.0,49245,1229.0,168.0,60.0,Yes
3356.0,عالم الطبخ,TikTok,Food,reels,2024-05-27,أسرار المطبخ اللي محدش بيقولهالك,6003,2119.0,3332,159.0,23.0,20.0,No
3317.0,تكنولوجيا بلس  ,Twitter,تقنية,image,2025-03-18,نصائح لحماية حسابك من الاختراق,16880,4353.0,6403,389.0,28.0,43.0,نعم
1045.0, بوابة الأحداث,تويتر (X),اخبار,نص,20/05/2025,آخر التطورات في الساعات الماضية,37604,12812.0,25274,993.0,34.0,145.0,
2021.0,فوازير رمضان  ,YouTube,,image,18-10-2024,مقاطع مضحكة من كواليس التصوير,55416,6949.0,11439,124.0,12.0,10.0,
1760.0, كوميديا العرب,يوتيوب ,Entertainment,صور,14/09/2025,أطرف المواقف اللي حصلت الأسبوع ده,12353,4881.0,10358,142.0,16.0,17.0,1
2145.0,ستايل بنات  ,تويتر (X),موضة ,فيديو,30/04/2025,موديلات جديدة من أشهر الماركات,8047,3934.0,4942,97.0,8.0,6.0,
4192.0,تكنولوجيا بلس,انستجرام,Tech,فيديو ,2024-03-14,نصائح لحماية حسابك من الاختراق,28529,15400.0,33712,508.0,24.0,84.0,0
3577.0,تكنولوجيا بلس ✅,FB,تكنولوجيا,ريلز,2025-12-23,كل ما تريد معرفته عن الذكاء الاصطناعي,83686,14963.0,16714,744.0,50.0,67.0,
3270.0,ضحك ونكت ✅,TikTok,ترفيه,صور,,تحدي جديد بين المتابعين,34998,18551.0,19495,2173.0,,158.0,
331.0,أكاديمية  المعرفة,FB,تعليم ,منشور نصي,15/08/2024,شرح مبسط لأهم قواعد اللغة العربية,101981,26107.0,31334,935.0,126.0,70.0,1
3671.0,عالم الطبخ  ,insta,طبخ,فديو,14/09/2025,حلويات رمضان بمكونات بسيطة,90977,49653.0,55986,3630.0,420.0,538.0,
4037.0,أخبار  مصر  الآن,TikTok,أخبار,image,2025-03-23,تغطية مباشرة لفعاليات المؤتمر,74423,39280.0,44032,777.0,19.0,12.0,
1516.0,أزياء  العرب,Facebook,موضة,Reel,,أفكار تنسيق ملابس اقتصادية,31642,9551.0,16076,676.0,90.0,52.0,
862.0,موضة  اليوم,TikTok,أزياء,منشور نصي,2025-04-28,موديلات جديدة من أشهر الماركات,136663,55255.0,98401,5539.0,773.0,155.0,
1199.0,أزياء العرب,يوتيوب ,موضة,نص,2025-11-15,إطلالات بسيطة وأنيقة لكل يوم,11475,632.0,1244,13.0,0.0,1.0,
1112.0,فوازير رمضان,تيك توك,ترفيه,صورة,2024-04-24,تحدي جديد بين المتابعين,27212,16023.0,21181,137,10.0,3.0,
328.0,ملعب  مصر,فيس بوك,Sports,Reel,2025-11-02,أفضل اللقطات من الجولة الأخيرة,29492,7040.0,13200,528.0,58.0,48.0,1
1089.0,كوميديا العرب ✅,X,ترفيه,فديو,2024-06-26,أفضل خمس مشاهد كوميدية هذا العام,359299,147160.0,215509,7222.0,195.0,699.0,1
2920.0,أخبار  الرياضة,youtube,كورة,نص,29-12-2024,أفضل اللقطات من الجولة الأخيرة,44239,26466.0,27534,208.0,24.0,7.0,
4.0, عالم التقنية,فيسبوك ,Tech,ريلز,04/04/2024,مراجعة كاملة لأحدث هاتف صدر هذا الشهر,22794,4802.0,6913,252.0,11.0,27.0,0
2312.0,أزياء العرب ✅,X,موضة,ستوري ,2024-03-06,نصائح لاختيار الألوان المناسبة لبشرتك,9781,5093.0,10560,360.0,32.0,29.0,0
1491.0,اتعلم اونلاين,فيسبوك ,تعليم ,ستوري,2024-05-06,دورة مجانية لتعلم أساسيات البرمجة,22137,6080.0,8624,360.0,23.0,60.0,1
3888.0,ستايل بنات ✅,فيس بوك,موضة,video,2025-12-25,موديلات جديدة من أشهر الماركات,11543,6309.0,7276,137.0,16.0,17.0,0
550.0,وصفات  ماما,TikTok,Food,صوره,2024-09-28,أكلة اقتصادية وسهلة التحضير,24064,14091.0,23292,456.0,25.0,82.0,
557.0,موضة اليوم,فيسبوك ,موضة ,image,2025-08-30,أفكار تنسيق ملابس اقتصادية,96308,40468.0,80499,1358.0,157.0,106.0,
2203.0,موضة اليوم,FB,أزياء,text,26-11-2024,نصائح لاختيار الألوان المناسبة لبشرتك,85679,,82133,2221.0,327.0,157.0,
1486.0,موضة اليوم  ,Instagram,أزياء,فديو,,إطلالات بسيطة وأنيقة لكل يوم,77433,5910.0,8802,351.0,43.0,45.0,
265.0,ستايل بنات,تويتر(X),موضة,فيديو,,إطلالات بسيطة وأنيقة لكل يوم,8792,3803.0,3817,215.0,26.0,5.0,
1472.0,جادجت  العرب,يوتيوب,تكنولوجيا,story,2024-10-08,خمس تطبيقات تساعدك في تنظيم وقتك,116423,35948.0,38017,2975.0,287.0,108.0,
1235.0,,تويتر(X),موضة,,2024-02-12,أحدث صيحات الموضة لهذا الموسم,7544,2295.0,3369,232.0,13.0,40.0,
1155.0,فوازير  رمضان,يوتيوب,كوميدي,Reel,2024-11-12,أطرف المواقف اللي حصلت الأسبوع ده,46804,3670.0,4368,235.0,11.0,22.0,
1402.0,كورة  كل  يوم,X,رياضة ,صوره,13-09-2025,أفضل اللقطات من الجولة الأخيرة,15754,6202.0,12005,476.0,62.0,40.0,نعم
2374.0,فوازير رمضان,youtube,Entertainment,,03/07/2024,أطرف المواقف اللي حصلت الأسبوع ده,55696,21593.0,30784,150.0,21.0,18.0,No
919.0,أخبار مصر الآن,tiktok,News,فيديو,2025-06-17,ملخص أهم الأخبار المحلية اليوم,19933,10848.0,22515,858.0,27.0,149.0,Yes
4032.0,تكنولوجيا بلس ✅,insta,Tech,story,2025-03-08,خمس تطبيقات تساعدك في تنظيم وقتك,33502,,5664,37.0,1.0,1.0,
1065.0,تكنولوجيا بلس  ,tiktok,تكنولوجيا,فيديو,2024-05-27,مراجعة كاملة لأحدث هاتف صدر هذا الشهر,10113,6049.0,11498,355.0,9.0,5.0,Yes
3861.0,اليوم  السابع  نيوز,فيس بوك,News,text,2025-03-18,تفاصيل جديدة حول الحدث الذي شغل الرأي العام,138046,30539.0,51624,667.0,87.0,34.0,
1513.0,اليوم السابع نيوز ✅,youtube,أخبار,فيديو,,آخر التطورات في الساعات الماضية,182964,65205.0,131945,2176.0,180.0,168.0,No
1822.0,اليوم  السابع  نيوز,Twitter,اخبار,صور,2025-10-11,تفاصيل جديدة حول الحدث الذي شغل الرأي العام,21982,10576.0,21962,406.0,29.0,59.0,0
468.0,عالم التقنية,تيك توك,تقنيه,ريلز,2025-03-20,مراجعة كاملة لأحدث هاتف صدر هذا الشهر,9254,912.0,1676,33.0,0.0,1.0,No
345.0, ضحك ونكت,Instagram,كوميدي,story,2024-04-02,أطرف المواقف اللي حصلت الأسبوع ده,111977,41857.0,60709,1079.0,128.0,90.0,لا
1093.0, أزياء العرب,انستغرام,أزياء,منشور نصي,30/06/2024,نصائح لاختيار الألوان المناسبة لبشرتك,83226,6182.0,13541,113.0,8.0,11.0,
3124.0,أخبار الرياضة,فيسبوك ,Sports,منشور نصي,2024-03-03,تشكيلة المنتخب المتوقعة في المباراة القادمة,86129,34704.0,48334,1828.0,240.0,301.0,
3227.0,ستايل بنات,يوتيوب,أزياء,reels,31/12/2024,أفكار تنسيق ملابس اقتصادية,48381,8721.0,8871,54.0,1.0,10.0,
3026.0, منصة التعليم,youtube,تعليم,نص,2025-01-26,خطوات عملية لتعلم مهارة جديدة,217464,65975.0,71937,4146.0,109.0,752.0,
1418.0,تكنولوجيا بلس  ,تيك توك,تقنية,ستوري,2025-07-09,مراجعة كاملة لأحدث هاتف صدر هذا الشهر,507204,254970.0,267812,11454.0,690.0,1096.0,
3252.0,ستايل بنات,X,موضة,ستوري,2025-10-27,إطلالات بسيطة وأنيقة لكل يوم,82304,48592.0,74821,3588.0,245.0,148.0,نعم
2479.0, ملعب مصر,YouTube,كورة,نص,03/12/2024,أهم أحداث مباراة اليوم بالتفصيل,9620,2802.0,5490,107.0,12.0,4.0,
1449.0,أزياء العرب,tiktok,أزياء,صور,23-08-2025,أفكار تنسيق ملابس اقتصادية,425011,90919.0,94744,515.0,59.0,36.0,0
2902.0,بوابة الأحداث  ,TikTok,News,فديو,06-09-2025,تغطية مباشرة لفعاليات المؤتمر,14143,4784.0,6062,453.0,32.0,55.0,
2980.0,منصة التعليم  ,Facebook,تعليم,فديو,2025-11-03,نصائح للطلاب الجدد في الجامعة,50650,26221.0,57077,2794.0,403.0,488.0,لا
1889.0,عالم التقنية,youtube,تكنولوجيا,منشور نصي,2025-06-25,كل ما تريد معرفته عن الذكاء الاصطناعي,7527,4421.0,8647,153.0,18.0,5.0,
3515.0,أخبار الرياضة ✅,فيسبوك,كورة,,2025-04-28,أفضل اللقطات من الجولة الأخيرة,23736,6736.0,13237,97.0,5.0,0.0,
3650.0,أكاديمية المعرفة  ,TikTok,تعليم ,Reel,11-06-2025,شرح مبسط لأهم قواعد اللغة العربية,12970,6462.0,10506,420.0,57.0,11.0,
2453.0,أخبار الرياضة ✅,تويتر,رياضة ,reels,15-04-2024,أخبار الانتقالات الصيفية,26530,4769.0,6398,72.0,3.0,4.0,
2025.0,جادجت العرب  ,تيكتوك,تقنية,video,12-06-2024,مراجعة كاملة لأحدث هاتف صدر هذا الشهر,23485,11600.0,20752,227.0,8.0,18.0,
4169.0,أزياء العرب  ,يوتيوب ,أزياء,reels,,أحدث صيحات الموضة لهذا الموسم,58391,27454.0,29756,1217.0,158.0,175.0,0
22.0,أخبار الرياضة,Twitter,Sports,ريلز,,تشكيلة المنتخب المتوقعة في المباراة القادمة,426446,,325844,18798.0,956.0,,
3716.0,كورة كل يوم,X,Sports,فيديو ,2025-11-27,أهم أحداث مباراة اليوم بالتفصيل,7167,2554.0,4961,112.0,14.0,17.0,
1080.0,ضحك ونكت ✅,TikTok,ترفيه,ستوري ,15-11-2024,أفضل خمس مشاهد كوميدية هذا العام,15203,6776.0,13724,142.0,6.0,2.0,
2702.0,اليوم السابع نيوز,Facebook,أخبار,image,2024-01-05,تفاصيل جديدة حول الحدث الذي شغل الرأي العام,222938,81282.0,154785,4924.0,203.0,115.0,No
2630.0, وصفات ماما,insta,أكل وطبخ,ستوري,08/08/2024,حلويات رمضان بمكونات بسيطة,53859,14853.0,16959,279.0,17.0,27.0,
2278.0,ضحك ونكت ✅,فيسبوك ,كوميدي,reels,2025-12-25,مقاطع مضحكة من كواليس التصوير,20484,2246.0,4836,174.0,10.0,7.0,1
1048.0,موضة اليوم,tiktok,أزياء,صور,2025-04-26,أفكار تنسيق ملابس اقتصادية,4214,2335.0,4311,145.0,2.0,4.0,Yes
1659.0,اتعلم  اونلاين,فيسبوك,تعليم ,منشور نصي,09/11/2024,نصائح للطلاب الجدد في الجامعة,18309,8459.0,14195,345.0,29.0,25.0,
2722.0,أكاديمية المعرفة ✅,يوتيوب,تعليم ,,15-06-2025,خطوات عملية لتعلم مهارة جديدة,27187,8813.0,13760,424.0,,44.0,
1978.0,ستايل بنات,Facebook,أزياء,Reel,2025-04-03,موديلات جديدة من أشهر الماركات,12418,6606.0,13290,692.0,,119.0,
3493.0, أخبار مصر الآن,X,أخبار,صورة,19/03/2024,تغطية مباشرة لفعاليات المؤتمر,207079,103791.0,120732,8656.0,821.0,392.0,
811.0,أخبار مصر الآن ✅,Twitter,News,video,05-11-2025,ملخص أهم الأخبار المحلية اليوم,108669,30274.0,39657,2750.0,215.0,282.0,1
1113.0,منصة  التعليم,تيك توك,تعليم ,story,2024-07-21,دورة مجانية لتعلم أساسيات البرمجة,31455,18185.0,33311,1341.0,85.0,73.0,
4105.0,مطبخ  سارة,Instagram,أكل وطبخ,منشور نصي,28/11/2025,طريقة عمل الكنافة بالقشطة خطوة بخطوة,33882,14270.0,26041,1304.0,121.0,189.0,
3547.0, أكاديمية المعرفة,يوتيوب,تعليم,reels,2024-04-18,شرح مبسط لأهم قواعد اللغة العربية,51739,19774.0,37692,1080.0,134.0,120.0,1
1369.0, ضحك ونكت,X,ترفيه,reels,2025-04-01,أطرف المواقف اللي حصلت الأسبوع ده,34240,4513.0,7536,377.0,48.0,3.0,
3017.0, منصة التعليم,تويتر,Education,text,03/06/2024,شرح مبسط لأهم قواعد اللغة العربية,13283,5424.0,9390,338.0,29.0,66.0,
1521.0,ستايل  بنات,تويتر,موضة ,ستوري ,,نصائح لاختيار الألوان المناسبة لبشرتك,60508,16266.0,34868,861.0,118.0,87.0,
4001.0,ستايل بنات,X,موضة ,نص,24-06-2025,أحدث صيحات الموضة لهذا الموسم,101297,19021.0,37581,365.0,16000.0,9.0,
937.0,مطبخ سارة  ,youtube,طبخ,ستوري,2024-01-24,حلويات رمضان بمكونات بسيطة,6621,3014.0,4653,222.0,14.0,22.0,Yes
1206.0,جادجت العرب ✅,فيس بوك,تكنولوجيا,فيديو ,14/01/2024,مقارنة بين أفضل اللابتوبات لعام هذا,9678,1421.0,2688,37,2.0,7.0,
1203.0, ملعب مصر,فيسبوك,Sports,منشور نصي,15/12/2024,أهم أحداث مباراة اليوم بالتفصيل,42252,20842.0,28082,1307.0,177.0,222.0,
2817.0,ضحك  ونكت,تويتر (X),Entertainment,ستوري ,14/07/2025,أفضل خمس مشاهد كوميدية هذا العام,18557,3210.0,5997,192.0,19.0,9.0,نعم
131.0, ملعب مصر,tiktok,رياضة ,ستوري ,24/03/2024,تشكيلة المنتخب المتوقعة في المباراة القادمة,46912,17839.0,32075,433.0,32.0,35.0,0
522.0,تكنولوجيا  بلس,تيك توك,Tech,ستوري ,10/09/2025,خمس تطبيقات تساعدك في تنظيم وقتك,47574,16683.0,34748,663.0,70.0,123.0,لا
956.0,اليوم السابع نيوز ✅,انستجرام,News,فديو,14/05/2025,بيان رسمي حول القرار الأخير,19673,4141.0,4999,194.0,19.0,17.0,
914.0,اليوم السابع نيوز,Facebook,أخبار,Reel,2025-01-05,ملخص أهم الأخبار المحلية اليوم,21895,11565.0,22169,238.0,7.0,35.0,No
860.0,أكاديمية المعرفة,انستجرام,تعليم ,text,2024-08-15,نصائح للطلاب الجدد في الجامعة,66422,10276.0,14798,150.0,5.0,29.0,
2034.0, موضة اليوم,انستغرام,أزياء,صورة,2024-08-28,موديلات جديدة من أشهر الماركات,5854,1708.0,3290,92.0,10.0,1.0,
1652.0, فوازير رمضان,يوتيوب,Entertainment,صورة,23-01-2025,أطرف المواقف اللي حصلت الأسبوع ده,19684,2012.0,2786,84.0,3.0,14.0,
1316.0,مطبخ سارة,TikTok,طبخ,نص,2024-01-01,أكلة اقتصادية وسهلة التحضير,58019,32868.0,59362,350.0,47.0,9.0,
2176.0,عالم الطبخ,تويتر(X), طبخ,image,2024-01-21,أكلة اقتصادية وسهلة التحضير,71180,28846.0,43955,715.0,46.0,137.0,
1810.0,ضحك ونكت ✅,تويتر(X),ترفيه,منشور نصي,2024-11-24,تحدي جديد بين المتابعين,10482,4293.0,9419,291.0,39.0,6.0,لا
2333.0,أكاديمية  المعرفة,YouTube,تعليم,صور,2025-06-26,كيف تذاكر بفعالية قبل الامتحانات,13732,6232.0,11668,325.0,13.0,19.0,1
3219.0,عالم الطبخ,tiktok,طبخ ,صور,2025-09-12,طريقة عمل الكنافة بالقشطة خطوة بخطوة,27817,6303.0,13630,397.0,58.0,15.0,لا
624.0,فوازير  رمضان,يوتيوب ,كوميدي,فيديو ,2024-01-19,تحدي جديد بين المتابعين,41071,13830.0,28709,232.0,30.0,27.0,لا
689.0,ستايل بنات ✅,X,موضة,text,21-09-2024,نصائح لاختيار الألوان المناسبة لبشرتك,25605,12768.0,21919,506.0,66.0,37.0,
1471.0,بوابة الأحداث,FB,أخبار,story,2024-02-15,آخر التطورات في الساعات الماضية,45883,11943.0,25336,532.0,41.0,62.0,
1367.0, اليوم السابع نيوز,Instagram,News,منشور نصي,11-08-2024,بيان رسمي حول القرار الأخير,40846,6176.0,8369,342.0,42.0,50.0,
2929.0,عالم الطبخ,يوتيوب,أكل وطبخ,فيديو,2025-04-24,حلويات رمضان بمكونات بسيطة,103893,53827.0,97641,1786.0,140.0,61.0,1
611.0,كوميديا العرب,يوتيوب,كوميدي,Reel,2024-03-01,أطرف المواقف اللي حصلت الأسبوع ده,167744,37482.0,55165,772.0,33.0,124.0,
2517.0, ضحك ونكت,تيك توك,Entertainment,صور,2024-04-07,أطرف المواقف اللي حصلت الأسبوع ده,23380,11017.0,15059,412.0,12.0,77.0,No
463.0,اليوم  السابع  نيوز,يوتيوب,News,نص,,ملخص أهم الأخبار المحلية اليوم,12932,4017.0,7470,98.0,5.0,5.0,
1574.0,عالم التقنية,انستغرام,تكنولوجيا,story,13/11/2025,مقارنة بين أفضل اللابتوبات لعام هذا,40200,18893.0,34490,651.0,25.0,62.0,
793.0, ملعب مصر,تويتر(X),رياضة ,Reel,21/01/2024,تحليل فني لأداء الفريق هذا الموسم,59923,25219.0,54875,2610.0,134.0,422.0,
309.0,بوابة الأحداث  ,FB,News,ريلز,2024-09-26,ملخص أهم الأخبار المحلية اليوم,12661,5808.0,6143,594.0,63.0,72.0,
2122.0,أزياء العرب  ,يوتيوب ,موضة,ستوري,12/12/2024,أحدث صيحات الموضة لهذا الموسم,15973,8883.0,13439,384.0,34.0,53.0,0
580.0, مطبخ سارة,فيس بوك, طبخ,text,,حلويات رمضان بمكونات بسيطة,13020,5084.0,6222,28,2.0,3.0,
106.0,كوميديا  العرب,tiktok,Entertainment,فيديو,2025-04-14,أطرف المواقف اللي حصلت الأسبوع ده,113977,15206.0,20894,458.0,11.0,54.0,
1706.0, ستايل بنات,TikTok,أزياء,ستوري ,22/09/2025,إطلالات بسيطة وأنيقة لكل يوم,50847,12889.0,17293,1274.0,36.0,185.0,0
3469.0,أكاديمية المعرفة,فيس بوك,تعليم,ستوري,2024-12-15,خطوات عملية لتعلم مهارة جديدة,244941,27454.0,32182,1572.0,105.0,277.0,
1012.0,فوازير رمضان,insta,كوميدي,text,2025-05-21,نكت وضحك من غير توقف,60879,17868.0,38214,483.0,39.0,69.0,
1035.0,مطبخ سارة,انستغرام,,ريلز,03-05-2024,  أسرار المطبخ اللي محدش بيقولهالك   ,60218,22858.0,45006,304.0,19.0,35.0,
4144.0, اتعلم اونلاين,Twitter,تعليم,ستوري ,20-12-2025,كيف تذاكر بفعالية قبل الامتحانات,48013,14676.0,16137,685.0,43.0,89.0,
1337.0,وصفات ماما  ,tiktok, طبخ,video,2025-08-22,حلويات رمضان بمكونات بسيطة,152599,87199.0,94393,4041.0,347.0,58.0,
2038.0,فوازير رمضان,انستجرام,ترفيه,,25/06/2024,أفضل خمس مشاهد كوميدية هذا العام,74439,39732.0,67387,2029.0,235.0,227.0,نعم
3471.0,منصة التعليم,insta,Education,صوره,24/03/2024,نصائح للطلاب الجدد في الجامعة,263685,135593.0,289983,8821.0,1007.0,531.0,
2237.0,موضة اليوم  ,فيسبوك,,فيديو ,17-02-2025,أحدث صيحات الموضة لهذا الموسم,56893,6249.0,13238,318.0,27.0,39.0,
2763.0,مطبخ سارة ✅,FB,Food,فديو,07/01/2025,وصفة سريعة ولذيذة لعشاء اليوم,119683,40924.0,59851,,26.0,16.0,لا
2096.0,تكنولوجيا بلس,فيسبوك ,Tech,,09-09-2024,نصائح لحماية حسابك من الاختراق,16120,6452.0,10492,239.0,19.0,20.0,Yes
3174.0,كوميديا  العرب,FB,كوميدي,,11-07-2024,مقاطع مضحكة من كواليس التصوير,84687,9114.0,17824,193.0,13.0,31.0,0
2878.0,أكاديمية  المعرفة,انستغرام,تعليم ,Reel,2025-12-05,شرح مبسط لأهم قواعد اللغة العربية,159041,78903.0,99791,3605.0,193.0,454.0,
1440.0,بوابة  الأحداث,إنستغرام,News,فديو,2024-05-30,بيان رسمي حول القرار الأخير,56921,22937.0,35926,1870.0,107.0,196.0,0
3445.0,اليوم السابع نيوز ✅,FB,اخبار,image,2024-09-08,تفاصيل جديدة حول الحدث الذي شغل الرأي العام,165939,16328.0,28629,891.0,62.0,123.0,نعم
2884.0,تكنولوجيا  بلس,Facebook,Tech,صورة,20/12/2025,نصائح لحماية حسابك من الاختراق,181596,92253.0,166608,2251.0,116.0,126.0,No
977.0,موضة اليوم,تويتر,أزياء,video,22-08-2025,نصائح لاختيار الألوان المناسبة لبشرتك,36214,4894.0,5968,177.0,17.0,4.0,No
1708.0,فوازير  رمضان,FB,ترفيه,ستوري ,16-03-2024,تحدي جديد بين المتابعين,38697,18018.0,27776,1462.0,159.0,275.0,
2754.0, موضة اليوم,يوتيوب,موضة ,Reel,02-01-2025,موديلات جديدة من أشهر الماركات,8989,4270.0,8764,180.0,15.0,8.0,
1819.0,فوازير  رمضان,انستغرام,كوميدي,text,26-07-2024,أفضل خمس مشاهد كوميدية هذا العام,12448,655.0,1055,41.0,3.0,7.0,
1174.0,منصة التعليم  ,انستغرام,تعليم,صورة,12/07/2024,شرح مبسط لأهم قواعد اللغة العربية,14805,2253.0,4897,221.0,9.0,15.0,1
1341.0, جادجت العرب,يوتيوب ,تقنيه,ريلز,2024-04-18,مقارنة بين أفضل اللابتوبات لعام هذا,88715,21323.0,25739,88.0,5.0,10.0,
2770.0,كورة كل يوم,Twitter,رياضة,text,2025-02-20,تشكيلة المنتخب المتوقعة في المباراة القادمة,9118,4464.0,7106,82.0,10.0,7.0,
3143.0, عالم الطبخ,فيسبوك,طبخ,text,2024-11-26,حلويات رمضان بمكونات بسيطة,38397,2065.0,2092,108.0,8.0,9.0,نعم
2588.0,اتعلم  اونلاين,انستجرام,تعليم ,reels,18/03/2025,شرح مبسط لأهم قواعد اللغة العربية,16902,6374.0,12374,481,29.0,72.0,0
1510.0,موضة اليوم,Facebook,موضة,Reel,2025-07-29,أفكار تنسيق ملابس اقتصادية,119428,34418.0,42349,2548.0,59.0,35.0,لا
1930.0,ستايل بنات ✅,insta,موضة ,Reel,2025-04-26,أحدث صيحات الموضة لهذا الموسم,85769,,87285,1731.0,147.0,340.0,
3752.0, عالم الطبخ,فيس بوك,Food,text,2025-06-26,وصفة سريعة ولذيذة لعشاء اليوم,16573,9461.0,11746,511.0,61.0,17.0,
354.0,منصة التعليم,تويتر,Education,Reel,2024-03-31,نصائح للطلاب الجدد في الجامعة,15034,7434.0,15888,97.0,8.0,6.0,0
732.0,مطبخ  سارة,X,طبخ,فيديو ,2025-10-18,أسرار المطبخ اللي محدش بيقولهالك,47266,11093.0,19280,1219.0,105.0,,
1446.0,أزياء العرب ✅,يوتيوب,موضة,reels,2024-11-13,أحدث صيحات الموضة لهذا الموسم,151346,32093.0,34019,1453.0,76.0,206.0,لا
703.0,ملعب مصر ✅,تويتر(X),رياضة ,image,2025-06-16,أهم أحداث مباراة اليوم بالتفصيل,21640,6426.0,10880,332.0,20.0,10.0,0
3875.0,منصة التعليم ✅,انستغرام,تعليم,ستوري ,,دورة مجانية لتعلم أساسيات البرمجة,58488,5093.0,6367,343.0,13.0,38.0,1
161.0,كوميديا العرب  ,تيكتوك,Entertainment,text,2024-03-21,نكت وضحك من غير توقف,37374,1999.0,2687,150.0,15.0,8.0,1
3614.0,تكنولوجيا بلس,فيسبوك,Tech,فيديو ,,نصائح لحماية حسابك من الاختراق,14071,5602.0,9635,314.0,36.0,19.0,لا
1386.0, اليوم السابع نيوز,تيكتوك,أخبار,Reel,19/09/2025,بيان رسمي حول القرار الأخير,22989,12683.0,26270,883.0,18.0,174.0,
502.0,عالم الطبخ  ,تويتر (X),,فديو,2025-07-17,أسرار المطبخ اللي محدش بيقولهالك,71779,34879.0,61135,,167.0,161.0,
3452.0,عالم  التقنية,تيكتوك,تقنية,reels,2024-01-30,مراجعة كاملة لأحدث هاتف صدر هذا الشهر,36461,15277.0,16508,143.0,19.0,15.0,Yes
1134.0,أكاديمية  المعرفة,X,Education,ستوري,2025-07-19,شرح مبسط لأهم قواعد اللغة العربية,41116,4928.0,5274,131.0,5.0,20.0,Yes
3607.0,منصة التعليم  ,انستغرام,تعليم,story,01-05-2025,خطوات عملية لتعلم مهارة جديدة,11914,5943.0,7530,88.0,9.0,10.0,0
2406.0,ستايل بنات,انستغرام,موضة,ستوري,2025-05-18,نصائح لاختيار الألوان المناسبة لبشرتك,32820,4161.0,6720,134.0,19.0,5.0,No
2234.0,عالم الطبخ  ,تيك توك,طبخ,reels,22/08/2024,أكلة اقتصادية وسهلة التحضير,49952,11454.0,20326,203.0,29.0,33.0,
2503.0,موضة اليوم,انستغرام,موضة ,story,01/03/2024,موديلات جديدة من أشهر الماركات,10765,2426.0,3684,127.0,7.0,20.0,
1008.0,مطبخ سارة,YouTube,أكل وطبخ,فيديو ,2025-05-08,أكلة اقتصادية وسهلة التحضير,40092,22917.0,46085,1273.0,43.0,131.0,
2172.0,ضحك  ونكت,تيكتوك,ترفيه,صورة,2024-04-12,أفضل خمس مشاهد كوميدية هذا العام,43177,23756.0,47613,1367.0,48.0,17.0,
1891.0,أخبار مصر الآن ✅,يوتيوب ,News,فيديو,2024-04-26,تغطية مباشرة لفعاليات المؤتمر,188217,32357.0,40896,3618.0,538.0,591.0,
1288.0,مطبخ سارة  ,تويتر (X),أكل وطبخ,صوره,2025-04-28,أسرار المطبخ اللي محدش بيقولهالك,10020,4075.0,7622,113.0,11.0,10.0,0
369.0,اتعلم اونلاين,انستغرام,تعليم,نص,17/07/2024,نصائح للطلاب الجدد في الجامعة,50349,8387.0,15002,473.0,22.0,65.0,Yes
2420.0,جادجت  العرب,انستغرام,تقنية,فديو,2024-03-27,خمس تطبيقات تساعدك في تنظيم وقتك,58724,28535.0,45453,2418.0,177.0,73.0,
1319.0,فوازير رمضان,TikTok,ترفيه,فيديو,2024-10-03,مقاطع مضحكة من كواليس التصوير,66828,7593.0,16214,579.0,60.0,96.0,
494.0,موضة اليوم,تويتر (X),موضة,,02/04/2024,نصائح لاختيار الألوان المناسبة لبشرتك,19234,4282.0,7046,433.0,,34.0,Yes
1964.0, اليوم السابع نيوز,يوتيوب ,اخبار,فديو,2024-06-05,تفاصيل جديدة حول الحدث الذي شغل الرأي العام,45584,14312.0,28517,1368.0,80.0,260.0,لا
3819.0,منصة التعليم,انستجرام,تعليم ,منشور نصي,2025-06-13,كيف تذاكر بفعالية قبل الامتحانات,82279,30725.0,42614,,114.0,106.0,Yes
334.0,عالم الطبخ,تويتر, طبخ,صور,06/12/2024,أسرار المطبخ اللي محدش بيقولهالك,16222,6951.0,8123,258.0,22.0,49.0,
1476.0, أزياء العرب,youtube,موضة ,ستوري,2024-05-07,موديلات جديدة من أشهر الماركات,14679,6590.0,7130,512.0,68.0,83.0,
3497.0,ملعب مصر,Facebook,رياضة,,2025-11-15,أهم أحداث مباراة اليوم بالتفصيل,74300,28532.0,60549,1411.0,97.0,238.0,
1139.0, أكاديمية المعرفة,تويتر(X),تعليم,video,2025-03-14,كيف تذاكر بفعالية قبل الامتحانات,98446,6244.0,9329,234,11.0,28.0,Yes
1222.0, أخبار الرياضة,فيس بوك,رياضة ,ريلز,27/07/2025,أخبار الانتقالات الصيفية,45802,13349.0,14067,1165.0,27.0,164.0,نعم
2846.0,اتعلم  اونلاين,X,تعليم ,story,2025-08-26,دورة مجانية لتعلم أساسيات البرمجة,3702,1075.0,1683,63.0,6.0,8.0,
381.0,اليوم السابع نيوز,YouTube,أخبار,صورة,2024-10-29,بيان رسمي حول القرار الأخير,130828,48153.0,56645,4043.0,284.0,558.0,0
3111.0,مطبخ سارة  ,youtube,طبخ ,text,26/08/2024,حلويات رمضان بمكونات بسيطة,123000,18203.0,31027,1740.0,173.0,260.0,
3296.0, تكنولوجيا بلس,فيسبوك,تقنيه,story,2025-05-09,خمس تطبيقات تساعدك في تنظيم وقتك,20335,2526.0,3806,27.0,1.0,4.0,
68.0,اتعلم  اونلاين,يوتيوب ,تعليم ,صوره,2025-09-25,دورة مجانية لتعلم أساسيات البرمجة,94775,54280.0,112268,2642.0,148.0,120.0,
2456.0,موضة اليوم ✅,تويتر(X),أزياء,image,03/05/2024,أحدث صيحات الموضة لهذا الموسم,13297,7667.0,11886,195.0,11.0,11.0,
2774.0,وصفات ماما,TikTok,Food,reels,2025-05-23,طريقة عمل الكنافة بالقشطة خطوة بخطوة,238379,52351.0,70452,2631.0,354.0,440.0,0
1883.0,منصة التعليم ✅,فيسبوك ,Education,فديو,2025-12-07,كيف تذاكر بفعالية قبل الامتحانات,104550,30746.0,41257,3137.0,129.0,46.0,نعم
478.0,عالم الطبخ,X,أكل وطبخ,نص,,أسرار المطبخ اللي محدش بيقولهالك,41091,13362.0,24439,978.0,54.0,38.0,لا
3727.0,اليوم السابع نيوز  ,youtube,اخبار,Reel,27/05/2025,ملخص أهم الأخبار المحلية اليوم,109898,20730.0,23241,1321.0,182.0,89.0,
3004.0,عالم  التقنية,إنستغرام,تقنية,ستوري ,21-11-2025,كل ما تريد معرفته عن الذكاء الاصطناعي,59943,16326.0,26012,747.0,83.0,71.0,
2383.0,اتعلم اونلاين ✅,YouTube,تعليم ,فيديو,2025-09-15,نصائح للطلاب الجدد في الجامعة,131257,29963.0,48009,1593.0,180.0,181.0,
1173.0,أزياء العرب,Instagram,موضة ,منشور نصي,21-08-2025,موديلات جديدة من أشهر الماركات,37439,6640.0,8083,426.0,34.0,80.0,
2360.0, اتعلم اونلاين,تويتر (X),تعليم,image,2025-06-20,شرح مبسط لأهم قواعد اللغة العربية,140223,48944.0,65132,1208.0,50.0,195.0,1
426.0,اليوم السابع نيوز  ,إنستغرام,اخبار,صور,,ملخص أهم الأخبار المحلية اليوم,169046,22847.0,48748,1953.0,90.0,237.0,
2256.0,كورة كل يوم,Twitter,رياضة,صوره,11-06-2025,تحليل فني لأداء الفريق هذا الموسم,98125,36644.0,69900,1478.0,46.0,71.0,
1334.0,عالم الطبخ  ,تويتر (X),أكل وطبخ,story,15/09/2024,وصفة سريعة ولذيذة لعشاء اليوم,161947,54365.0,91073,4191.0,433.0,692.0,لا
200.0,كورة كل يوم  ,Facebook,رياضة,ريلز,07/11/2025,أخبار الانتقالات الصيفية,246232,79642.0,138689,6921.0,165.0,1293.0,
2358.0,موضة اليوم,فيسبوك ,موضة ,reels,,أفكار تنسيق ملابس اقتصادية,77609,7159.0,13628,611.0,70.0,102.0,
2445.0,اتعلم اونلاين ✅,Instagram,Education,صور,15/02/2025,كيف تذاكر بفعالية قبل الامتحانات,43955,6199.0,7272,352.0,29.0,43.0,0
1939.0,موضة اليوم ✅,انستجرام,أزياء,video,03/01/2024,أحدث صيحات الموضة لهذا الموسم,63676,8300.0,14598,393.0,24.0,45.0,نعم
144.0,كوميديا  العرب,يوتيوب ,ترفيه,ستوري ,2025-06-03,مقاطع مضحكة من كواليس التصوير,22499,5069.0,8876,458,23.0,6.0,نعم
2056.0,عالم التقنية,X,تكنولوجيا,image,01/10/2024,مراجعة كاملة لأحدث هاتف صدر هذا الشهر,6935,3154.0,5095,273.0,38.0,30.0,
250.0,ستايل بنات  ,انستجرام,موضة,نص,25-08-2025,موديلات جديدة من أشهر الماركات,13744,5678.0,10886,122.0,3.0,23.0,
2924.0,وصفات ماما ✅,فيسبوك,طبخ ,Reel,02/04/2024,وصفة سريعة ولذيذة لعشاء اليوم,16842,5549.0,5626,213.0,12.0,16.0,
1455.0,كورة كل يوم,فيس بوك,كورة,story,30/05/2025,تشكيلة المنتخب المتوقعة في المباراة القادمة,14725,1583.0,2746,129.0,17.0,11.0,
2963.0,اليوم السابع نيوز ✅,إنستغرام,أخبار,Reel,24/11/2025,بيان رسمي حول القرار الأخير,48839,17265.0,27764,504.0,11.0,31.0,
418.0, عالم التقنية,Facebook,Tech,صور,,مقارنة بين أفضل اللابتوبات لعام هذا,9389,1945.0,2955,119.0,3.0,9.0,0
912.0,كورة كل يوم,X,كورة,صوره,2025-03-19,تحليل فني لأداء الفريق هذا الموسم,20104,2304.0,3000,212.0,18.0,26.0,0
3306.0, كورة كل يوم,يوتيوب,كورة,نص,2024-06-01,أخبار الانتقالات الصيفية,22063,4528.0,6023,433.0,28.0,7.0,
2743.0,عالم  الطبخ,يوتيوب,طبخ ,نص,2025-02-11,وصفة سريعة ولذيذة لعشاء اليوم,17440,9950.0,19087,592.0,58.0,65.0,
2597.0,أزياء العرب  ,تويتر (X),موضة,منشور نصي,23/03/2024,أفكار تنسيق ملابس اقتصادية,67111,23341.0,48721,170.0,24.0,9.0,Yes
2310.0, وصفات ماما,فيسبوك ,طبخ ,صوره,13/08/2025,طريقة عمل الكنافة بالقشطة خطوة بخطوة,60913,17359.0,36093,901.0,25.0,166.0,
2113.0, فوازير رمضان,فيسبوك ,كوميدي,text,2024-04-07,تحدي جديد بين المتابعين,35920,2934.0,6233,186.0,16.0,31.0,1
4157.0, كورة كل يوم,انستجرام,Sports,Reel,22/11/2025,تحليل فني لأداء الفريق هذا الموسم,29309,16095.0,33553,1429.0,189.0,272.0,
2571.0,أخبار  الرياضة,إنستغرام,رياضة ,story,03-01-2024,أفضل اللقطات من الجولة الأخيرة,52025,16567.0,24150,1326.0,68.0,141.0,نعم
1289.0,فوازير  رمضان,tiktok,ترفيه,صوره,,تحدي جديد بين المتابعين,16989,4005.0,7896,308.0,23.0,45.0,
3694.0,وصفات ماما  ,X,Food,صوره,2024-12-10,طريقة عمل الكنافة بالقشطة خطوة بخطوة,35090,,21387,1041.0,123.0,84.0,
913.0,كورة  كل  يوم,TikTok,رياضة ,فديو,10/04/2025,أخبار الانتقالات الصيفية,115825,39126.0,44607,632.0,89.0,43.0,
2583.0,بوابة  الأحداث,يوتيوب ,News,text,2025-10-23,تغطية مباشرة لفعاليات المؤتمر,37019,19107.0,38870,1407.0,119.0,251.0,
3109.0,مطبخ سارة,انستغرام,Food,ستوري ,10/07/2025,أكلة اقتصادية وسهلة التحضير,103484,24961.0,48499,697.0,55.0,21.0,
766.0,وصفات ماما,يوتيوب , طبخ,video,2025-05-15,طريقة عمل الكنافة بالقشطة خطوة بخطوة,44263,25169.0,43604,2248.0,77.0,336.0,No
3598.0,اليوم  السابع  نيوز,فيسبوك,أخبار,منشور نصي,2024-11-23,آخر التطورات في الساعات الماضية,21253,8275.0,17084,629.0,20.0,58.0,Yes
147.0,موضة اليوم ✅,فيس بوك,أزياء,نص,19/11/2024,موديلات جديدة من أشهر الماركات,176234,31956.0,36192,1045.0,61.0,56.0,
1134.0,أكاديمية  المعرفة,X,Education,ستوري,2025-07-19,شرح مبسط لأهم قواعد اللغة العربية,41116,4928.0,5274,131,5.0,20.0,Yes
395.0,ملعب مصر  ,Twitter,رياضة ,صور,2024-06-18,أهم أحداث مباراة اليوم بالتفصيل,36837,6316.0,6611,38.0,5.0,2.0,
2707.0,أزياء العرب  ,يوتيوب,موضة,منشور نصي,2024-06-01,موديلات جديدة من أشهر الماركات,86854,13232.0,17832,300.0,32.0,40.0,
46.0,ستايل  بنات,تيك توك,موضة ,reels,2025-06-17,إطلالات بسيطة وأنيقة لكل يوم,54446,15287.0,19831,634.0,13.0,20.0,1
2467.0,أخبار الرياضة,TikTok,رياضة,صوره,15/05/2024,تشكيلة المنتخب المتوقعة في المباراة القادمة,72671,17791.0,32613,1713.0,67.0,238.0,1
322.0, ضحك ونكت,يوتيوب,كوميدي,نص,2025-07-18,أفضل خمس مشاهد كوميدية هذا العام,7992,4020.0,8627,240.0,24.0,4.0,Yes
2160.0,ضحك ونكت ✅,يوتيوب ,Entertainment,فديو,01-08-2024,مقاطع مضحكة من كواليس التصوير,29811,11596.0,21128,298.0,41.0,49.0,No
1958.0,ستايل  بنات,Facebook,أزياء,ريلز,2025-01-09,إطلالات بسيطة وأنيقة لكل يوم,33474,18722.0,19256,201.0,11.0,35.0,1
2602.0,كوميديا العرب ✅,تويتر,Entertainment,video,2025-07-28,أفضل خمس مشاهد كوميدية هذا العام,7176,727.0,1108,4.0,0.0,0.0,
2428.0,مطبخ سارة,youtube, طبخ,text,2024-07-29,أكلة اقتصادية وسهلة التحضير,94774,11210.0,18030,60.0,1.0,6.0,
2931.0,منصة  التعليم,Twitter,Education,text,2025-01-06,شرح مبسط لأهم قواعد اللغة العربية,15345,6588.0,6672,200.0,25.0,16.0,1
4059.0, كورة كل يوم,فيس بوك,رياضة,ريلز,2024-06-12,أفضل اللقطات من الجولة الأخيرة,71522,12805.0,21119,813.0,21.0,73.0,
2970.0,عالم الطبخ ✅,Twitter,أكل وطبخ,فيديو,17-03-2025,حلويات رمضان بمكونات بسيطة,435289,69293.0,78466,3124.0,307.0,536.0,
2072.0,أخبار الرياضة,Facebook,كورة,story,30/07/2024,أخبار الانتقالات الصيفية,32570,13190.0,28187,124.0,12.0,20.0,No
3829.0, ضحك ونكت,youtube,ترفيه,ستوري ,2025-11-08,أطرف المواقف اللي حصلت الأسبوع ده,11199,5306.0,9734,179.0,3.0,3.0,
2365.0, عالم التقنية,youtube,تكنولوجيا,story,2025-04-11,خمس تطبيقات تساعدك في تنظيم وقتك,19074,9677.0,16819,591.0,53.0,77.0,No
931.0,ملعب مصر,Facebook,Sports,ستوري ,24/09/2025,أهم أحداث مباراة اليوم بالتفصيل,29920,4145.0,6946,283.0,14.0,53.0,
2269.0,ملعب  مصر,فيسبوك,Sports,text,,تشكيلة المنتخب المتوقعة في المباراة القادمة,61377,10646.0,11520,429.0,49.0,23.0,لا
2972.0,تكنولوجيا بلس ✅,تيك توك,Tech,صور,2025-05-20,خمس تطبيقات تساعدك في تنظيم وقتك,25736,7861.0,15572,553.0,72.0,18.0,
1946.0,كوميديا العرب  ,insta,Entertainment,نص,2025-08-10,نكت وضحك من غير توقف,11136,4513.0,6442,331.0,36.0,10.0,
3846.0,فوازير رمضان,تيكتوك,Entertainment,صوره,18/02/2025,مقاطع مضحكة من كواليس التصوير,37390,7486.0,10152,69.0,2.0,7.0,Yes
910.0,وصفات ماما  ,يوتيوب, طبخ,فيديو ,2025-10-21,طريقة عمل الكنافة بالقشطة خطوة بخطوة,23241,10615.0,11718,664.0,53.0,12.0,نعم
607.0,أخبار مصر الآن ✅,TikTok,أخبار,فيديو,2024-06-15,تفاصيل جديدة حول الحدث الذي شغل الرأي العام,43273,17528.0,18486,1868.0,109.0,46.0,Yes
75.0,كوميديا العرب,تويتر,ترفيه,صوره,2024-10-11,مقاطع مضحكة من كواليس التصوير,12486,7176.0,12395,195.0,19.0,15.0,
1765.0,ملعب مصر,انستجرام,رياضة,صورة,09/08/2024,تشكيلة المنتخب المتوقعة في المباراة القادمة,27413,13689.0,27240,322.0,26.0,39.0,
1323.0, ضحك ونكت,youtube,كوميدي,نص,16/06/2024,أفضل خمس مشاهد كوميدية هذا العام,96032,7487.0,9473,224.0,8.0,,
1577.0,منصة التعليم  ,Twitter,Education,صوره,23-12-2024,خطوات عملية لتعلم مهارة جديدة,29896,13956.0,22836,844.0,120.0,93.0,
2814.0, مطبخ سارة,FB,أكل وطبخ,Reel,2024-06-20,حلويات رمضان بمكونات بسيطة,65152,36225.0,38242,979.0,54.0,170.0,
114.0,اتعلم اونلاين  ,youtube,Education,story,27-01-2024,خطوات عملية لتعلم مهارة جديدة,108465,25318.0,37415,1637.0,106.0,124.0,نعم
987.0,كورة كل يوم,تويتر (X),كورة,story,2024-01-26,تحليل فني لأداء الفريق هذا الموسم,50403,21067.0,24259,1565.0,188.0,94.0,
3805.0,ستايل بنات,تويتر(X),موضة ,فديو,2024-09-24,نصائح لاختيار الألوان المناسبة لبشرتك,97328,44106.0,72401,557.0,80.0,48.0,
748.0,أخبار الرياضة,TikTok,كورة,صورة,2025-07-21,تشكيلة المنتخب المتوقعة في المباراة القادمة,32817,19389.0,25010,1432.0,141.0,38.0,No
1864.0, عالم التقنية,تويتر (X),تقنيه,ريلز,26/07/2025,كل ما تريد معرفته عن الذكاء الاصطناعي,21800,7657.0,8421,643.0,45.0,43.0,
223.0,أخبار الرياضة  ,يوتيوب,رياضة,reels,2025-11-07,أهم أحداث مباراة اليوم بالتفصيل,193410,59156.0,63425,4051.0,173.0,571.0,
1349.0,اتعلم  اونلاين,يوتيوب,تعليم ,صورة,2025-02-20,شرح مبسط لأهم قواعد اللغة العربية,50651,28308.0,33298,3232.0,436.0,164.0,
1503.0,اتعلم اونلاين  ,youtube,Education,reels,23/11/2025,كيف تذاكر بفعالية قبل الامتحانات,155566,51727.0,94838,420.0,53.0,10.0,
3139.0,عالم  الطبخ,انستجرام,طبخ ,ستوري,,وصفة سريعة ولذيذة لعشاء اليوم,10419,526.0,1074,27.0,2.0,3.0,
1666.0,ستايل بنات ✅,يوتيوب,أزياء,منشور نصي,2024-10-23,إطلالات بسيطة وأنيقة لكل يوم,83212,12826.0,21258,90.0,8.0,11.0,
2969.0,ملعب مصر,تويتر,كورة,text,2024-11-12,تحليل فني لأداء الفريق هذا الموسم,23406,3727.0,4355,67.0,1.0,13.0,
3310.0,عالم الطبخ,tiktok,أكل وطبخ,نص,2025-11-13,وصفة سريعة ولذيذة لعشاء اليوم,67842,28606.0,35974,2764.0,159.0,373.0,
36.0,أزياء العرب,فيسبوك ,أزياء,نص,2024-10-12,موديلات جديدة من أشهر الماركات,7983,2902.0,3240,218.0,8.0,23.0,
831.0,بوابة الأحداث,TikTok,أخبار,فديو,05-05-2024,تفاصيل جديدة حول الحدث الذي شغل الرأي العام,180654,22194.0,36759,956.0,71.0,164.0,
2919.0,وصفات ماما ✅,FB,Food,reels,08-12-2025,طريقة عمل الكنافة بالقشطة خطوة بخطوة,55078,23543.0,42785,589.0,54.0,84.0,
3199.0,أزياء العرب,إنستغرام,أزياء,story,2024-09-04,أفكار تنسيق ملابس اقتصادية,13011,7371.0,10166,634.0,77.0,119.0,
1762.0,بوابة الأحداث,فيسبوك ,أخبار,صور,2025-06-07,ملخص أهم الأخبار المحلية اليوم,11625,4929.0,10236,71.0,6.0,11.0,
348.0,بوابة الأحداث,TikTok,News,Reel,2025-01-29,ملخص أهم الأخبار المحلية اليوم,69231,35711.0,73982,414.0,32.0,44.0,
168.0,بوابة الأحداث,insta,اخبار,ستوري ,08-08-2024,بيان رسمي حول القرار الأخير,21981,12594.0,14876,673.0,50.0,88.0,
3964.0,فوازير  رمضان,YouTube,ترفيه,ريلز,2025-06-02,نكت وضحك من غير توقف,13135,3208.0,6121,184.0,7.0,9.0,
117.0,عالم  الطبخ,تيكتوك,طبخ ,Reel,2025-03-29,أكلة اقتصادية وسهلة التحضير,27753,2690.0,5907,141.0,4.0,21.0,
531.0,جادجت العرب,تويتر (X),تقنية,نص,06/06/2024,خمس تطبيقات تساعدك في تنظيم وقتك,5598,3151.0,3599,309.0,27.0,5.0,Yes
1395.0,أخبار  الرياضة,يوتيوب ,Sports,video,2025-05-07,أفضل اللقطات من الجولة الأخيرة,24226,9060.0,16896,197,28.0,25.0,
3903.0, أخبار الرياضة,YouTube,رياضة,text,26/08/2024,أخبار الانتقالات الصيفية,21325,8065.0,10747,640.0,58.0,35.0,لا
1029.0,كوميديا العرب ✅,يوتيوب,Entertainment,text,2025-08-18,نكت وضحك من غير توقف,19234,2381.0,4223,92.0,8.0,5.0,
1642.0,بوابة الأحداث  ,X,News,ريلز,2025-05-04,بيان رسمي حول القرار الأخير,50566,5975.0,9554,187.0,5.0,33.0,
2984.0,مطبخ سارة ✅,انستغرام,طبخ,نص,2025-08-23,أكلة اقتصادية وسهلة التحضير,31740,12648.0,15493,1201.0,105.0,220.0,No
3673.0,فوازير رمضان  ,تيك توك,Entertainment,ريلز,23/07/2025,أطرف المواقف اللي حصلت الأسبوع ده,33969,19715.0,37159,"1,270",122.0,47.0,
3485.0,اتعلم اونلاين  ,تيكتوك,Education,صور,01/02/2024,نصائح للطلاب الجدد في الجامعة,119029,22846.0,48285,1733.0,45.0,214.0,0
3790.0,موضة اليوم,تويتر,موضة ,video,30/10/2025,إطلالات بسيطة وأنيقة لكل يوم,9287,1032.0,1082,38.0,4.0,4.0,
4051.0,أكاديمية المعرفة,فيس بوك,تعليم,reels,03/01/2025,دورة مجانية لتعلم أساسيات البرمجة,62967,5210.0,11212,57.0,1.0,5.0,
4098.0,مطبخ سارة ✅,X,أكل وطبخ,story,,أكلة اقتصادية وسهلة التحضير,11192,6701.0,7882,394.0,50.0,48.0,
3282.0,اتعلم اونلاين,فيسبوك ,تعليم,صوره,2025-06-22,  نصائح للطلاب الجدد في الجامعة   ,33559,6092.0,11112,477.0,63.0,35.0,نعم
1780.0, جادجت العرب,فيسبوك ,تقنيه,reels,2024-12-23,مقارنة بين أفضل اللابتوبات لعام هذا,101766,60843.0,69352,4998.0,351.0,632.0,1
1026.0,عالم الطبخ  ,YouTube, طبخ,فديو,30-03-2025,حلويات رمضان بمكونات بسيطة,21053,3324.0,6076,127.0,10.0,10.0,لا
3305.0,أخبار الرياضة,FB,كورة,reels,01-01-2025,تحليل فني لأداء الفريق هذا الموسم,28271,2123.0,4113,14.0,1.0,1.0,1
2832.0,تكنولوجيا بلس,FB,تقنية,صور,2024-12-23,مقارنة بين أفضل اللابتوبات لعام هذا,12829,7478.0,11935,260.0,9.0,40.0,1
82.0,مطبخ سارة  ,tiktok,,story,2024-11-01,حلويات رمضان بمكونات بسيطة,35147,4232.0,5003,75.0,3.0,5.0,
2634.0, منصة التعليم,youtube,تعليم,text,11-01-2024,شرح مبسط لأهم قواعد اللغة العربية,78808,32606.0,56398,490.0,68.0,19.0,0
2031.0,وصفات ماما,YouTube, طبخ,reels,28/03/2025,حلويات رمضان بمكونات بسيطة,58547,20362.0,20813,235.0,31.0,18.0,
2800.0,تكنولوجيا  بلس,تيك توك,تكنولوجيا,ستوري,04/01/2025,كل ما تريد معرفته عن الذكاء الاصطناعي,30244,8507.0,17026,737.0,64.0,135.0,
2818.0,ضحك ونكت  ,تويتر(X),Entertainment,فيديو ,,تحدي جديد بين المتابعين,192932,93893.0,200724,7352.0,535.0,1202.0,
1477.0,ستايل  بنات,youtube,موضة,ريلز,17/07/2024,إطلالات بسيطة وأنيقة لكل يوم,35449,15954.0,23051,324.0,13.0,63.0,لا
3167.0,ضحك ونكت  ,tiktok,Entertainment,صور,2024-08-25,أفضل خمس مشاهد كوميدية هذا العام,89917,10996.0,21518,156.0,9.0,18.0,
2605.0,ضحك ونكت,فيسبوك,Entertainment,text,2024-08-22,نكت وضحك من غير توقف,839383,180756.0,325489,11896.0,413.0,1197.0,
1478.0,اليوم  السابع  نيوز,youtube,أخبار,نص,2025-11-25,تفاصيل جديدة حول الحدث الذي شغل الرأي العام,60512,6228.0,10631,391.0,41.0,12.0,1
3893.0,مطبخ  سارة,فيسبوك,Food,ريلز,2025-08-04,أسرار المطبخ اللي محدش بيقولهالك,29317,11106.0,11932,407.0,20.0,50.0,0
2484.0, بوابة الأحداث,فيسبوك ,اخبار,ستوري,2025-03-19,آخر التطورات في الساعات الماضية,66997,33692.0,63842,926.0,81.0,165.0,لا
1939.0,موضة اليوم ✅,انستجرام,أزياء,video,03/01/2024,أحدث صيحات الموضة لهذا الموسم,63676,8300.0,14598,393.0,24.0,45.0,نعم
2158.0,أخبار مصر الآن  ,انستغرام,أخبار,ستوري,15/01/2025,آخر التطورات في الساعات الماضية,26169,6997.0,15252,174.0,10.0,5.0,
1887.0,كوميديا العرب  ,Instagram,ترفيه,فيديو ,14/06/2025,مقاطع مضحكة من كواليس التصوير,19146,7606.0,8387,620.0,30.0,21.0,نعم
3936.0, أخبار مصر الآن,Twitter,اخبار,ريلز,2024-07-26,تغطية مباشرة لفعاليات المؤتمر,16797,7400.0,9225,110,5.0,2.0,
1630.0,أزياء العرب  ,FB,موضة ,نص,29-03-2025,أفكار تنسيق ملابس اقتصادية,33315,8508.0,18647,656.0,75.0,13.0,لا
3005.0,كورة كل يوم,تويتر,كورة,Reel,19/10/2024,تشكيلة المنتخب المتوقعة في المباراة القادمة,36787,21747.0,35397,343,22.0,63.0,
41.0,عالم التقنية,Twitter,تقنية,reels,2025-03-28,خمس تطبيقات تساعدك في تنظيم وقتك,22653,2715.0,4416,174.0,17.0,4.0,
1705.0,أخبار مصر الآن,فيسبوك ,اخبار,,02/06/2025,بيان رسمي حول القرار الأخير,12386,6277.0,8954,219.0,5.0,18.0,
4030.0,كورة كل يوم  ,youtube,رياضة,ستوري ,03/10/2024,أفضل اللقطات من الجولة الأخيرة,53293,6354.0,10479,215.0,4.0,4.0,No
3466.0,موضة اليوم,insta,موضة ,ريلز,2025-07-29,أفكار تنسيق ملابس اقتصادية,39641,15737.0,24705,601.0,16.0,92.0,0
312.0,منصة التعليم  ,YouTube,,video,2024-05-30,نصائح للطلاب الجدد في الجامعة,116061,48520.0,96804,4265.0,372.0,391.0,Yes
1632.0, كوميديا العرب,تويتر(X),كوميدي,منشور نصي,03-08-2025,أطرف المواقف اللي حصلت الأسبوع ده,24194,13480.0,24103,681.0,86.0,44.0,
3551.0,مطبخ  سارة,تيك توك,,فديو,2025-10-16,أكلة اقتصادية وسهلة التحضير,12246,2445.0,2937,43.0,3.0,5.0,
2068.0,بوابة الأحداث ✅,فيس بوك,News,ستوري ,2024-09-25,ملخص أهم الأخبار المحلية اليوم,125208,45008.0,49507,815.0,43.0,95.0,
1427.0, تكنولوجيا بلس,insta,تقنيه,نص,,مقارنة بين أفضل اللابتوبات لعام هذا,47275,6690.0,13002,173.0,11.0,29.0,Yes
2003.0,كوميديا  العرب,TikTok,كوميدي,صور,2024-05-30,تحدي جديد بين المتابعين,9087,,6668,172.0,7.0,11.0,
358.0,أخبار مصر الآن,فيس بوك,أخبار,story,17-09-2024,تفاصيل جديدة حول الحدث الذي شغل الرأي العام,4895,575.0,1188,28.0,2.0,3.0,No
2409.0,عالم الطبخ ✅,TikTok, طبخ,ريلز,2025-10-09,وصفة سريعة ولذيذة لعشاء اليوم,26419,15640.0,22530,1079.0,88.0,90.0,لا
1130.0,عالم  التقنية,يوتيوب ,تقنيه,story,02-07-2025,مقارنة بين أفضل اللابتوبات لعام هذا,9514,3020.0,4101,169.0,8.0,25.0,
1891.0,أخبار مصر الآن ✅,يوتيوب ,News,فيديو,2024-04-26,تغطية مباشرة لفعاليات المؤتمر,188217,32357.0,40896,3618.0,538.0,591.0,No
3053.0, ضحك ونكت,تويتر(X),ترفيه,فيديو ,08/01/2024,أطرف المواقف اللي حصلت الأسبوع ده,142578,79836.0,173181,6285.0,912.0,1032.0,
1828.0,وصفات ماما,Facebook,طبخ,,2024-10-06,حلويات رمضان بمكونات بسيطة,17876,6607.0,14207,44.0,6.0,7.0,
2441.0,اليوم السابع نيوز,Twitter,أخبار,reels,,ملخص أهم الأخبار المحلية اليوم,42110,4996.0,9771,373.0,45.0,11.0,No
129.0, كوميديا العرب,يوتيوب ,كوميدي,image,16/09/2025,أفضل خمس مشاهد كوميدية هذا العام,43082,25479.0,41551,446.0,9.0,81.0,
1010.0,أخبار مصر الآن,يوتيوب,أخبار,video,2025-08-04,آخر التطورات في الساعات الماضية,10581,765.0,1603,55,6.0,0.0,
1814.0,وصفات ماما  ,FB,Food,reels,27-06-2025,حلويات رمضان بمكونات بسيطة,31362,7067.0,7501,241.0,22.0,34.0,نعم
2742.0,عالم التقنية,تويتر(X),تكنولوجيا,ستوري,2024-03-12,خمس تطبيقات تساعدك في تنظيم وقتك,89392,21955.0,33389,513.0,19.0,40.0,Yes
658.0, ضحك ونكت,tiktok,كوميدي,story,12/09/2025,أطرف المواقف اللي حصلت الأسبوع ده,82725,4453.0,6609,132.0,8.0,22.0,نعم
1247.0,ضحك  ونكت,انستغرام,ترفيه,ستوري,2024-05-10,أطرف المواقف اللي حصلت الأسبوع ده,5245,1755.0,2559,79.0,11.0,7.0,
4162.0,ستايل بنات  ,يوتيوب ,موضة ,نص,,أفكار تنسيق ملابس اقتصادية,39389,12710.0,18117,490.0,23.0,62.0,
202.0, منصة التعليم,TikTok,Education,ستوري ,2025-08-14,خطوات عملية لتعلم مهارة جديدة,119018,71372.0,75501,6389.0,851.0,1013.0,No
2563.0,عالم الطبخ,tiktok,أكل وطبخ,image,24-11-2024,حلويات رمضان بمكونات بسيطة,18161,8091.0,14581,497.0,20.0,27.0,No
1422.0,أكاديمية المعرفة,tiktok,تعليم,نص,2024-01-31,نصائح للطلاب الجدد في الجامعة,30953,9788.0,21278,768.0,19.0,131.0,
3577.0,تكنولوجيا بلس ✅,FB,تكنولوجيا,ريلز,2025-12-23,كل ما تريد معرفته عن الذكاء الاصطناعي,83686,14963.0,16714,744.0,50.0,67.0,
3179.0,منصة التعليم ✅,insta,Education,Reel,2025-01-13,خطوات عملية لتعلم مهارة جديدة,64390,29169.0,33546,740.0,51.0,114.0,No
2419.0,عالم التقنية  ,تيك توك,تكنولوجيا,فديو,2025-08-27,كل ما تريد معرفته عن الذكاء الاصطناعي,31296,10492.0,20301,728.0,57.0,106.0,
2783.0,عالم الطبخ,إنستغرام, طبخ,story,18-11-2025,حلويات رمضان بمكونات بسيطة,142248,42811.0,86309,3195.0,82.0,122.0,No
2362.0,منصة  التعليم,فيسبوك,تعليم ,image,2024-09-21,دورة مجانية لتعلم أساسيات البرمجة,20550,7991.0,10325,929.0,86.0,132.0,
3597.0,عالم التقنية ✅,Twitter,تقنية,text,2024-02-25,مقارنة بين أفضل اللابتوبات لعام هذا,290150,117996.0,252496,11219.0,1612.0,604.0,
594.0, كورة كل يوم,تويتر (X),Sports,صور,2024-02-11,أخبار الانتقالات الصيفية,101416,27176.0,36839,385.0,29.0,47.0,لا
971.0,مطبخ سارة,انستغرام,طبخ ,reels,14/08/2025,أسرار المطبخ اللي محدش بيقولهالك,30933,2228.0,4859,72.0,7.0,4.0,
203.0,وصفات ماما,youtube,أكل وطبخ,image,28/08/2025,أكلة اقتصادية وسهلة التحضير,182355,97228.0,144380,3591.0,448.0,556.0,
3818.0,عالم التقنية ✅,يوتيوب,تقنية,صورة,15/06/2025,خمس تطبيقات تساعدك في تنظيم وقتك,11076,2941.0,3094,181.0,9.0,12.0,1
1975.0,عالم التقنية  ,يوتيوب ,تقنية,فيديو ,2024-06-18,مراجعة كاملة لأحدث هاتف صدر هذا الشهر,45220,11524.0,17852,328.0,12.0,62.0,
3022.0,ضحك ونكت ✅,تويتر(X),كوميدي,reels,2025-01-23,أطرف المواقف اللي حصلت الأسبوع ده,99607,41152.0,77447,338.0,11.0,8.0,
4191.0,تكنولوجيا بلس,يوتيوب ,تكنولوجيا,نص,24/05/2025,مقارنة بين أفضل اللابتوبات لعام هذا,218264,36581.0,71237,1295.0,45.0,53.0,0
2911.0, كوميديا العرب,youtube,Entertainment,Reel,2024-06-19,أطرف المواقف اللي حصلت الأسبوع ده,12822,2051.0,3206,136,16.0,2.0,
2751.0,ملعب  مصر,Facebook,رياضة,منشور نصي,2025-12-31,تحليل فني لأداء الفريق هذا الموسم,19062,8458.0,16700,260.0,8.0,31.0,No
1981.0,فوازير رمضان,tiktok,كوميدي,text,11/04/2025,تحدي جديد بين المتابعين,41504,8880.0,10469,833.0,104.0,110.0,
2381.0,أكاديمية المعرفة  ,إنستغرام,تعليم ,reels,2025-04-15,شرح مبسط لأهم قواعد اللغة العربية,17188,5514.0,11180,267.0,13.0,23.0,
2487.0,أخبار الرياضة ✅,انستجرام,كورة,صورة,17-10-2024,أفضل اللقطات من الجولة الأخيرة,12782,6330.0,13548,326.0,37.0,,
2375.0,عالم الطبخ ✅,انستغرام,طبخ ,ريلز,03/03/2025,طريقة عمل الكنافة بالقشطة خطوة بخطوة,142450,48297.0,53574,2938.0,337.0,,نعم
4131.0, ستايل بنات,Twitter,أزياء,reels,2025-01-15,أحدث صيحات الموضة لهذا الموسم,34815,2972.0,4118,124.0,14.0,17.0,1
4183.0,ستايل بنات  ,youtube,موضة,reels,17/10/2024,نصائح لاختيار الألوان المناسبة لبشرتك,79546,35069.0,74494,1710.0,93.0,311.0,
3567.0,فوازير رمضان  ,YouTube,كوميدي,,2025-10-02,أطرف المواقف اللي حصلت الأسبوع ده,176772,67188.0,69058,5645.0,295.0,577.0,1
1188.0, ملعب مصر,انستجرام,رياضة,video,2025-11-06,أهم أحداث مباراة اليوم بالتفصيل,3344,908.0,1896,66.0,5.0,5.0,
2330.0, عالم التقنية,FB,تكنولوجيا,,2025-09-20,نصائح لحماية حسابك من الاختراق,394193,222506.0,452823,5580.0,437.0,433.0,No
2343.0,كوميديا العرب ✅,تيك توك,كوميدي,صور,2024-03-18,أفضل خمس مشاهد كوميدية هذا العام,34489,12125.0,13476,426.0,38.0,57.0,No
352.0,ملعب مصر ✅,يوتيوب ,Sports,video,2025-09-19,أهم أحداث مباراة اليوم بالتفصيل,60662,28170.0,54162,2061.0,,260.0,Yes
1756.0,أخبار  الرياضة,Instagram,رياضة,منشور نصي,2024-03-08,تشكيلة المنتخب المتوقعة في المباراة القادمة,12138,6769.0,12845,460.0,38.0,20.0,
1596.0,أخبار مصر الآن,فيسبوك ,أخبار,فيديو,2024-04-23,تغطية مباشرة لفعاليات المؤتمر,38731,20276.0,40267,363.0,26.0,21.0,نعم
43.0,عالم  الطبخ,تويتر,طبخ ,ستوري,28/02/2025,  طريقة عمل الكنافة بالقشطة خطوة بخطوة   ,4792,2335.0,3093,81.0,1.0,15.0,
2150.0,مطبخ سارة  ,فيسبوك , طبخ,story,2025-03-09,طريقة عمل الكنافة بالقشطة خطوة بخطوة,180230,83049.0,103132,3625.0,352.0,588.0,No
2495.0, أخبار مصر الآن,insta,News,image,2024-02-22,ملخص أهم الأخبار المحلية اليوم,25668,9006.0,14765,80.0,4.0,1.0,No
2879.0,تكنولوجيا بلس  ,FB,تكنولوجيا,image,2025-07-26,نصائح لحماية حسابك من الاختراق,29617,9876.0,15400,920.0,,87.0,0
1274.0,أخبار مصر الآن,X,News,نص,2025-12-25,تفاصيل جديدة حول الحدث الذي شغل الرأي العام,18833,1905.0,3252,89.0,12.0,16.0,0
2183.0, وصفات ماما,انستجرام, طبخ,text,02-04-2024,  حلويات رمضان بمكونات بسيطة   ,35934,20402.0,42237,1416.0,87.0,112.0,Yes
575.0,موضة اليوم,يوتيوب ,موضة ,ريلز,2025-04-29,نصائح لاختيار الألوان المناسبة لبشرتك,39324,13093.0,14429,670,66.0,56.0,نعم
1921.0,ملعب  مصر,فيس بوك,رياضة ,ستوري,02/02/2024,أفضل اللقطات من الجولة الأخيرة,11179,4734.0,9070,243,9.0,15.0,
3925.0,اتعلم اونلاين,انستجرام,تعليم,صوره,09/08/2024,نصائح للطلاب الجدد في الجامعة,31653,16080.0,33861,882.0,60.0,35.0,
857.0, ستايل بنات,يوتيوب,أزياء,ستوري ,2024-06-05,إطلالات بسيطة وأنيقة لكل يوم,16784,9332.0,16613,140.0,7.0,10.0,
2177.0,أكاديمية المعرفة,تويتر (X),Education,صور,2024-03-03,كيف تذاكر بفعالية قبل الامتحانات,29863,4775.0,9422,75.0,5.0,13.0,
2609.0,فوازير رمضان  ,YouTube,ترفيه,منشور نصي,2025-04-11,أفضل خمس مشاهد كوميدية هذا العام,17187,7311.0,7720,183.0,21.0,19.0,نعم
2048.0,اتعلم اونلاين  ,TikTok,Education,فيديو,2024-10-16,نصائح للطلاب الجدد في الجامعة,171068,55977.0,101886,3808.0,217.0,454.0,1
1809.0,أخبار  الرياضة,إنستغرام,كورة,فيديو ,26/10/2024,أفضل اللقطات من الجولة الأخيرة,46410,20273.0,25198,1116.0,111.0,98.0,
3803.0,أزياء العرب,فيس بوك,موضة,نص,2024-07-13,إطلالات بسيطة وأنيقة لكل يوم,24817,13319.0,25926,356.0,21.0,,
1899.0,اليوم السابع نيوز ✅,يوتيوب,News,صورة,08/09/2024,بيان رسمي حول القرار الأخير,70772,42288.0,42982,1381.0,74.0,72.0,No
1847.0,فوازير رمضان,TikTok,Entertainment,reels,2024-12-24,نكت وضحك من غير توقف,22310,4386.0,6201,332.0,14.0,56.0,نعم
876.0,أخبار الرياضة,insta,رياضة ,ريلز,06-08-2025,تشكيلة المنتخب المتوقعة في المباراة القادمة,64008,11759.0,22268,193.0,15.0,12.0,1
104.0,مطبخ سارة,Instagram, طبخ,نص,2024-01-16,طريقة عمل الكنافة بالقشطة خطوة بخطوة,24147,4291.0,8923,172.0,23.0,22.0,
2459.0, موضة اليوم,يوتيوب,أزياء,image,2025-10-09,إطلالات بسيطة وأنيقة لكل يوم,20157,4980.0,8884,107,2.0,10.0,0
3054.0,أخبار  الرياضة,تويتر(X),Sports,ستوري,2024-01-05,تحليل فني لأداء الفريق هذا الموسم,27989,14286.0,14546,1493.0,178.0,38.0,0
605.0,أكاديمية المعرفة ✅,Facebook,Education,image,10-06-2025,شرح مبسط لأهم قواعد اللغة العربية,1940,505.0,1013,8.0,0.0,0.0,
989.0,ستايل  بنات,insta,أزياء,ستوري ,2025-06-07,إطلالات بسيطة وأنيقة لكل يوم,25854,14977.0,30976,502.0,43.0,49.0,
1234.0, فوازير رمضان,Twitter,كوميدي,,2025-04-03,مقاطع مضحكة من كواليس التصوير,11763,1696.0,3054,109.0,3.0,19.0,
3592.0,اليوم السابع نيوز,فيس بوك,News,منشور نصي,17-02-2024,آخر التطورات في الساعات الماضية,37941,7311.0,11294,333.0,33.0,58.0,
1434.0,موضة اليوم,انستجرام,أزياء,ستوري ,22/06/2024,إطلالات بسيطة وأنيقة لكل يوم,93580,49370.0,102288,4311.0,448.0,489.0,
385.0,عالم التقنية,تويتر(X),تكنولوجيا,text,06/04/2025,نصائح لحماية حسابك من الاختراق,30321,10631.0,16152,71.0,5.0,3.0,1
894.0,ملعب مصر,youtube,Sports,text,16/12/2025,تحليل فني لأداء الفريق هذا الموسم,25695,8889.0,9641,905.0,95.0,150.0,
57.0,وصفات ماما ✅,تيكتوك,طبخ,reels,29-06-2025,أسرار المطبخ اللي محدش بيقولهالك,50219,28767.0,48562,1741.0,101.0,126.0,لا
712.0,بوابة الأحداث ✅,تيكتوك,,فيديو,23/10/2025,تفاصيل جديدة حول الحدث الذي شغل الرأي العام,104191,23900.0,37338,522.0,24.0,18.0,
2373.0,كورة كل يوم ✅,Facebook,كورة,ستوري ,,أهم أحداث مباراة اليوم بالتفصيل,19784,7757.0,8504,495.0,,86.0,
2127.0,مطبخ سارة,Instagram, طبخ,فيديو ,28-01-2025,حلويات رمضان بمكونات بسيطة,23978,9310.0,20248,608.0,47.0,13.0,1
2589.0,أزياء  العرب,YouTube,أزياء,صوره,23-01-2024,أحدث صيحات الموضة لهذا الموسم,68404,33689.0,66925,1354.0,44.0,204.0,نعم
356.0,ستايل بنات,X,موضة ,story,2024-12-05,موديلات جديدة من أشهر الماركات,16041,2852.0,3813,269,19.0,49.0,
1843.0,ستايل بنات ✅,tiktok,أزياء,Reel,,موديلات جديدة من أشهر الماركات,37705,11381.0,19126,1219.0,124.0,189.0,لا
2408.0,أخبار  الرياضة,TikTok,رياضة ,فديو,2024-04-23,أخبار الانتقالات الصيفية,39891,5192.0,6624,247.0,19.0,31.0,0
1019.0,تكنولوجيا بلس  ,يوتيوب ,تقنيه,Reel,,نصائح لحماية حسابك من الاختراق,109449,11461.0,19770,136.0,12.0,11.0,1
4005.0, اليوم السابع نيوز,tiktok,أخبار,text,2025-04-17,ملخص أهم الأخبار المحلية اليوم,82042,37315.0,49691,3440.0,223.0,313.0,
308.0,كورة كل يوم,tiktok,رياضة ,reels,11-02-2025,تحليل فني لأداء الفريق هذا الموسم,107579,11090.0,14309,56.0,3.0,6.0,1
814.0,عالم التقنية,تويتر (X),تكنولوجيا,صوره,2024-10-14,كل ما تريد معرفته عن الذكاء الاصطناعي,41299,12603.0,16320,"1,019",146.0,113.0,
42.0,عالم التقنية  ,فيسبوك,تقنية,,,خمس تطبيقات تساعدك في تنظيم وقتك,107898,8461.0,13855,485.0,55.0,94.0,
3603.0,كورة  كل  يوم,فيسبوك,كورة,video,27/03/2025,أفضل اللقطات من الجولة الأخيرة,3943,1377.0,1597,5.0,0.0,0.0,
1406.0,جادجت العرب,انستغرام,Tech,صوره,2025-02-04,كل ما تريد معرفته عن الذكاء الاصطناعي,14034,2124.0,2289,151.0,15.0,22.0,لا
1682.0,وصفات  ماما,FB,طبخ,reels,2025-10-09,طريقة عمل الكنافة بالقشطة خطوة بخطوة,56064,27646.0,33007,932.0,56.0,149.0,0
883.0,أخبار الرياضة,فيسبوك ,كورة,فيديو,2024-08-17,أفضل اللقطات من الجولة الأخيرة,322899,115109.0,217689,3534.0,111.0,313.0,0
2712.0, عالم الطبخ,يوتيوب, طبخ,فيديو,16/04/2024,حلويات رمضان بمكونات بسيطة,5494,2901.0,4539,213.0,4.0,17.0,
699.0,ملعب مصر ✅,youtube,,text,2025-07-07,  تشكيلة المنتخب المتوقعة في المباراة القادمة   ,187846,59502.0,65599,5611.0,560.0,308.0,
3793.0,أزياء العرب  ,تيكتوك,موضة ,نص,2025-05-15,أفكار تنسيق ملابس اقتصادية,26412,1504.0,2210,61.0,5.0,10.0,No
2994.0,عالم الطبخ,انستغرام,Food,فيديو,22-04-2024,حلويات رمضان بمكونات بسيطة,45025,10831.0,22019,120.0,16.0,9.0,
2052.0, وصفات ماما,insta, طبخ,ستوري,20/10/2024,طريقة عمل الكنافة بالقشطة خطوة بخطوة,61822,35278.0,74247,2324.0,74.0,372.0,
2906.0,أزياء  العرب,X,موضة ,story,07/01/2025,نصائح لاختيار الألوان المناسبة لبشرتك,61125,21811.0,34019,1274.0,184.0,146.0,
216.0,أزياء  العرب,tiktok,موضة ,ريلز,,أحدث صيحات الموضة لهذا الموسم,18162,7139.0,11009,345.0,39.0,60.0,0
2147.0,ملعب مصر,Instagram,رياضة ,reels,2025-08-02,أفضل اللقطات من الجولة الأخيرة,47729,14549.0,26074,1262.0,179.0,108.0,
3162.0,ضحك  ونكت,TikTok,كوميدي,Reel,05-06-2025,أفضل خمس مشاهد كوميدية هذا العام,49780,2735.0,4813,42.0,5.0,8.0,
3634.0,فوازير رمضان ✅,Instagram,كوميدي,نص,05/06/2025,نكت وضحك من غير توقف,79581,41656.0,62733,1541.0,74.0,82.0,
1371.0,أخبار الرياضة,فيسبوك ,كورة,story,2025-09-22,أهم أحداث مباراة اليوم بالتفصيل,73386,8614.0,10805,55.0,3.0,9.0,1
1567.0,بوابة  الأحداث,تويتر (X),News,ستوري,04/11/2025,تفاصيل جديدة حول الحدث الذي شغل الرأي العام,57550,32830.0,38538,787.0,55.0,8.0,
2193.0,أكاديمية  المعرفة,تويتر(X),تعليم ,ستوري ,2024-02-26,خطوات عملية لتعلم مهارة جديدة,18943,10667.0,20340,656.0,84.0,57.0,
123.0,تكنولوجيا بلس ✅,تيك توك,تكنولوجيا,منشور نصي,2024-08-14,خمس تطبيقات تساعدك في تنظيم وقتك,10698,1120.0,1446,92.0,11.0,7.0,لا
2887.0, اتعلم اونلاين,فيسبوك ,Education,image,2024-04-26,خطوات عملية لتعلم مهارة جديدة,410615,176285.0,328537,8407.0,1197.0,1196.0,No
1517.0, اليوم السابع نيوز,تويتر (X),News,صورة,18/11/2025,تغطية مباشرة لفعاليات المؤتمر,13602,962.0,1011,88.0,9.0,11.0,Yes
2504.0,جادجت العرب,X,Tech,story,2024-12-31,خمس تطبيقات تساعدك في تنظيم وقتك,28401,11899.0,22347,1068.0,116.0,99.0,No
1767.0,اتعلم اونلاين  ,tiktok,تعليم,نص,04-08-2024,كيف تذاكر بفعالية قبل الامتحانات,58268,7619.0,12656,139.0,19.0,6.0,
2187.0,كورة كل يوم  ,يوتيوب ,رياضة,image,06/03/2025,تشكيلة المنتخب المتوقعة في المباراة القادمة,16640,8152.0,17203,633.0,39.0,10.0,
4181.0, اتعلم اونلاين,YouTube,تعليم ,صور,2025-09-24,دورة مجانية لتعلم أساسيات البرمجة,20965,5178.0,11384,177.0,17.0,28.0,لا
2992.0,اليوم  السابع  نيوز,إنستغرام,أخبار,نص,04/04/2025,تغطية مباشرة لفعاليات المؤتمر,15794,2354.0,3320,73.0,7.0,4.0,نعم
1038.0,أخبار مصر الآن,Twitter,News,text,22-03-2025,ملخص أهم الأخبار المحلية اليوم,42672,16372.0,34651,1654.0,,52.0,
2438.0,كورة كل يوم  ,youtube,Sports,ريلز,2025-05-27,تشكيلة المنتخب المتوقعة في المباراة القادمة,72777,26464.0,44513,1401.0,142.0,88.0,
1511.0,كورة كل يوم  ,تيكتوك,كورة,text,15-07-2024,تحليل فني لأداء الفريق هذا الموسم,165282,36539.0,50570,1403.0,38.0,261.0,
412.0,أخبار  الرياضة,فيسبوك ,رياضة ,Reel,2024-10-09,أفضل اللقطات من الجولة الأخيرة,24659,10776.0,23322,413.0,46.0,68.0,
2864.0, بوابة الأحداث,Twitter,اخبار,فديو,21/10/2025,آخر التطورات في الساعات الماضية,99637,27083.0,42383,2409.0,139.0,364.0,1
2747.0,اتعلم اونلاين  ,يوتيوب ,تعليم ,image,2024-11-24,شرح مبسط لأهم قواعد اللغة العربية,117465,62095.0,120571,2627.0,294.0,207.0,
1302.0,عالم التقنية,يوتيوب ,تقنية,text,2025-05-03,خمس تطبيقات تساعدك في تنظيم وقتك,48725,27207.0,45133,1490.0,213.0,234.0,
1297.0, مطبخ سارة,تيكتوك,أكل وطبخ,story,30/12/2024,أكلة اقتصادية وسهلة التحضير,104006,57397.0,75716,2735.0,392.0,546.0,
3629.0,جادجت العرب  ,TikTok,تقنية,ريلز,12-10-2025,نصائح لحماية حسابك من الاختراق,84580,15395.0,30125,1040.0,112.0,149.0,نعم
3055.0,عالم  التقنية,youtube,تكنولوجيا,صور,,كل ما تريد معرفته عن الذكاء الاصطناعي,2920,1494.0,1650,59.0,3.0,4.0,
2550.0, منصة التعليم,Twitter,تعليم,صوره,2024-12-08,كيف تذاكر بفعالية قبل الامتحانات,60282,32265.0,37991,1758.0,153.0,314.0,No
2710.0,عالم الطبخ,youtube,أكل وطبخ,video,04-08-2025,وصفة سريعة ولذيذة لعشاء اليوم,27833,11946.0,25586,199.0,19000.0,7.0,
759.0,عالم التقنية,insta,تكنولوجيا,text,22/11/2025,كل ما تريد معرفته عن الذكاء الاصطناعي,34635,7641.0,9307,350.0,18.0,34.0,
2368.0, ملعب مصر,تويتر,كورة,منشور نصي,09-03-2025,تشكيلة المنتخب المتوقعة في المباراة القادمة,77745,22082.0,30364,1907.0,279.0,251.0,Yes
2477.0,فوازير  رمضان,youtube,ترفيه,صوره,2024-08-23,أفضل خمس مشاهد كوميدية هذا العام,5140,1781.0,3483,137.0,10.0,5.0,No
2699.0,مطبخ سارة  ,youtube,Food,نص,,طريقة عمل الكنافة بالقشطة خطوة بخطوة,146374,13980.0,23896,837.0,108.0,80.0,0
1318.0,موضة اليوم,فيسبوك,موضة,video,2025-10-13,أفكار تنسيق ملابس اقتصادية,24260,3704.0,5241,131.0,8.0,3.0,
74.0,عالم الطبخ,insta,Food,ستوري,21/11/2025,حلويات رمضان بمكونات بسيطة,125218,74899.0,124820,6843.0,892.0,390.0,
26.0,أزياء  العرب,Instagram,موضة ,,2025-11-16,إطلالات بسيطة وأنيقة لكل يوم,58313,32572.0,66864,975.0,123.0,112.0,1
2694.0,ضحك  ونكت,انستجرام,كوميدي,صورة,19/01/2024,أطرف المواقف اللي حصلت الأسبوع ده,87207,20861.0,42754,180.0,14.0,27.0,
1127.0,مطبخ سارة ✅,TikTok,أكل وطبخ,Reel,,طريقة عمل الكنافة بالقشطة خطوة بخطوة,133597,,30392,924,104.0,,
1140.0, ملعب مصر,انستغرام,Sports,صوره,09/05/2025,أفضل اللقطات من الجولة الأخيرة,118407,65391.0,127993,7193.0,153.0,923.0,لا
506.0,فوازير رمضان,insta,كوميدي,image,12/01/2024,أفضل خمس مشاهد كوميدية هذا العام,145559,56523.0,118287,2879.0,76.0,47.0,
1561.0,بوابة الأحداث  ,تيكتوك,News,Reel,20/10/2025,تفاصيل جديدة حول الحدث الذي شغل الرأي العام,9402,3306.0,3766,15.0,2.0,0.0,
3142.0,اليوم السابع نيوز,تيك توك,News,ستوري,2025-02-26,بيان رسمي حول القرار الأخير,39532,2128.0,3747,185.0,24.0,31.0,
797.0,جادجت العرب,يوتيوب ,تقنيه,Reel,2025-12-27,كل ما تريد معرفته عن الذكاء الاصطناعي,86927,5690.0,8252,288.0,36.0,15.0,نعم
2723.0,كورة كل يوم,فيس بوك,Sports,ريلز,24/02/2024,تحليل فني لأداء الفريق هذا الموسم,248907,109808.0,159568,4325.0,388.0,415.0,نعم
1121.0,تكنولوجيا  بلس,TikTok,Tech,reels,2024-01-06,خمس تطبيقات تساعدك في تنظيم وقتك,84331,27389.0,37420,2772.0,202.0,175.0,نعم
1113.0,منصة  التعليم,تيك توك,تعليم ,story,2024-07-21,دورة مجانية لتعلم أساسيات البرمجة,31455,18185.0,33311,1341.0,85.0,73.0,
587.0,مطبخ سارة ✅,تيكتوك,أكل وطبخ,فديو,12/07/2024,وصفة سريعة ولذيذة لعشاء اليوم,27326,7562.0,16044,165.0,15.0,32.0,
3528.0,ضحك ونكت ✅,يوتيوب,Entertainment,صور,15-10-2025,تحدي جديد بين المتابعين,20330,4703.0,7538,137.0,9.0,20.0,No
612.0,كورة كل يوم,youtube,رياضة,ستوري,2024-07-29,تشكيلة المنتخب المتوقعة في المباراة القادمة,70610,29843.0,49429,1724.0,50.0,109.0,
3952.0,اليوم  السابع  نيوز,تيكتوك,اخبار,فيديو ,2024-01-14,بيان رسمي حول القرار الأخير,93453,11572.0,23194,794.0,101.0,20.0,
1090.0,عالم الطبخ  ,يوتيوب,طبخ ,فديو,19/04/2025,وصفة سريعة ولذيذة لعشاء اليوم,235028,82798.0,171009,1310.0,61.0,111.0,لا
1536.0,بوابة الأحداث  ,Facebook,News,reels,2025-12-12,آخر التطورات في الساعات الماضية,79207,4751.0,8869,364.0,28.0,62.0,
1409.0,موضة اليوم,insta,موضة ,فديو,2025-03-03,أحدث صيحات الموضة لهذا الموسم,94200,15147.0,19403,657,39.0,46.0,
2614.0,ضحك ونكت ✅,فيس بوك,ترفيه,فديو,2024-07-15,أفضل خمس مشاهد كوميدية هذا العام,539307,154302.0,305066,7213.0,741.0,265.0,
349.0,أخبار الرياضة  ,فيسبوك ,Sports,story,02/03/2025,تحليل فني لأداء الفريق هذا الموسم,69975,4234.0,6656,316.0,34.0,11.0,
886.0,ملعب مصر,إنستغرام,رياضة,صورة,23/11/2024,تحليل فني لأداء الفريق هذا الموسم,30131,6959.0,9586,434.0,11.0,33.0,
1190.0,وصفات ماما,Twitter,طبخ,video,2025-10-09,طريقة عمل الكنافة بالقشطة خطوة بخطوة,48147,20612.0,26792,1541.0,114.0,282.0,Yes
3754.0,أخبار مصر الآن ✅,YouTube,اخبار,Reel,2025-02-09,بيان رسمي حول القرار الأخير,20685,11499.0,13031,747.0,21.0,10.0,
783.0, اتعلم اونلاين,tiktok,تعليم,,2024-02-14,شرح مبسط لأهم قواعد اللغة العربية,22898,9210.0,12682,650.0,61.0,27.0,
3954.0,أزياء العرب  ,TikTok,موضة ,Reel,2025-07-29,أفكار تنسيق ملابس اقتصادية,50113,23586.0,25809,1409.0,139.0,200.0,
3718.0,فوازير  رمضان,يوتيوب,Entertainment,صوره,2024-05-21,تحدي جديد بين المتابعين,59206,11581.0,21397,,68.0,12.0,
630.0, عالم التقنية,فيسبوك,تقنيه,Reel,2025-04-16,نصائح لحماية حسابك من الاختراق,8271,4415.0,4675,133.0,7.0,6.0,
3116.0,أكاديمية المعرفة  ,إنستغرام,Education,ستوري,19-07-2024,خطوات عملية لتعلم مهارة جديدة,31182,11040.0,21036,63.0,1.0,5.0,نعم
2549.0,كوميديا العرب ✅,Facebook,كوميدي,reels,17/09/2025,أفضل خمس مشاهد كوميدية هذا العام,50575,17475.0,27164,331.0,39.0,31.0,0
2458.0,عالم التقنية,يوتيوب,تكنولوجيا,منشور نصي,18-08-2024,مقارنة بين أفضل اللابتوبات لعام هذا,29432,14702.0,18846,940.0,32.0,136.0,No
409.0,مطبخ سارة,فيسبوك, طبخ,ريلز,2024-05-28,حلويات رمضان بمكونات بسيطة,70680,14188.0,27928,287.0,18.0,56.0,
165.0, ملعب مصر,تيك توك,كورة,نص,2024-11-22,تحليل فني لأداء الفريق هذا الموسم,20766,9698.0,9984,53.0,4.0,8.0,
3942.0,اتعلم اونلاين  ,يوتيوب,تعليم,ستوري ,2025-04-12,نصائح للطلاب الجدد في الجامعة,682559,239316.0,521266,18510.0,1853.0,597.0,نعم
2337.0,موضة اليوم ✅,Twitter,موضة ,ستوري ,07/04/2025,أفكار تنسيق ملابس اقتصادية,29000,16734.0,18403,1307.0,192.0,130.0,
3590.0,عالم  التقنية,إنستغرام,تقنيه,,24/08/2025,كل ما تريد معرفته عن الذكاء الاصطناعي,23432,3040.0,5063,174.0,15.0,31.0,نعم
1970.0,ملعب مصر,Facebook,رياضة ,ستوري,,تحليل فني لأداء الفريق هذا الموسم,79496,39549.0,39761,2184.0,87.0,291.0,
1650.0,موضة اليوم,فيس بوك,أزياء,صوره,24/04/2024,إطلالات بسيطة وأنيقة لكل يوم,53327,22565.0,48397,1389.0,202.0,237.0,Yes
3170.0,بوابة الأحداث  ,تويتر(X),News,reels,06/06/2025,بيان رسمي حول القرار الأخير,23433,3941.0,5285,34.0,2.0,6.0,نعم
2427.0,جادجت  العرب,فيس بوك,تقنية,ستوري,23/06/2024,كل ما تريد معرفته عن الذكاء الاصطناعي,73575,11069.0,12613,1022.0,63.0,138.0,
1088.0,وصفات ماما,Facebook,أكل وطبخ,ستوري,2024-07-16,طريقة عمل الكنافة بالقشطة خطوة بخطوة,31274,1721.0,3016,70.0,3.0,5.0,
1480.0,تكنولوجيا بلس,Twitter,تقنيه,نص,09/06/2024,كل ما تريد معرفته عن الذكاء الاصطناعي,57176,3209.0,4142,184.0,15.0,32.0,
3182.0,كورة كل يوم  ,Instagram,كورة,نص,2024-12-15,تحليل فني لأداء الفريق هذا الموسم,12226,7104.0,8829,572.0,51.0,40.0,Yes
2921.0,ضحك ونكت  ,تيك توك,ترفيه,صورة,2025-03-21,تحدي جديد بين المتابعين,8013,2416.0,3041,210.0,29.0,25.0,0
3010.0,موضة اليوم,تيكتوك,موضة ,text,04-06-2024,أفكار تنسيق ملابس اقتصادية,33198,1865.0,2373,49.0,4.0,5.0,نعم
1755.0, جادجت العرب,insta,تقنية,ستوري,2025-03-25,مراجعة كاملة لأحدث هاتف صدر هذا الشهر,18564,7345.0,8866,200.0,10.0,24.0,
295.0,عالم الطبخ ✅,فيس بوك,طبخ,story,26-08-2024,طريقة عمل الكنافة بالقشطة خطوة بخطوة,30117,4193.0,4256,235.0,26.0,,
966.0, مطبخ سارة,تويتر (X),طبخ ,text,14/03/2025,  وصفة سريعة ولذيذة لعشاء اليوم   ,9117,1244.0,1290,98.0,5.0,2.0,
1823.0,عالم التقنية,إنستغرام,تقنية,منشور نصي,2024-06-12,نصائح لحماية حسابك من الاختراق,26415,1998.0,3034,122.0,13.0,22.0,Yes
3939.0,كوميديا العرب,انستغرام,كوميدي,فيديو ,01-06-2025,تحدي جديد بين المتابعين,31422,2667.0,3202,230.0,27.0,37.0,
2925.0,أكاديمية المعرفة,تيكتوك,Education,reels,04/04/2025,كيف تذاكر بفعالية قبل الامتحانات,487690,241304.0,296414,22934.0,2613.0,607.0,No
2364.0,اليوم السابع نيوز  ,إنستغرام,اخبار,video,05/03/2025,آخر التطورات في الساعات الماضية,86687,39279.0,50316,1234.0,105.0,119.0,نعم
529.0, فوازير رمضان,فيسبوك,ترفيه,story,01/01/2024,أفضل خمس مشاهد كوميدية هذا العام,10024,4943.0,6889,90,7.0,9.0,لا
1969.0, أخبار الرياضة,انستجرام,Sports,فيديو,31-01-2024,تحليل فني لأداء الفريق هذا الموسم,17703,8363.0,8489,156.0,18.0,23.0,
2238.0, عالم التقنية,فيسبوك,تقنية,منشور نصي,22/11/2025,  خمس تطبيقات تساعدك في تنظيم وقتك   ,208592,45165.0,56024,2362.0,167.0,325.0,Yes
28.0,عالم الطبخ ✅,insta,Food,text,2025-01-13,طريقة عمل الكنافة بالقشطة خطوة بخطوة,43679,19623.0,40747,1915.0,198.0,49.0,
3020.0,أكاديمية  المعرفة,TikTok,Education,نص,2024-07-26,كيف تذاكر بفعالية قبل الامتحانات,33778,11580.0,19466,1094.0,42.0,101.0,لا
1674.0,منصة التعليم ✅,تويتر,تعليم ,نص,03/07/2024,نصائح للطلاب الجدد في الجامعة,270620,127075.0,219784,2008.0,197.0,386.0,لا
275.0,كورة كل يوم ✅,يوتيوب,Sports,فيديو,20-11-2025,تشكيلة المنتخب المتوقعة في المباراة القادمة,191235,90077.0,107253,4429.0,521.0,597.0,No
1073.0,مطبخ سارة,تيك توك, طبخ,صور,2025-03-02,طريقة عمل الكنافة بالقشطة خطوة بخطوة,82648,16043.0,33017,1170.0,116.0,31.0,
1075.0,جادجت العرب ✅,FB,Tech,text,16/07/2024,كل ما تريد معرفته عن الذكاء الاصطناعي,49117,16068.0,29734,394.0,24.0,5.0,
2883.0,تكنولوجيا بلس,فيسبوك,تكنولوجيا,text,,خمس تطبيقات تساعدك في تنظيم وقتك,36626,19600.0,20546,1476.0,199.0,127.0,Yes
3039.0,كورة كل يوم,YouTube,,نص,2025-11-04,تحليل فني لأداء الفريق هذا الموسم,21903,5606.0,9409,420.0,60.0,25.0,
2941.0,بوابة الأحداث,insta,أخبار,Reel,2025-03-13,ملخص أهم الأخبار المحلية اليوم,103210,61322.0,106256,4174.0,209.0,174.0,
2303.0,ضحك ونكت  ,youtube,كوميدي,فيديو,2025-01-22,نكت وضحك من غير توقف,27285,15181.0,32917,898.0,104.0,65.0,1
3427.0, اتعلم اونلاين,youtube,تعليم ,story,23/06/2024,شرح مبسط لأهم قواعد اللغة العربية,7808,2432.0,3623,71.0,6.0,4.0,
3369.0,وصفات ماما ✅,YouTube,Food,صورة,2025-07-07,طريقة عمل الكنافة بالقشطة خطوة بخطوة,62986,26128.0,29380,569.0,21.0,53.0,
586.0,موضة اليوم,YouTube,أزياء,فديو,2025-10-04,نصائح لاختيار الألوان المناسبة لبشرتك,31289,2543.0,4882,159.0,17.0,13.0,
838.0, فوازير رمضان,فيسبوك,كوميدي,story,01/12/2025,تحدي جديد بين المتابعين,1515,274.0,535,12.0,0.0,0.0,
711.0,ملعب  مصر,TikTok,Sports,story,2024-04-01,أخبار الانتقالات الصيفية,11056,1671.0,3187,68.0,6.0,1.0,
3420.0,عالم الطبخ,تيك توك,طبخ ,فديو,2025-03-24,أسرار المطبخ اللي محدش بيقولهالك,101697,20774.0,31085,1716.0,75.0,240.0,
3772.0,ستايل بنات,تيك توك,موضة,text,2024-07-05,أحدث صيحات الموضة لهذا الموسم,79024,34714.0,65306,748.0,80.0,9.0,No
1251.0,بوابة الأحداث ✅,Facebook,أخبار,فديو,2025-03-27,تفاصيل جديدة حول الحدث الذي شغل الرأي العام,33713,12357.0,26452,886.0,43.0,,
1438.0,منصة التعليم  ,Facebook,Education,صورة,18/11/2025,شرح مبسط لأهم قواعد اللغة العربية,68977,19316.0,32280,399.0,39.0,28.0,نعم
1554.0,جادجت  العرب,تويتر (X),Tech,صوره,15/06/2024,كل ما تريد معرفته عن الذكاء الاصطناعي,18987,10316.0,21478,432.0,10.0,35.0,
817.0,اليوم  السابع  نيوز,يوتيوب ,اخبار,منشور نصي,02/01/2024,آخر التطورات في الساعات الماضية,15426,9124.0,16420,287.0,9.0,55.0,No
1244.0,اليوم السابع نيوز,tiktok,أخبار,Reel,13/07/2024,بيان رسمي حول القرار الأخير,5507,2470.0,3762,140.0,8.0,16.0,نعم
2966.0,ملعب مصر,Twitter,كورة,Reel,2024-07-27,تحليل فني لأداء الفريق هذا الموسم,41873,19093.0,34975,650.0,28.0,118.0,
958.0,أزياء العرب  ,تويتر,موضة,text,2024-06-17,  موديلات جديدة من أشهر الماركات   ,8893,2012.0,2237,70.0,10.0,7.0,
303.0, منصة التعليم,انستغرام,تعليم ,reels,,كيف تذاكر بفعالية قبل الامتحانات,60712,32126.0,61658,2661.0,143.0,485.0,نعم
2620.0,موضة اليوم,FB,أزياء,video,2025-07-08,نصائح لاختيار الألوان المناسبة لبشرتك,35148,9232.0,18126,311.0,8.0,7.0,
4007.0,ملعب  مصر,Instagram,رياضة,فديو,06/09/2024,أخبار الانتقالات الصيفية,9017,2485.0,4071,202.0,15.0,39.0,1
2679.0,أخبار مصر الآن,فيس بوك,أخبار,image,2025-02-24,آخر التطورات في الساعات الماضية,1645,89.0,136,3.0,0.0,0.0,
2486.0,أكاديمية المعرفة,تيك توك,تعليم ,story,19/03/2024,دورة مجانية لتعلم أساسيات البرمجة,30313,9068.0,17464,817,70.0,105.0,
2600.0,ضحك  ونكت,Twitter,Entertainment,ستوري ,2024-04-21,نكت وضحك من غير توقف,129533,33896.0,65733,787.0,47.0,72.0,
1064.0,فوازير  رمضان,Facebook,كوميدي,image,2025-04-08,مقاطع مضحكة من كواليس التصوير,27641,5283.0,9042,518.0,38.0,73.0,
873.0,اتعلم اونلاين  ,تيكتوك,تعليم,فديو,,كيف تذاكر بفعالية قبل الامتحانات,10960,2220.0,4706,162.0,16.0,2.0,0
3987.0,أكاديمية المعرفة  ,إنستغرام,Education,ستوري,27-09-2025,دورة مجانية لتعلم أساسيات البرمجة,177671,71451.0,107112,4862.0,271.0,645.0,
3468.0,أخبار مصر الآن ✅,Twitter,اخبار,ستوري ,2025-07-27,بيان رسمي حول القرار الأخير,39190,21808.0,32517,524.0,43.0,99.0,نعم
3559.0,فوازير رمضان,tiktok,Entertainment,فديو,21-06-2025,نكت وضحك من غير توقف,25010,12564.0,15668,1049.0,70.0,142.0,
924.0,كورة كل يوم ✅,تويتر(X),رياضة,ستوري ,2025-09-30,أهم أحداث مباراة اليوم بالتفصيل,74917,32347.0,32972,1146.0,103.0,27.0,
60.0, عالم التقنية,insta,Tech,صورة,2025-05-14,كل ما تريد معرفته عن الذكاء الاصطناعي,18450,7195.0,8068,92.0,2.0,15.0,1
3660.0,ستايل بنات,يوتيوب ,موضة ,Reel,,أفكار تنسيق ملابس اقتصادية,17648,4180.0,7412,28.0,1.0,3.0,1
4124.0,أخبار مصر الآن,يوتيوب ,أخبار,image,12-06-2025,تفاصيل جديدة حول الحدث الذي شغل الرأي العام,109848,20170.0,26966,1432.0,136.0,190.0,
1976.0,وصفات  ماما,انستغرام,Food,فيديو,24/04/2025,أكلة اقتصادية وسهلة التحضير,37620,22299.0,23500,382.0,16.0,30.0,
24.0,عالم التقنية,فيسبوك ,تقنية,ستوري,2024-02-21,مقارنة بين أفضل اللابتوبات لعام هذا,8938,647.0,1105,32.0,2.0,1.0,Yes
3015.0,ضحك  ونكت,YouTube,Entertainment,منشور نصي,2024-08-15,نكت وضحك من غير توقف,61145,17196.0,30976,164.0,4.0,2.0,
3720.0, تكنولوجيا بلس,تويتر(X),تقنية,صوره,2024-05-23,كل ما تريد معرفته عن الذكاء الاصطناعي,22042,2732.0,5346,56.0,5.0,1.0,0
684.0,ضحك ونكت,فيس بوك,ترفيه,ستوري,2025-05-21,أفضل خمس مشاهد كوميدية هذا العام,31886,4863.0,9236,224.0,12.0,34.0,
2395.0,جادجت العرب,تويتر,تقنيه,ريلز,2025-11-25,كل ما تريد معرفته عن الذكاء الاصطناعي,11195,1814.0,2520,9.0,0.0,1.0,نعم
3401.0,أخبار الرياضة  ,youtube,Sports,ستوري,,أخبار الانتقالات الصيفية,9189,5197.0,5261,264,18.0,7.0,
2141.0,بوابة الأحداث,youtube,أخبار,فيديو,28/09/2024,ملخص أهم الأخبار المحلية اليوم,46654,25714.0,28591,872.0,,117.0,
2057.0, وصفات ماما,يوتيوب ,طبخ,reels,2024-08-13,حلويات رمضان بمكونات بسيطة,6388,3607.0,5589,54.0,1.0,5.0,لا
2703.0,بوابة الأحداث,X,News,صورة,14-04-2024,بيان رسمي حول القرار الأخير,27103,16230.0,24624,1260.0,58.0,26.0,لا
229.0,اتعلم اونلاين,تويتر(X),تعليم,reels,2024-12-03,خطوات عملية لتعلم مهارة جديدة,53561,29762.0,47510,,157.0,622.0,
490.0,عالم التقنية ✅,تويتر (X),تقنيه,story,18-09-2025,نصائح لحماية حسابك من الاختراق,25541,,4713,230.0,7.0,23.0,نعم
3896.0,بوابة الأحداث ✅,youtube,News,reels,2025-11-04,تفاصيل جديدة حول الحدث الذي شغل الرأي العام,22940,12064.0,13137,425.0,63.0,83.0,
830.0,كوميديا العرب  ,تويتر (X),ترفيه,ستوري ,06/03/2024,  مقاطع مضحكة من كواليس التصوير   ,58302,23015.0,30007,2078.0,306.0,218.0,لا
3381.0,موضة اليوم  ,insta,موضة,فيديو ,2024-09-28,موديلات جديدة من أشهر الماركات,2904,1607.0,2052,41.0,5.0,,
386.0,أخبار مصر الآن,إنستغرام,اخبار,منشور نصي,2024-01-05,تفاصيل جديدة حول الحدث الذي شغل الرأي العام,143321,11105.0,22347,1200.0,157.0,67.0,No
2498.0,أخبار مصر الآن  ,إنستغرام,اخبار,Reel,2025-11-22,تفاصيل جديدة حول الحدث الذي شغل الرأي العام,18103,3373.0,3759,175.0,19.0,28.0,
2284.0,أزياء العرب,فيس بوك,أزياء,,2025-05-12,موديلات جديدة من أشهر الماركات,194474,44444.0,54191,4310.0,145.0,847.0,
16.0,أخبار مصر الآن,insta,اخبار,صوره,2025-07-06,بيان رسمي حول القرار الأخير,4976,1041.0,1242,107.0,10.0,18.0,
2934.0,فوازير  رمضان,فيسبوك ,Entertainment,صورة,17/07/2025,نكت وضحك من غير توقف,24593,6097.0,8103,385.0,13.0,31.0,
4200.0,فوازير رمضان  ,يوتيوب,ترفيه,فيديو ,2025-11-19,أطرف المواقف اللي حصلت الأسبوع ده,18396,3088.0,6789,193.0,,23.0,
1389.0,ملعب مصر  ,إنستغرام,كورة,ستوري,2025-03-04,تشكيلة المنتخب المتوقعة في المباراة القادمة,30496,16683.0,24887,862.0,67.0,135.0,
3692.0,ستايل بنات,X,موضة ,ستوري ,2024-11-25,نصائح لاختيار الألوان المناسبة لبشرتك,43875,18107.0,18407,954.0,80.0,150.0,1
1589.0, بوابة الأحداث,فيسبوك ,اخبار,text,2024-05-25,تفاصيل جديدة حول الحدث الذي شغل الرأي العام,11423,3985.0,8004,282.0,18.0,20.0,
4145.0, اتعلم اونلاين,تويتر,تعليم,reels,02/12/2024,خطوات عملية لتعلم مهارة جديدة,58890,21796.0,45726,1016.0,96.0,198.0,
1752.0,بوابة  الأحداث,TikTok,News,ريلز,30-09-2024,آخر التطورات في الساعات الماضية,93492,12811.0,15387,852.0,30.0,26.0,لا
1151.0,ستايل بنات,انستجرام,موضة,story,22/08/2025,أفكار تنسيق ملابس اقتصادية,32593,14973.0,26102,1126.0,137.0,110.0,
1305.0,عالم الطبخ,تويتر,طبخ ,ستوري ,14-02-2025,وصفة سريعة ولذيذة لعشاء اليوم,19598,,6435,631.0,39.0,44.0,
1232.0,أخبار الرياضة ✅,يوتيوب,كورة,reels,2024-06-01,أهم أحداث مباراة اليوم بالتفصيل,75514,22207.0,37419,896.0,89.0,149.0,نعم
2745.0,مطبخ سارة,انستجرام,طبخ ,صور,,حلويات رمضان بمكونات بسيطة,19530,2216.0,4196,68.0,9.0,4.0,
1793.0,جادجت  العرب,انستجرام,تكنولوجيا,ريلز,2024-10-20,  كل ما تريد معرفته عن الذكاء الاصطناعي   ,25159,9083.0,16029,549.0,79.0,72.0,0
1270.0,موضة اليوم,tiktok,موضة,فديو,26-10-2024,نصائح لاختيار الألوان المناسبة لبشرتك,8340,4792.0,9474,316.0,44.0,51.0,
3653.0,جادجت العرب  ,X,تكنولوجيا,reels,27/11/2025,مقارنة بين أفضل اللابتوبات لعام هذا,28163,3730.0,6435,134.0,19.0,10.0,
498.0,ضحك  ونكت,إنستغرام,ترفيه,ستوري ,10/08/2024,تحدي جديد بين المتابعين,184602,23568.0,39713,441.0,21.0,19.0,
353.0,ستايل بنات ✅,tiktok,أزياء,video,2024-10-11,موديلات جديدة من أشهر الماركات,35365,3278.0,4881,106.0,6.0,3.0,No
1839.0,أخبار الرياضة,تويتر,Sports,,2025-09-22,أخبار الانتقالات الصيفية,108823,39284.0,59851,"1,789",135.0,188.0,
2959.0,منصة التعليم  ,X,تعليم,,2024-12-19,كيف تذاكر بفعالية قبل الامتحانات,16890,7359.0,11936,329.0,45.0,8.0,
2491.0,اليوم السابع نيوز ✅,تيكتوك,News,video,10/06/2025,ملخص أهم الأخبار المحلية اليوم,164075,26493.0,47714,2028.0,259.0,381.0,
2.0,أخبار مصر الآن ✅,فيسبوك ,أخبار,video,31/01/2024,تفاصيل جديدة حول الحدث الذي شغل الرأي العام,31626,12037.0,22264,87.0,11.0,4.0,No
286.0,ستايل بنات ✅,انستجرام,أزياء,ريلز,2024-07-21,نصائح لاختيار الألوان المناسبة لبشرتك,284217,45687.0,59865,800.0,94.0,86.0,لا
1647.0,ضحك ونكت ✅,تيك توك,كوميدي,Reel,2024-08-21,أفضل خمس مشاهد كوميدية هذا العام,10960,5323.0,7980,66.0,2.0,2.0,
784.0,عالم التقنية,X,تقنيه,صورة,2025-11-25,كل ما تريد معرفته عن الذكاء الاصطناعي,77386,34183.0,41397,874.0,121.0,43.0,Yes
3003.0, اتعلم اونلاين,تيكتوك,تعليم ,text,2024-03-21,شرح مبسط لأهم قواعد اللغة العربية,32245,10944.0,15609,797.0,119.0,125.0,نعم
4043.0,عالم التقنية  ,تويتر,تقنية,ستوري,,نصائح لحماية حسابك من الاختراق,8878,2207.0,3511,83.0,4.0,10.0,
2397.0,أزياء العرب,youtube,موضة ,text,,موديلات جديدة من أشهر الماركات,36514,8858.0,17063,536.0,65.0,29.0,
69.0,اتعلم اونلاين  ,Facebook,تعليم,صورة,2024-07-31,خطوات عملية لتعلم مهارة جديدة,4342,1610.0,1760,187.0,20.0,20.0,
404.0,عالم الطبخ  ,تيك توك,طبخ,ستوري ,2025-09-04,أكلة اقتصادية وسهلة التحضير,11512,5747.0,6999,263.0,32.0,51.0,1
2803.0, ستايل بنات,فيسبوك ,أزياء,نص,2024-09-19,نصائح لاختيار الألوان المناسبة لبشرتك,127544,29073.0,37881,1056.0,70.0,11.0,0
798.0,جادجت العرب,Facebook,Tech,صور,15/12/2025,كل ما تريد معرفته عن الذكاء الاصطناعي,13819,5648.0,8394,267.0,5.0,48.0,
1375.0,مطبخ سارة ✅,تيك توك,أكل وطبخ,نص,2024-06-24,حلويات رمضان بمكونات بسيطة,2100,696.0,1257,24.0,0.0,1.0,نعم
3668.0, منصة التعليم,youtube,Education,ستوري ,2025-01-28,دورة مجانية لتعلم أساسيات البرمجة,67688,20364.0,40120,1482.0,126.0,212.0,لا
2024.0,اتعلم  اونلاين,إنستغرام,تعليم,فيديو,2024-02-27,شرح مبسط لأهم قواعد اللغة العربية,18470,8942.0,10745,361.0,52.0,29.0,No
178.0,ضحك ونكت ✅,youtube,Entertainment,منشور نصي,20/01/2025,نكت وضحك من غير توقف,37305,10009.0,11603,615.0,76.0,29.0,
954.0,ستايل بنات,يوتيوب ,موضة,ريلز,2025-05-04,نصائح لاختيار الألوان المناسبة لبشرتك,69974,12339.0,15294,98.0,5.0,1.0,0
2140.0, بوابة الأحداث,youtube,أخبار,نص,2024-03-04,تفاصيل جديدة حول الحدث الذي شغل الرأي العام,20915,7199.0,8325,615.0,54.0,66.0,Yes
1201.0,اليوم السابع نيوز  ,FB,اخبار,صورة,22/08/2025,تفاصيل جديدة حول الحدث الذي شغل الرأي العام,417158,241775.0,412798,11867.0,1668.0,1986.0,
3398.0, وصفات ماما,youtube,,فيديو ,05-06-2024,أكلة اقتصادية وسهلة التحضير,35738,10744.0,17386,681.0,71.0,42.0,
2301.0,تكنولوجيا  بلس,YouTube,Tech,فيديو,05/01/2024,كل ما تريد معرفته عن الذكاء الاصطناعي,13793,6622.0,8015,544.0,59.0,55.0,
1757.0,منصة  التعليم,Facebook,تعليم,ريلز,2024-08-10,دورة مجانية لتعلم أساسيات البرمجة,27547,2760.0,5244,52.0,1.0,1.0,لا
2607.0,مطبخ سارة  ,تويتر (X),Food,صور,10/10/2024,وصفة سريعة ولذيذة لعشاء اليوم,61547,20456.0,26587,987.0,148.0,130.0,0
1578.0,وصفات  ماما,انستغرام,Food,text,2024-01-18,أسرار المطبخ اللي محدش بيقولهالك,70677,35849.0,51552,515.0,10.0,,
2720.0, عالم الطبخ,فيس بوك,طبخ,ستوري,2025-06-30,أكلة اقتصادية وسهلة التحضير,16518,1046.0,2080,78.0,7.0,4.0,0
2242.0,اتعلم اونلاين ✅,FB,تعليم,video,18/03/2024,شرح مبسط لأهم قواعد اللغة العربية,75122,19519.0,36726,1856.0,227.0,79.0,
3804.0,ستايل بنات,Twitter,موضة,image,2024-09-17,أحدث صيحات الموضة لهذا الموسم,37261,18646.0,35224,1948.0,290.0,87.0,
2775.0,كورة كل يوم  ,tiktok,Sports,text,2024-06-11,أفضل اللقطات من الجولة الأخيرة,20603,11602.0,23167,637.0,59.0,77.0,
1508.0, كورة كل يوم,انستغرام,رياضة ,story,12/12/2025,أخبار الانتقالات الصيفية,30735,13653.0,23399,352.0,41.0,17.0,
1498.0, فوازير رمضان,انستغرام,ترفيه,صور,2025-09-28,مقاطع مضحكة من كواليس التصوير,311232,116113.0,239995,8143.0,693.0,661.0,1
4061.0,ضحك ونكت,تيكتوك,Entertainment,ستوري,2025-06-22,مقاطع مضحكة من كواليس التصوير,16422,6077.0,8399,231.0,17.0,31.0,
2494.0, تكنولوجيا بلس,يوتيوب ,تقنيه,صورة,12-01-2025,مقارنة بين أفضل اللابتوبات لعام هذا,24438,6434.0,8285,198.0,28.0,23.0,
3275.0, كوميديا العرب,Instagram,ترفيه,Reel,2025-03-28,تحدي جديد بين المتابعين,685694,296174.0,640314,19422.0,1153.0,554.0,
539.0, كوميديا العرب,FB,ترفيه,text,2024-10-11,نكت وضحك من غير توقف,17447,7891.0,15698,160.0,14.0,27.0,1
1331.0,عالم الطبخ,tiktok,طبخ,فديو,2025-04-08,أكلة اقتصادية وسهلة التحضير,49299,10224.0,12664,699.0,53.0,9.0,0
3904.0,جادجت العرب ✅,Instagram,تكنولوجيا,,,كل ما تريد معرفته عن الذكاء الاصطناعي,95666,18132.0,26462,288.0,31.0,48.0,
2500.0,تكنولوجيا بلس  ,يوتيوب ,تقنيه,منشور نصي,30-12-2025,خمس تطبيقات تساعدك في تنظيم وقتك,145487,46890.0,71194,1962.0,132.0,298.0,0
1613.0,فوازير رمضان,يوتيوب ,كوميدي,story,2025-10-02,أفضل خمس مشاهد كوميدية هذا العام,8149,1143.0,1467,50.0,7.0,4.0,نعم
1489.0,فوازير رمضان,إنستغرام,كوميدي,story,03/09/2025,أطرف المواقف اللي حصلت الأسبوع ده,36426,20192.0,37317,1127.0,54.0,13.0,
2019.0,موضة اليوم,انستغرام,موضة,image,07-01-2024,إطلالات بسيطة وأنيقة لكل يوم,43743,7442.0,12285,311.0,25.0,52.0,0
1745.0, مطبخ سارة,YouTube,أكل وطبخ,ستوري ,2024-12-06,أسرار المطبخ اللي محدش بيقولهالك,70415,29426.0,52555,1223.0,157.0,188.0,لا
4104.0,كوميديا العرب,X,Entertainment,ستوري ,2025-01-28,أطرف المواقف اللي حصلت الأسبوع ده,24537,11682.0,17268,961.0,52.0,19.0,
2944.0,أزياء العرب  ,تيك توك,موضة ,text,24/06/2024,أفكار تنسيق ملابس اقتصادية,240340,42774.0,76769,2313.0,252.0,32.0,No
3659.0,اليوم السابع نيوز ✅,تويتر (X),News,نص,30/07/2024,آخر التطورات في الساعات الماضية,159014,43875.0,70319,2812.0,250.0,142.0,
4044.0,منصة التعليم,youtube,تعليم,video,2025-04-28,دورة مجانية لتعلم أساسيات البرمجة,17732,9213.0,11690,502.0,46.0,39.0,
3177.0, ضحك ونكت,youtube,Entertainment,نص,2025-04-30,مقاطع مضحكة من كواليس التصوير,23364,4980.0,10517,264.0,39.0,29.0,No
834.0,وصفات ماما  ,Instagram,Food,صور,07/02/2024,طريقة عمل الكنافة بالقشطة خطوة بخطوة,48774,21583.0,44210,400.0,38.0,13.0,1
949.0,اليوم  السابع  نيوز,FB,News,منشور نصي,2025-07-23,ملخص أهم الأخبار المحلية اليوم,5471,1455.0,1768,102.0,8.0,2.0,نعم
511.0,أزياء  العرب,X,موضة,Reel,2024-03-29,إطلالات بسيطة وأنيقة لكل يوم,17697,4243.0,4396,425.0,60.0,25.0,
1394.0,ملعب  مصر,فيس بوك,Sports,ستوري ,2025-12-15,أخبار الانتقالات الصيفية,296382,138265.0,175928,2797.0,191.0,478.0,
1509.0,ملعب مصر ✅,تويتر,كورة,منشور نصي,07/11/2025,أهم أحداث مباراة اليوم بالتفصيل,27345,10046.0,20569,784.0,36.0,123.0,
2932.0,أكاديمية المعرفة,tiktok,تعليم ,صوره,2025-12-28,شرح مبسط لأهم قواعد اللغة العربية,69714,3917.0,5573,239.0,34.0,10.0,
3408.0,موضة اليوم  ,Twitter,موضة,story,2024-06-24,موديلات جديدة من أشهر الماركات,23078,10972.0,20686,485.0,63.0,28.0,
1332.0,تكنولوجيا بلس,تويتر,تقنية,story,2025-09-26,مقارنة بين أفضل اللابتوبات لعام هذا,17478,5522.0,8842,151.0,10.0,20.0,نعم
1310.0, اليوم السابع نيوز,انستجرام,اخبار,ستوري ,2024-06-04,آخر التطورات في الساعات الماضية,25507,5202.0,5863,66.0,6.0,10.0,1
3648.0,أخبار مصر الآن,youtube,اخبار,reels,29/02/2024,تفاصيل جديدة حول الحدث الذي شغل الرأي العام,28834,5425.0,9436,418.0,28.0,81.0,0
3314.0,تكنولوجيا بلس ✅,YouTube,تقنيه,ستوري,2025-09-30,نصائح لحماية حسابك من الاختراق,12547,3584.0,5209,96.0,10.0,9.0,
2929.0,عالم الطبخ,يوتيوب,أكل وطبخ,فيديو,2025-04-24,حلويات رمضان بمكونات بسيطة,103893,53827.0,97641,1786.0,140.0,61.0,1
2958.0,كوميديا العرب,Instagram,ترفيه,صورة,24/11/2025,أطرف المواقف اللي حصلت الأسبوع ده,18465,4229.0,5586,263.0,15.0,12.0,
3098.0,بوابة الأحداث  ,تيكتوك,اخبار,Reel,18-04-2024,ملخص أهم الأخبار المحلية اليوم,160517,12721.0,26462,1122.0,66.0,198.0,
2813.0,فوازير رمضان,يوتيوب ,ترفيه,صور,2025-03-31,مقاطع مضحكة من كواليس التصوير,6196,1315.0,1884,69,9.0,8.0,Yes
2540.0,اتعلم اونلاين,يوتيوب,تعليم ,video,31-08-2024,شرح مبسط لأهم قواعد اللغة العربية,35897,15790.0,34032,707.0,69.0,99.0,
2670.0,كوميديا العرب  ,FB,كوميدي,صور,14/08/2024,أطرف المواقف اللي حصلت الأسبوع ده,17577,1441.0,2914,112.0,7.0,9.0,
2881.0, عالم الطبخ,TikTok,طبخ,ريلز,2025-01-18,أسرار المطبخ اللي محدش بيقولهالك,37500,15482.0,25948,168.0,3.0,12.0,1
3173.0,عالم الطبخ,فيسبوك ,طبخ ,منشور نصي,2025-12-07,أكلة اقتصادية وسهلة التحضير,19597,8627.0,16528,711.0,97.0,20.0,0
4088.0,بوابة الأحداث ✅,YouTube,News,نص,2024-02-07,تغطية مباشرة لفعاليات المؤتمر,25553,8659.0,18703,214.0,12.0,27.0,
664.0,ملعب مصر  ,Facebook,كورة,video,23/12/2024,تشكيلة المنتخب المتوقعة في المباراة القادمة,24042,13224.0,26230,963.0,54.0,62.0,1
2823.0,ملعب مصر,youtube,رياضة,منشور نصي,02/12/2025,تشكيلة المنتخب المتوقعة في المباراة القادمة,137811,54264.0,94819,972.0,68.0,91.0,0
574.0,ستايل بنات ✅,TikTok,موضة,صوره,10-09-2025,موديلات جديدة من أشهر الماركات,69320,30616.0,43717,634.0,57.0,108.0,Yes
3512.0,اليوم السابع نيوز,Twitter,اخبار,ريلز,07/02/2024,تفاصيل جديدة حول الحدث الذي شغل الرأي العام,8869,4133.0,7517,175.0,9.0,2.0,0
3062.0,اليوم السابع نيوز  ,يوتيوب ,News,صوره,2024-07-12,تغطية مباشرة لفعاليات المؤتمر,5166,2717.0,3270,240.0,15.0,36.0,لا
3978.0,عالم الطبخ,تيكتوك,أكل وطبخ,منشور نصي,,طريقة عمل الكنافة بالقشطة خطوة بخطوة,29368,3109.0,3932,216.0,8.0,22.0,1
3825.0,مطبخ سارة,تويتر (X), طبخ,story,2024-04-09,حلويات رمضان بمكونات بسيطة,71824,16486.0,27298,602.0,83.0,71.0,Yes
3050.0,بوابة الأحداث ✅,إنستغرام,أخبار,ريلز,31-01-2025,تفاصيل جديدة حول الحدث الذي شغل الرأي العام,9406,2668.0,3530,233.0,22.0,29.0,نعم
3930.0, موضة اليوم,فيس بوك,موضة ,نص,2025-11-04,نصائح لاختيار الألوان المناسبة لبشرتك,79774,6838.0,14758,110.0,13.0,9.0,
3644.0,تكنولوجيا بلس,تيكتوك,تقنيه,صور,2025-08-22,مراجعة كاملة لأحدث هاتف صدر هذا الشهر,27575,11563.0,14522,409.0,42.0,46.0,
2188.0, اتعلم اونلاين,TikTok,تعليم,reels,2024-06-18,  نصائح للطلاب الجدد في الجامعة   ,40844,16675.0,27378,928.0,38.0,10.0,
3063.0,وصفات ماما  ,تيك توك, طبخ,ريلز,2024-01-30,طريقة عمل الكنافة بالقشطة خطوة بخطوة,26653,7303.0,11099,711.0,37.0,32.0,
2046.0,اليوم السابع نيوز,تيكتوك,أخبار,story,2024-08-11,بيان رسمي حول القرار الأخير,134206,23257.0,33279,609.0,75.0,97.0,نعم
283.0,تكنولوجيا بلس,X,,video,28-09-2024,مراجعة كاملة لأحدث هاتف صدر هذا الشهر,55760,4863.0,8993,207.0,16.0,21.0,Yes
259.0,كورة كل يوم ✅,Facebook,Sports,ريلز,2024-08-06,أهم أحداث مباراة اليوم بالتفصيل,49455,18530.0,29833,600.0,65.0,105.0,Yes
4101.0,منصة التعليم,تويتر,تعليم,ريلز,,شرح مبسط لأهم قواعد اللغة العربية,15037,6328.0,11238,82.0,8.0,8.0,
1812.0,ملعب  مصر,tiktok,كورة,فديو,05-09-2025,أخبار الانتقالات الصيفية,29037,5649.0,5955,21.0,1.0,0.0,
1798.0,وصفات ماما  ,Instagram,طبخ,صور,2024-10-30,طريقة عمل الكنافة بالقشطة خطوة بخطوة,175358,49854.0,88424,1042.0,153.0,113.0,
3168.0,أزياء العرب,YouTube,موضة ,نص,2025-05-17,أفكار تنسيق ملابس اقتصادية,48064,10373.0,18306,462.0,47.0,23.0,
726.0,أخبار الرياضة,تويتر (X),رياضة,Reel,2025-07-23,تحليل فني لأداء الفريق هذا الموسم,29227,6137.0,9593,459.0,20.0,15.0,لا
1637.0,اليوم  السابع  نيوز,tiktok,أخبار,story,24/07/2025,ملخص أهم الأخبار المحلية اليوم,13263,4543.0,6488,394.0,54.0,5.0,
678.0,اليوم السابع نيوز,يوتيوب ,اخبار,نص,2025-05-13,  تغطية مباشرة لفعاليات المؤتمر   ,189779,43708.0,63223,2969.0,426.0,445.0,
3034.0,ستايل بنات,تويتر (X),موضة ,reels,2025-01-29,نصائح لاختيار الألوان المناسبة لبشرتك,8875,5095.0,5921,105,10.0,13.0,
1153.0,مطبخ سارة ✅,يوتيوب ,طبخ,فديو,16/03/2025,أكلة اقتصادية وسهلة التحضير,31792,18516.0,35246,1115.0,90.0,148.0,
1347.0,كوميديا العرب,FB,ترفيه,image,2025-08-02,نكت وضحك من غير توقف,88597,43044.0,58890,,24.0,11.0,
56.0,اليوم السابع نيوز,X,News,فيديو,22/07/2024,تغطية مباشرة لفعاليات المؤتمر,20099,2144.0,4466,125.0,7.0,22.0,No
3367.0, كوميديا العرب,youtube,ترفيه,ستوري,27/04/2025,نكت وضحك من غير توقف,8456,494.0,905,14.0,1.0,1.0,1
1412.0, عالم الطبخ,تويتر(X),طبخ ,reels,2025-03-03,حلويات رمضان بمكونات بسيطة,13473,5704.0,10667,465.0,10.0,52.0,
3345.0,منصة التعليم  ,تويتر (X),Education,فيديو,2025-08-25,خطوات عملية لتعلم مهارة جديدة,43463,16668.0,20047,1679.0,202.0,316.0,Yes
2215.0,تكنولوجيا  بلس,فيسبوك,تقنيه,ريلز,2025-10-04,كل ما تريد معرفته عن الذكاء الاصطناعي,60008,34839.0,71443,2469.0,134.0,60.0,لا
86.0, اتعلم اونلاين,تويتر,Education,فيديو,27/10/2025,خطوات عملية لتعلم مهارة جديدة,37618,3144.0,4188,276.0,12.0,13.0,
1362.0,ستايل بنات  ,انستغرام,موضة ,image,27-01-2025,موديلات جديدة من أشهر الماركات,14185,1144.0,1931,94.0,2.0,10.0,نعم
889.0,فوازير رمضان ✅,انستجرام,Entertainment,video,28/01/2025,مقاطع مضحكة من كواليس التصوير,66804,29847.0,63560,2559.0,308.0,298.0,
4057.0,منصة التعليم ✅,X,تعليم,ريلز,06/08/2025,خطوات عملية لتعلم مهارة جديدة,147614,30560.0,67126,872.0,17.0,66.0,
1820.0,اتعلم اونلاين,YouTube,تعليم,فديو,04/12/2024,خطوات عملية لتعلم مهارة جديدة,21425,8472.0,17015,176.0,18.0,7.0,
1973.0,أكاديمية المعرفة,تويتر(X),تعليم ,نص,08/06/2024,دورة مجانية لتعلم أساسيات البرمجة,117854,69863.0,144219,2732.0,160.0,106.0,
2547.0,جادجت العرب,يوتيوب,تقنية,صور,2025-11-10,خمس تطبيقات تساعدك في تنظيم وقتك,14117,3600.0,4648,217.0,16.0,20.0,Yes
715.0,مطبخ سارة ✅,تيكتوك,أكل وطبخ,image,2025-03-23,أكلة اقتصادية وسهلة التحضير,12105,6851.0,9116,260.0,31.0,48.0,نعم
4115.0, ملعب مصر,يوتيوب,رياضة ,ستوري,25/07/2024,أهم أحداث مباراة اليوم بالتفصيل,19127,4977.0,6417,107.0,14.0,16.0,1
1057.0, عالم التقنية,TikTok,تكنولوجيا,فيديو ,20-07-2025,مراجعة كاملة لأحدث هاتف صدر هذا الشهر,7087,996.0,1819,43.0,2.0,5.0,
2287.0, فوازير رمضان,تيك توك,Entertainment,ستوري,,أطرف المواقف اللي حصلت الأسبوع ده,121573,49750.0,75822,,107.0,319.0,
4015.0,ملعب مصر ✅,tiktok,Sports,ريلز,2024-08-09,أفضل اللقطات من الجولة الأخيرة,27658,15822.0,25498,331.0,40.0,55.0,
2348.0,موضة اليوم,insta,موضة,فديو,,أفكار تنسيق ملابس اقتصادية,12616,5220.0,7255,261.0,16.0,44.0,نعم
2208.0,أكاديمية المعرفة ✅,تيكتوك,تعليم ,منشور نصي,,خطوات عملية لتعلم مهارة جديدة,25946,15472.0,33449,833.0,28.0,78.0,
2849.0,كوميديا العرب ✅,youtube,كوميدي,,28/01/2024,نكت وضحك من غير توقف,10921,856.0,978,21.0,0.0,1.0,1
618.0,ضحك  ونكت,tiktok,Entertainment,فيديو,2024-07-02,تحدي جديد بين المتابعين,185195,30478.0,43477,1982.0,147.0,154.0,لا
3786.0,ملعب مصر  ,انستغرام,رياضة,فيديو ,22-08-2024,تحليل فني لأداء الفريق هذا الموسم,197918,99796.0,177820,2232.0,190.0,239.0,1
124.0,أكاديمية المعرفة  ,Instagram,Education,video,29/08/2024,شرح مبسط لأهم قواعد اللغة العربية,74087,30927.0,38534,1147.0,24.0,30.0,1
3771.0,عالم  التقنية,Twitter,Tech,image,2025-03-27,كل ما تريد معرفته عن الذكاء الاصطناعي,157820,37079.0,45465,1037.0,58.0,117.0,
335.0,أخبار الرياضة,تويتر,Sports,صوره,,أخبار الانتقالات الصيفية,23473,1573.0,2305,22.0,2.0,2.0,
3416.0,فوازير رمضان,انستجرام,ترفيه,نص,2024-09-23,نكت وضحك من غير توقف,56798,29014.0,32978,1501.0,219.0,,
305.0,اتعلم اونلاين  ,Twitter,تعليم ,فديو,09/06/2024,كيف تذاكر بفعالية قبل الامتحانات,4135,2428.0,2750,80.0,9.0,14.0,0
2773.0,وصفات ماما,tiktok, طبخ,ستوري,2025-05-30,طريقة عمل الكنافة بالقشطة خطوة بخطوة,109034,30732.0,52756,2371.0,326.0,47.0,
981.0,جادجت  العرب,تويتر,تقنية,Reel,2024-12-28,مقارنة بين أفضل اللابتوبات لعام هذا,111852,56995.0,59981,1755.0,37.0,84.0,
4054.0,موضة اليوم ✅,X,موضة ,image,2024-01-27,أفكار تنسيق ملابس اقتصادية,15797,8916.0,18998,487.0,30.0,71.0,نعم
176.0,أكاديمية المعرفة ✅,يوتيوب,,صورة,2025-01-24,شرح مبسط لأهم قواعد اللغة العربية,77684,14225.0,31067,243.0,24.0,34.0,نعم
582.0,جادجت العرب  ,insta,تكنولوجيا,ستوري ,2025-10-25,مراجعة كاملة لأحدث هاتف صدر هذا الشهر,55074,5359.0,5725,76.0,,4.0,No
2957.0,فوازير رمضان ✅,إنستغرام,Entertainment,ستوري ,2025-10-12,أطرف المواقف اللي حصلت الأسبوع ده,13712,4895.0,7305,516.0,42.0,40.0,No
1617.0,أخبار  الرياضة,يوتيوب ,Sports,Reel,17/11/2025,أخبار الانتقالات الصيفية,137282,71516.0,81596,,215.0,398.0,Yes
1195.0,كوميديا العرب,Instagram,ترفيه,ستوري,11/02/2025,نكت وضحك من غير توقف,24943,4371.0,7433,162.0,14.0,7.0,Yes
2877.0,منصة التعليم ✅,تيكتوك,تعليم ,ريلز,27-12-2024,خطوات عملية لتعلم مهارة جديدة,58560,4154.0,8527,162.0,23.0,30.0,
1825.0, أخبار مصر الآن,انستجرام,اخبار,صور,2024-02-13,تغطية مباشرة لفعاليات المؤتمر,57276,25726.0,46540,750.0,,76.0,0
1880.0, كوميديا العرب,فيس بوك,Entertainment,story,2024-04-13,مقاطع مضحكة من كواليس التصوير,180035,72764.0,126276,5470.0,478.0,763.0,
1982.0,اتعلم اونلاين,FB,تعليم,ستوري ,2024-09-08,خطوات عملية لتعلم مهارة جديدة,71372,17936.0,24480,100.0,3.0,12.0,Yes
1862.0,مطبخ سارة,فيسبوك,طبخ,ريلز,27/06/2025,طريقة عمل الكنافة بالقشطة خطوة بخطوة,46408,3503.0,5813,199.0,10.0,12.0,
1351.0,ضحك  ونكت,youtube,ترفيه,Reel,2025-05-14,مقاطع مضحكة من كواليس التصوير,26916,13097.0,20402,873.0,62.0,110.0,Yes
4095.0,كورة كل يوم ✅,YouTube,رياضة,فديو,2025-06-25,أفضل اللقطات من الجولة الأخيرة,50446,16686.0,31079,1574.0,169.0,231.0,Yes
410.0,اليوم السابع نيوز  ,تويتر,اخبار,ستوري,2025-09-20,بيان رسمي حول القرار الأخير,55358,28846.0,53117,2108.0,301.0,219.0,
676.0,أخبار مصر الآن ✅,تيكتوك,اخبار,ستوري,2024-11-17,ملخص أهم الأخبار المحلية اليوم,65601,3498.0,5529,48.0,6.0,1.0,
298.0,أكاديمية المعرفة  ,TikTok,تعليم ,story,27/06/2024,دورة مجانية لتعلم أساسيات البرمجة,113536,26608.0,32156,2150.0,71.0,119.0,0
926.0, اليوم السابع نيوز,FB,اخبار,صوره,18/01/2025,  تغطية مباشرة لفعاليات المؤتمر   ,70196,34738.0,47022,-2205.0,152.0,148.0,
23.0,بوابة الأحداث  ,تيكتوك,أخبار,ستوري,09/03/2025,ملخص أهم الأخبار المحلية اليوم,147678,58841.0,96671,845.0,52.0,38.0,Yes
3558.0,ستايل بنات  ,تويتر(X),موضة ,Reel,2025-10-19,نصائح لاختيار الألوان المناسبة لبشرتك,32338,13319.0,19271,794.0,18.0,150.0,
3021.0,أزياء العرب ✅,tiktok,موضة,صورة,,موديلات جديدة من أشهر الماركات,134024,70321.0,85553,5018.0,742.0,867.0,
729.0,وصفات ماما  ,tiktok,طبخ,story,19/05/2025,طريقة عمل الكنافة بالقشطة خطوة بخطوة,47970,9834.0,12008,57.0,6.0,2.0,نعم
1308.0,اليوم السابع نيوز,فيس بوك,News,نص,2025-06-06,ملخص أهم الأخبار المحلية اليوم,26743,13297.0,28529,1428.0,123.0,111.0,نعم
3086.0,ملعب مصر,FB,رياضة,Reel,2025-12-10,أخبار الانتقالات الصيفية,7246,1486.0,2849,-24.0,3.0,4.0,Yes
672.0,عالم الطبخ,Facebook,أكل وطبخ,text,09/06/2025,أكلة اقتصادية وسهلة التحضير,8751,1384.0,1778,46.0,4.0,6.0,No
1673.0,فوازير رمضان ✅,يوتيوب ,Entertainment,ستوري,2025-06-16,أطرف المواقف اللي حصلت الأسبوع ده,23613,9146.0,12137,215,7.0,16.0,
1200.0,ستايل بنات  ,X,موضة,ريلز,,أفكار تنسيق ملابس اقتصادية,40501,9056.0,10000,187.0,14.0,25.0,
2230.0,عالم الطبخ  ,تيكتوك,طبخ,ريلز,2025-12-04,أسرار المطبخ اللي محدش بيقولهالك,325018,41426.0,75416,1633.0,175.0,216.0,
250.0,ستايل بنات  ,انستجرام,موضة,نص,25-08-2025,موديلات جديدة من أشهر الماركات,13744,5678.0,10886,122.0,3.0,23.0,
294.0,منصة التعليم ✅,Facebook,تعليم ,text,2025-12-21,دورة مجانية لتعلم أساسيات البرمجة,55470,32279.0,48460,3307.0,338.0,137.0,
2250.0,منصة  التعليم,tiktok,Education,منشور نصي,12/06/2024,نصائح للطلاب الجدد في الجامعة,8479,1345.0,1355,113.0,5.0,14.0,1
3274.0,فوازير رمضان,youtube,Entertainment,فديو,2024-06-14,تحدي جديد بين المتابعين,45258,5884.0,12764,60.0,4.0,11.0,1
127.0,جادجت  العرب,تيك توك,تقنيه,video,2024-03-19,نصائح لحماية حسابك من الاختراق,44847,21077.0,24620,1757.0,239.0,284.0,
2580.0,ضحك ونكت,insta,Entertainment,فديو,,مقاطع مضحكة من كواليس التصوير,24262,14117.0,21924,1240.0,180.0,203.0,0
2248.0,اليوم  السابع  نيوز,tiktok,أخبار,story,06/12/2024,آخر التطورات في الساعات الماضية,210260,14697.0,18994,321.0,24.0,47.0,1
3726.0,أخبار مصر الآن,Twitter,اخبار,نص,2024-06-06,ملخص أهم الأخبار المحلية اليوم,23846,9863.0,10224,912.0,63.0,66.0,No
4000.0,موضة  اليوم,يوتيوب ,موضة ,فيديو,11-10-2024,موديلات جديدة من أشهر الماركات,44652,26740.0,39966,133.0,12.0,25.0,Yes
693.0,تكنولوجيا بلس,يوتيوب ,Tech,video,2024-06-24,كل ما تريد معرفته عن الذكاء الاصطناعي,38151,7340.0,7805,421.0,24.0,46.0,
687.0,اتعلم اونلاين  ,Twitter,Education,ريلز,,نصائح للطلاب الجدد في الجامعة,94873,33477.0,39629,2495.0,287.0,389.0,
818.0,ملعب مصر,يوتيوب ,رياضة,ستوري ,10-11-2025,أخبار الانتقالات الصيفية,37630,5498.0,9773,162.0,19.0,22.0,
217.0,عالم الطبخ ✅,فيس بوك,طبخ,Reel,2024-04-05,أكلة اقتصادية وسهلة التحضير,30173,1900.0,3363,116.0,5.0,9.0,
153.0, منصة التعليم,فيس بوك,تعليم,صور,2025-09-11,نصائح للطلاب الجدد في الجامعة,20905,3618.0,5949,220.0,7.0,38.0,
3645.0,أكاديمية المعرفة  ,فيس بوك,تعليم ,ستوري ,2024-03-30,خطوات عملية لتعلم مهارة جديدة,2695,873.0,1328,56.0,5.0,8.0,
1993.0,كوميديا العرب,تويتر,Entertainment,text,05/05/2024,تحدي جديد بين المتابعين,66511,24729.0,31105,2645.0,82.0,459.0,
3169.0,منصة التعليم  ,انستجرام,,نص,2024-10-24,كيف تذاكر بفعالية قبل الامتحانات,91928,24136.0,39654,1420.0,82.0,142.0,
2009.0,وصفات ماما ✅,TikTok,طبخ ,video,2025-12-02,وصفة سريعة ولذيذة لعشاء اليوم,24968,7866.0,8266,351.0,42.0,27.0,
479.0,كورة كل يوم  ,TikTok,Sports,ستوري ,11-05-2025,  أخبار الانتقالات الصيفية   ,124352,18484.0,34124,919.0,118.0,38.0,لا
1283.0, اتعلم اونلاين,تويتر(X),تعليم ,Reel,22/03/2024,كيف تذاكر بفعالية قبل الامتحانات,23029,11870.0,22300,829,60.0,43.0,لا
1605.0,كورة كل يوم ✅,تيك توك,كورة,فيديو,2024-02-08,أفضل اللقطات من الجولة الأخيرة,6573,564.0,597,6.0,0.0,0.0,No
3068.0,ضحك  ونكت,youtube,Entertainment,story,22/04/2024,أفضل خمس مشاهد كوميدية هذا العام,19612,3708.0,7010,35.0,2.0,5.0,لا
1667.0,فوازير رمضان ✅,insta,Entertainment,نص,2024-07-18,أفضل خمس مشاهد كوميدية هذا العام,29712,11738.0,19713,725.0,40.0,40.0,
3595.0,أكاديمية المعرفة  ,Facebook,تعليم ,ريلز,2025-05-13,نصائح للطلاب الجدد في الجامعة,373803,69789.0,113466,415.0,39.0,18.0,
813.0,ضحك ونكت,يوتيوب,ترفيه,صوره,,  نكت وضحك من غير توقف   ,81959,40196.0,61956,2940.0,246.0,136.0,Yes
251.0, منصة التعليم,تيكتوك,تعليم ,text,2025-06-29,دورة مجانية لتعلم أساسيات البرمجة,98326,38697.0,56432,719,71.0,113.0,Yes
844.0,تكنولوجيا بلس,Twitter,تقنية,video,16/11/2024,مراجعة كاملة لأحدث هاتف صدر هذا الشهر,28346,9103.0,9998,245.0,36.0,19.0,لا
2126.0,ضحك ونكت  ,X,Entertainment,صوره,21-02-2025,تحدي جديد بين المتابعين,82017,13838.0,25617,1286.0,127.0,29.0,
3409.0, أزياء العرب,تيكتوك,موضة,فيديو,2025-01-06,نصائح لاختيار الألوان المناسبة لبشرتك,19848,5930.0,11984,527.0,29.0,64.0,No
2033.0,كورة  كل  يوم,يوتيوب,Sports,فيديو ,03/07/2024,أفضل اللقطات من الجولة الأخيرة,320398,34625.0,75817,778.0,68.0,87.0,
968.0,ستايل بنات,youtube,موضة ,image,2025-05-30,إطلالات بسيطة وأنيقة لكل يوم,75246,38163.0,73277,1298.0,115.0,13.0,لا
3500.0,مطبخ سارة  ,tiktok,أكل وطبخ,منشور نصي,2025-02-19,أكلة اقتصادية وسهلة التحضير,50411,11609.0,14681,589.0,41.0,95.0,1
973.0,أزياء العرب ✅,تيك توك,أزياء,فيديو ,14/07/2024,موديلات جديدة من أشهر الماركات,278138,133835.0,197241,7006.0,989.0,579.0,0
1897.0,وصفات ماما  ,tiktok,طبخ ,فيديو ,2024-12-01,طريقة عمل الكنافة بالقشطة خطوة بخطوة,34541,3371.0,5767,210.0,19.0,34.0,1
2236.0,أخبار مصر الآن ✅,YouTube,أخبار,فيديو,2025-10-29,تفاصيل جديدة حول الحدث الذي شغل الرأي العام,93520,8975.0,17834,124,14.0,7.0,
247.0,مطبخ سارة ✅,insta,طبخ ,فيديو ,26/10/2024,أسرار المطبخ اللي محدش بيقولهالك,37496,4971.0,9369,277.0,,7.0,No
2705.0, أخبار الرياضة,إنستغرام,رياضة,صوره,16/08/2025,تحليل فني لأداء الفريق هذا الموسم,84950,6722.0,7354,37.0,4.0,1.0,
2204.0,أكاديمية المعرفة ✅,FB,Education,reels,2025-06-21,دورة مجانية لتعلم أساسيات البرمجة,52322,24031.0,39371,1364.0,198.0,161.0,No
717.0,عالم التقنية,insta,تكنولوجيا,فيديو ,28-01-2024,كل ما تريد معرفته عن الذكاء الاصطناعي,140234,82336.0,119604,"6,193",823.0,274.0,
3146.0,أكاديمية  المعرفة,انستغرام,تعليم,ريلز,2024-04-08,كيف تذاكر بفعالية قبل الامتحانات,98176,39343.0,84406,3202.0,390.0,474.0,
3092.0,مطبخ سارة,تيكتوك,,ستوري ,08/06/2025,أسرار المطبخ اللي محدش بيقولهالك,20710,6594.0,7886,311.0,42.0,3.0,لا
2332.0,ضحك ونكت ✅,youtube,Entertainment,صورة,2025-04-19,أفضل خمس مشاهد كوميدية هذا العام,30474,2205.0,3496,91.0,13.0,15.0,
3617.0,أخبار مصر الآن,تيكتوك,News,ستوري ,27-05-2024,آخر التطورات في الساعات الماضية,39405,18243.0,28033,1109.0,110.0,184.0,
3144.0,جادجت العرب,insta,تقنيه,Reel,17/08/2024,خمس تطبيقات تساعدك في تنظيم وقتك,70598,39164.0,56043,3894.0,330.0,369.0,
3462.0,اتعلم اونلاين,Instagram,Education,Reel,2025-03-09,شرح مبسط لأهم قواعد اللغة العربية,116462,51122.0,97414,3219.0,424.0,329.0,
1506.0, بوابة الأحداث,تويتر(X),News,ريلز,2024-02-01,تفاصيل جديدة حول الحدث الذي شغل الرأي العام,16947,5263.0,7880,370.0,7.0,49.0,No
2952.0, أكاديمية المعرفة,فيس بوك,تعليم,منشور نصي,2024-05-10,نصائح للطلاب الجدد في الجامعة,16044,7362.0,7742,692.0,88.0,26.0,
1346.0,موضة اليوم  ,Facebook,موضة ,ريلز,25-06-2024,موديلات جديدة من أشهر الماركات,19990,4427.0,7815,16.0,2.0,2.0,
3620.0,كورة كل يوم  ,تويتر (X),كورة,text,04/02/2025,تحليل فني لأداء الفريق هذا الموسم,104938,43518.0,81153,1087.0,148.0,150.0,لا
976.0,مطبخ سارة ✅,فيسبوك ,طبخ ,صورة,14/09/2024,أسرار المطبخ اللي محدش بيقولهالك,78835,44842.0,72835,3386.0,125.0,420.0,1
3672.0,ضحك ونكت  ,Twitter,Entertainment,منشور نصي,2025-11-13,أفضل خمس مشاهد كوميدية هذا العام,63432,3468.0,4386,163.0,22.0,12.0,
1646.0,أكاديمية المعرفة,Twitter,Education,image,2024-03-18,كيف تذاكر بفعالية قبل الامتحانات,22581,1180.0,1209,48.0,5.0,5.0,
1680.0,أزياء العرب,تيكتوك,,صوره,29-09-2024,أحدث صيحات الموضة لهذا الموسم,113148,39883.0,59668,471.0,52.0,59.0,0
3277.0,منصة التعليم,Instagram,تعليم ,نص,2024-03-22,كيف تذاكر بفعالية قبل الامتحانات,17910,4469.0,6657,-352.0,24.0,55.0,نعم
123.0,تكنولوجيا بلس ✅,تيك توك,تكنولوجيا,منشور نصي,2024-08-14,خمس تطبيقات تساعدك في تنظيم وقتك,10698,1120.0,1446,92.0,11.0,7.0,لا
1535.0,اتعلم اونلاين,تيك توك,تعليم ,story,2025-09-16,دورة مجانية لتعلم أساسيات البرمجة,38271,17780.0,27152,1100.0,75.0,143.0,لا
3695.0,منصة التعليم ✅,YouTube,Education,ستوري ,2024-01-21,نصائح للطلاب الجدد في الجامعة,7419,3924.0,8061,111,4.0,8.0,Yes
3859.0,أخبار مصر الآن ✅,تويتر(X),أخبار,صور,24/01/2024,ملخص أهم الأخبار المحلية اليوم,63808,34969.0,51450,1409.0,143.0,116.0,
3601.0, أخبار الرياضة,يوتيوب,رياضة ,فيديو,,تحليل فني لأداء الفريق هذا الموسم,29111,6283.0,12164,403.0,33.0,55.0,
2101.0,ملعب مصر,TikTok,رياضة ,منشور نصي,12-01-2024,أخبار الانتقالات الصيفية,36897,11456.0,24579,177.0,22.0,10.0,Yes
870.0,بوابة الأحداث  ,youtube,News,story,25/12/2025,بيان رسمي حول القرار الأخير,9051,5190.0,7181,518.0,33.0,13.0,1
3707.0,فوازير  رمضان,انستجرام,كوميدي,ريلز,2025-07-20,أطرف المواقف اللي حصلت الأسبوع ده,23496,7386.0,10031,338.0,15.0,26.0,Yes
1031.0,كوميديا العرب  ,X,ترفيه,منشور نصي,2024-11-20,نكت وضحك من غير توقف,8276,1438.0,1881,-64.0,8.0,5.0,1
2695.0,أخبار مصر الآن,Facebook,أخبار,نص,2025-01-15,تغطية مباشرة لفعاليات المؤتمر,14443,8079.0,13621,93,13.0,4.0,
757.0,ضحك  ونكت,TikTok,كوميدي,Reel,2024-10-06,أطرف المواقف اللي حصلت الأسبوع ده,77244,10505.0,19982,524.0,42.0,38.0,Yes
1999.0,مطبخ سارة  ,تيك توك, طبخ,story,13/06/2025,أكلة اقتصادية وسهلة التحضير,43661,24615.0,46980,287.0,20.0,12.0,
1157.0,موضة اليوم,تيكتوك,موضة ,نص,28/05/2025,نصائح لاختيار الألوان المناسبة لبشرتك,29266,7851.0,14856,425.0,,22.0,
2116.0,فوازير  رمضان,Facebook,Entertainment,صورة,2025-11-28,مقاطع مضحكة من كواليس التصوير,61114,24709.0,51934,1093.0,106.0,203.0,
3417.0,ستايل بنات  ,تويتر (X),موضة ,ريلز,01-07-2025,إطلالات بسيطة وأنيقة لكل يوم,13635,1643.0,3134,117.0,2.0,18.0,
333.0,وصفات ماما ✅,إنستغرام,طبخ ,image,20-05-2024,أسرار المطبخ اللي محدش بيقولهالك,6745,2849.0,4920,91.0,13.0,8.0,
1593.0,,فيسبوك,رياضة,text,2024-08-15,أهم أحداث مباراة اليوم بالتفصيل,105047,57611.0,92618,3731.0,478.0,123.0,
2385.0,فوازير رمضان,تيكتوك,ترفيه,فيديو ,2025-06-28,أفضل خمس مشاهد كوميدية هذا العام,43031,16388.0,31199,735.0,20.0,19.0,نعم
2961.0,منصة التعليم  ,youtube,,ستوري ,2025-11-25,نصائح للطلاب الجدد في الجامعة,51281,21252.0,40293,1612.0,192.0,192.0,No
1576.0, وصفات ماما,يوتيوب ,Food,صوره,2024-07-11,وصفة سريعة ولذيذة لعشاء اليوم,96761,11204.0,16806,95.0,7.0,6.0,نعم
3262.0,ملعب مصر,تويتر,كورة,story,31-10-2024,تحليل فني لأداء الفريق هذا الموسم,48217,24278.0,46398,717.0,46.0,99.0,Yes
473.0, عالم الطبخ,Facebook, طبخ,reels,18/11/2025,  أكلة اقتصادية وسهلة التحضير   ,67647,31744.0,33227,2725.0,254.0,350.0,
902.0,اليوم السابع نيوز,تيك توك,News,video,2024-05-12,بيان رسمي حول القرار الأخير,75277,6523.0,14339,47,3.0,7.0,
866.0, موضة اليوم,تويتر,موضة ,text,2025-07-17,موديلات جديدة من أشهر الماركات,111566,57277.0,91703,4313.0,256.0,566.0,
4094.0,ملعب مصر  ,TikTok,Sports,منشور نصي,30-11-2025,تشكيلة المنتخب المتوقعة في المباراة القادمة,21383,2520.0,3281,146.0,13.0,3.0,نعم
2526.0,كورة كل يوم,FB,كورة,reels,2025-09-23,أفضل اللقطات من الجولة الأخيرة,30806,5558.0,10176,366.0,19.0,25.0,
1330.0, أكاديمية المعرفة,فيسبوك,تعليم,video,14-07-2024,كيف تذاكر بفعالية قبل الامتحانات,66699,25175.0,51524,198.0,8.0,28.0,نعم
1343.0,بوابة الأحداث,YouTube,News,story,2025-01-17,بيان رسمي حول القرار الأخير,18010,2581.0,4806,189.0,21.0,28.0,
742.0,جادجت  العرب,تيكتوك,Tech,story,2025-08-20,  خمس تطبيقات تساعدك في تنظيم وقتك   ,88615,36027.0,58122,1999.0,188.0,347.0,Yes
4164.0,ضحك ونكت,Twitter,Entertainment,Reel,01/01/2024,أفضل خمس مشاهد كوميدية هذا العام,393149,32589.0,46494,2585.0,173.0,120.0,
4010.0,أكاديمية المعرفة,تويتر (X),تعليم ,منشور نصي,2024-04-24,كيف تذاكر بفعالية قبل الامتحانات,15227,3362.0,6613,127.0,9.0,6.0,
2181.0,مطبخ سارة,يوتيوب,,Reel,25-11-2024,طريقة عمل الكنافة بالقشطة خطوة بخطوة,51590,4953.0,6577,160.0,8.0,3.0,1
4171.0, فوازير رمضان,فيسبوك ,ترفيه,صورة,19-03-2024,مقاطع مضحكة من كواليس التصوير,19027,7947.0,10551,36.0,5.0,2.0,
3030.0, ضحك ونكت,YouTube,كوميدي,فديو,2025-02-17,نكت وضحك من غير توقف,120270,43147.0,87507,3121.0,298.0,132.0,لا
3119.0,موضة  اليوم,انستغرام,موضة,ستوري ,2025-05-12,نصائح لاختيار الألوان المناسبة لبشرتك,14717,2606.0,5668,161.0,13.0,8.0,نعم
1629.0,عالم الطبخ ✅,يوتيوب,أكل وطبخ,منشور نصي,09-05-2024,حلويات رمضان بمكونات بسيطة,106737,18547.0,29158,284.0,12.0,22.0,
3874.0,أكاديمية المعرفة  ,tiktok,,ستوري ,2025-11-22,شرح مبسط لأهم قواعد اللغة العربية,180214,37194.0,66350,992.0,34.0,178.0,
2439.0, اليوم السابع نيوز,تويتر,أخبار,صوره,2025-07-10,آخر التطورات في الساعات الماضية,171674,75211.0,85942,5421.0,218.0,932.0,
1150.0,وصفات ماما,YouTube,طبخ,ستوري,2024-09-29,أسرار المطبخ اللي محدش بيقولهالك,30409,15866.0,25290,279.0,13.0,26.0,لا
3696.0,مطبخ سارة,يوتيوب ,Food,ستوري ,16-05-2025,أكلة اقتصادية وسهلة التحضير,309273,111442.0,199274,"4,165",591.0,557.0,0
3854.0,جادجت العرب,تيكتوك,تقنيه,story,2024-09-19,كل ما تريد معرفته عن الذكاء الاصطناعي,38896,5695.0,9803,371.0,9.0,67.0,
257.0,أخبار الرياضة,Twitter,كورة,video,12-04-2025,تحليل فني لأداء الفريق هذا الموسم,70465,10399.0,17200,1198.0,30.0,49.0,No
2599.0,مطبخ  سارة,يوتيوب,Food,ريلز,,أسرار المطبخ اللي محدش بيقولهالك,66147,39042.0,71166,2849.0,108.0,272.0,
634.0,ضحك ونكت ✅,X,كوميدي,text,2024-08-02,أطرف المواقف اللي حصلت الأسبوع ده,27332,7792.0,13825,489.0,35.0,29.0,1
2947.0,مطبخ سارة ✅,Facebook,طبخ ,صور,2025-01-01,أكلة اقتصادية وسهلة التحضير,18956,8628.0,12837,100.0,9.0,7.0,
2338.0, أكاديمية المعرفة,FB,Education,,15-12-2025,نصائح للطلاب الجدد في الجامعة,19390,2705.0,3360,280.0,27.0,43.0,نعم
3655.0,ضحك  ونكت,تويتر (X),Entertainment,صورة,2024-03-17,مقاطع مضحكة من كواليس التصوير,51114,12920.0,26847,,84.0,150.0,نعم
778.0,فوازير  رمضان,insta,كوميدي,فيديو,28/03/2025,مقاطع مضحكة من كواليس التصوير,40130,14980.0,30086,65.0,6.0,10.0,
3584.0,منصة  التعليم,تويتر(X),تعليم ,فديو,2025-05-20,نصائح للطلاب الجدد في الجامعة,13640,3829.0,7581,103.0,10.0,20.0,لا
2102.0,,تويتر(X),كوميدي,ستوري,14-03-2025,أطرف المواقف اللي حصلت الأسبوع ده,43499,21296.0,28235,151.0,6.0,23.0,1
558.0,بوابة الأحداث,فيسبوك,اخبار,نص,2024-02-07,آخر التطورات في الساعات الماضية,60817,25494.0,33773,364.0,14.0,71.0,
1851.0,أخبار  مصر  الآن,يوتيوب,News,فيديو,07/11/2024,ملخص أهم الأخبار المحلية اليوم,43604,11565.0,24886,458.0,60.0,42.0,
1986.0,ستايل  بنات,فيس بوك,موضة ,فديو,30/05/2024,نصائح لاختيار الألوان المناسبة لبشرتك,139285,,110288,4997.0,717.0,561.0,لا
2089.0,جادجت العرب,تيكتوك,تكنولوجيا,فيديو,2025-11-26,خمس تطبيقات تساعدك في تنظيم وقتك,79799,45877.0,57491,2519.0,131.0,312.0,
3293.0,عالم  الطبخ,FB,طبخ,Reel,2025-02-08,أكلة اقتصادية وسهلة التحضير,11151,2428.0,4792,178.0,17.0,6.0,Yes
262.0,أكاديمية المعرفة,انستغرام,تعليم,ستوري,25/02/2025,نصائح للطلاب الجدد في الجامعة,15513,3807.0,7387,157.0,18.0,2.0,No
2667.0,تكنولوجيا بلس ✅,إنستغرام,تكنولوجيا,صورة,18/10/2025,مراجعة كاملة لأحدث هاتف صدر هذا الشهر,346886,127296.0,201269,11169.0,1386.0,1780.0,
2132.0,أكاديمية المعرفة,Instagram,تعليم ,فديو,05-02-2025,كيف تذاكر بفعالية قبل الامتحانات,248258,135062.0,237150,11384.0,,1792.0,
2272.0,كوميديا العرب,YouTube,Entertainment,فيديو ,01-11-2025,أفضل خمس مشاهد كوميدية هذا العام,20135,5239.0,9310,489.0,72.0,32.0,لا
3690.0, اليوم السابع نيوز,FB,اخبار,video,2025-09-27,تغطية مباشرة لفعاليات المؤتمر,14652,4383.0,8120,,30.0,31.0,
1890.0,كوميديا العرب,Twitter,Entertainment,فيديو,2025-06-19,أطرف المواقف اللي حصلت الأسبوع ده,52684,8120.0,10181,512.0,31.0,13.0,Yes
3043.0,منصة  التعليم,تويتر(X),تعليم ,reels,2024-06-30,نصائح للطلاب الجدد في الجامعة,82999,36749.0,55674,2142.0,88.0,87.0,
3085.0,جادجت العرب,insta,تكنولوجيا,ستوري,2024-04-05,كل ما تريد معرفته عن الذكاء الاصطناعي,9122,2763.0,4938,58.0,2.0,5.0,
2079.0,كوميديا العرب  ,يوتيوب ,ترفيه,ستوري ,2024-02-02,أطرف المواقف اللي حصلت الأسبوع ده,30308,12682.0,19832,403.0,20.0,11.0,
3222.0,فوازير  رمضان,فيسبوك,كوميدي,فيديو ,2025-04-03,نكت وضحك من غير توقف,134006,16250.0,19968,1390.0,141.0,124.0,
3684.0,اتعلم اونلاين ✅,تويتر (X),تعليم ,story,,نصائح للطلاب الجدد في الجامعة,40307,16606.0,30654,1493.0,120.0,243.0,Yes
4139.0,وصفات ماما  ,insta,طبخ,ريلز,23-11-2025,أسرار المطبخ اللي محدش بيقولهالك,192082,96820.0,144103,5865.0,449.0,1056.0,
209.0,تكنولوجيا بلس,tiktok,Tech,ستوري,2025-01-03,مقارنة بين أفضل اللابتوبات لعام هذا,77569,14266.0,30136,165.0,10.0,4.0,
4077.0,وصفات  ماما,تويتر,أكل وطبخ,فديو,17-12-2024,حلويات رمضان بمكونات بسيطة,49349,8590.0,14754,165.0,13.0,27.0,
1914.0,أخبار الرياضة,فيسبوك ,رياضة,فديو,2024-09-25,تشكيلة المنتخب المتوقعة في المباراة القادمة,45452,8609.0,18102,427.0,19.0,59.0,No
1607.0,اتعلم  اونلاين,يوتيوب ,Education,صورة,19-05-2025,كيف تذاكر بفعالية قبل الامتحانات,13247,5133.0,8974,235.0,34.0,39.0,No
1021.0,جادجت العرب,تيكتوك,Tech,منشور نصي,06-11-2025,نصائح لحماية حسابك من الاختراق,11910,1216.0,2639,35.0,3.0,0.0,نعم
4076.0,اتعلم اونلاين,يوتيوب,Education,ستوري,14-07-2025,كيف تذاكر بفعالية قبل الامتحانات,26680,14472.0,20715,407.0,19.0,46.0,
1404.0,وصفات ماما,فيس بوك,طبخ ,ستوري,01/03/2024,وصفة سريعة ولذيذة لعشاء اليوم,55883,30499.0,61019,1772.0,144.0,149.0,
3520.0,أخبار الرياضة  ,تويتر,كورة,text,27-11-2024,تحليل فني لأداء الفريق هذا الموسم,228304,17177.0,33890,695.0,68.0,99.0,لا
2727.0,منصة التعليم  ,تويتر(X),تعليم,منشور نصي,19/12/2025,  خطوات عملية لتعلم مهارة جديدة   ,15621,7327.0,10539,755.0,17.0,149.0,Yes
2097.0,موضة اليوم  ,YouTube,أزياء,صورة,2025-06-24,موديلات جديدة من أشهر الماركات,69059,8542.0,9449,761.0,100.0,16.0,لا
210.0, منصة التعليم,Instagram,تعليم,فديو,2024-05-29,خطوات عملية لتعلم مهارة جديدة,48107,15260.0,19962,416.0,51.0,46.0,
2942.0,بوابة الأحداث,يوتيوب,أخبار,reels,2024-10-04,ملخص أهم الأخبار المحلية اليوم,42023,19657.0,27792,293.0,19.0,56.0,0
154.0,أكاديمية  المعرفة,tiktok,Education,فيديو,2024-09-12,كيف تذاكر بفعالية قبل الامتحانات,68386,13409.0,15492,1412.0,186.0,231.0,Yes
3741.0,اتعلم  اونلاين,tiktok,Education,ستوري ,2025-06-02,كيف تذاكر بفعالية قبل الامتحانات,81678,26844.0,47785,2025.0,287.0,396.0,1
1591.0,أخبار الرياضة,Twitter,رياضة,story,24/08/2024,تحليل فني لأداء الفريق هذا الموسم,13485,5935.0,12021,302.0,14.0,7.0,1
2443.0,فوازير رمضان,X,كوميدي,reels,2024-07-31,أفضل خمس مشاهد كوميدية هذا العام,55658,29261.0,48093,828.0,53.0,59.0,
1148.0,اليوم السابع نيوز ✅,فيسبوك ,News,ستوري ,03-12-2024,آخر التطورات في الساعات الماضية,127433,9198.0,11418,172.0,12.0,18.0,1
1968.0,جادجت العرب  ,FB,Tech,video,13/04/2024,خمس تطبيقات تساعدك في تنظيم وقتك,20461,8780.0,15813,435.0,12.0,75.0,لا
2317.0,أكاديمية المعرفة,تيك توك,Education,ستوري ,2025-05-03,كيف تذاكر بفعالية قبل الامتحانات,67011,30008.0,32552,-2189.0,301.0,176.0,
2434.0,جادجت  العرب,انستغرام,تقنيه,نص,2024-03-23,مراجعة كاملة لأحدث هاتف صدر هذا الشهر,34646,3227.0,6014,144.0,8.0,7.0,
1634.0,وصفات  ماما,تيك توك,طبخ ,فيديو ,2024-04-26,أكلة اقتصادية وسهلة التحضير,30111,10335.0,11576,684.0,21.0,29.0,لا
2090.0,بوابة الأحداث,تويتر,اخبار,ستوري,,بيان رسمي حول القرار الأخير,57502,11021.0,15431,498.0,39.0,,
598.0,أخبار مصر الآن  ,تويتر(X),News,صورة,2024-10-22,ملخص أهم الأخبار المحلية اليوم,2886,179.0,390,2.0,0.0,0.0,
1932.0,كورة  كل  يوم,tiktok,كورة,ستوري ,03/07/2025,أهم أحداث مباراة اليوم بالتفصيل,17240,8631.0,11488,268.0,25.0,20.0,Yes
1657.0,فوازير رمضان  ,فيسبوك ,كوميدي,text,2024-01-16,نكت وضحك من غير توقف,32984,17720.0,35743,440.0,12.0,74.0,
681.0,بوابة الأحداث  ,X,News,فيديو ,2025-04-27,  ملخص أهم الأخبار المحلية اليوم   ,41900,19659.0,38810,673.0,87.0,53.0,No
3348.0,وصفات ماما,تويتر,أكل وطبخ,image,2024-08-04,أسرار المطبخ اللي محدش بيقولهالك,10065,5771.0,10242,260.0,19.0,14.0,
2573.0,بوابة الأحداث  ,تويتر (X),News,منشور نصي,22/08/2024,تغطية مباشرة لفعاليات المؤتمر,62473,31957.0,61069,2323.0,104.0,439.0,
1566.0,جادجت  العرب,YouTube,تقنية,منشور نصي,2025-10-04,مقارنة بين أفضل اللابتوبات لعام هذا,43687,22828.0,33881,775.0,54.0,136.0,
3757.0,اليوم السابع نيوز,Instagram,News,فديو,2025-02-11,ملخص أهم الأخبار المحلية اليوم,21394,10527.0,23125,98.0,2.0,3.0,نعم
1329.0,مطبخ سارة,youtube,طبخ ,reels,2024-04-20,طريقة عمل الكنافة بالقشطة خطوة بخطوة,15576,4566.0,4957,203.0,14.0,14.0,
2088.0, تكنولوجيا بلس,فيسبوك ,تقنية,text,2024-12-26,خمس تطبيقات تساعدك في تنظيم وقتك,47154,20810.0,31254,1776.0,199.0,274.0,
3342.0, بوابة الأحداث,tiktok,News,صورة,,تغطية مباشرة لفعاليات المؤتمر,28970,16782.0,25487,1111.0,30.0,212.0,
1519.0, موضة اليوم,Twitter,موضة,فديو,25-08-2024,إطلالات بسيطة وأنيقة لكل يوم,55465,,22182,1008.0,27.0,191.0,
3065.0,فوازير رمضان  ,X,كوميدي,story,2025-10-08,تحدي جديد بين المتابعين,8473,727.0,798,13.0,1.0,0.0,No
2288.0,مطبخ سارة  ,TikTok,طبخ,منشور نصي,2024-07-17,أكلة اقتصادية وسهلة التحضير,22576,9092.0,17538,415.0,45.0,80.0,Yes
3225.0,جادجت العرب,فيسبوك,تقنية,فديو,2024-02-16,كل ما تريد معرفته عن الذكاء الاصطناعي,21492,5311.0,6797,182.0,12.0,21.0,
222.0,اتعلم  اونلاين,يوتيوب ,تعليم,منشور نصي,10/02/2025,كيف تذاكر بفعالية قبل الامتحانات,10679,5703.0,10157,275.0,17.0,37.0,1
226.0,عالم التقنية,تويتر(X),تكنولوجيا,text,2024-01-13,مقارنة بين أفضل اللابتوبات لعام هذا,66778,23170.0,46581,1277.0,40.0,196.0,
4120.0,ستايل  بنات,يوتيوب,موضة,فيديو ,2024-11-14,أفكار تنسيق ملابس اقتصادية,25059,4780.0,5378,268.0,20.0,34.0,
3583.0,موضة اليوم  ,تويتر,أزياء,صور,2025-12-31,أحدث صيحات الموضة لهذا الموسم,6014,491.0,1039,5.0,0.0,0.0,1
2518.0, جادجت العرب,Instagram,Tech,Reel,2024-09-30,كل ما تريد معرفته عن الذكاء الاصطناعي,16183,5691.0,11071,370.0,,48.0,لا
3210.0,اتعلم  اونلاين,يوتيوب ,Education,صوره,2025-02-13,خطوات عملية لتعلم مهارة جديدة,51906,14966.0,29211,927.0,79.0,179.0,
2394.0,أكاديمية المعرفة,تيكتوك,تعليم ,منشور نصي,,نصائح للطلاب الجدد في الجامعة,8193,4546.0,5588,432.0,49.0,85.0,لا
1761.0,ستايل بنات,تويتر,أزياء,فيديو,13-03-2025,موديلات جديدة من أشهر الماركات,23415,7195.0,10816,177.0,21.0,17.0,
1361.0,ستايل بنات ✅,insta,موضة,ستوري,2025-09-25,موديلات جديدة من أشهر الماركات,28918,14932.0,21519,873.0,90.0,170.0,1
2325.0,أخبار مصر الآن  ,X,أخبار,صور,2024-10-26,ملخص أهم الأخبار المحلية اليوم,22360,5775.0,10164,408.0,19.0,55.0,
3839.0,كورة كل يوم ✅,تويتر (X),كورة,image,27/12/2024,أفضل اللقطات من الجولة الأخيرة,88699,46975.0,87482,268.0,29.0,9.0,نعم
3402.0,اتعلم اونلاين,يوتيوب,تعليم,image,2024-07-13,خطوات عملية لتعلم مهارة جديدة,33584,7274.0,11621,150.0,19.0,26.0,
1493.0,عالم التقنية,تيكتوك,تكنولوجيا,فيديو ,,مراجعة كاملة لأحدث هاتف صدر هذا الشهر,58692,23735.0,45310,,45.0,49.0,1
3332.0,كوميديا العرب  ,تيكتوك,Entertainment,منشور نصي,2024-03-08,نكت وضحك من غير توقف,8748,1204.0,2120,39.0,3.0,7.0,
3351.0,عالم  التقنية,تيكتوك,تقنيه,صور,2025-02-24,كل ما تريد معرفته عن الذكاء الاصطناعي,5497,1574.0,2726,134.0,19.0,16.0,لا
2010.0,أزياء  العرب,TikTok,موضة ,story,20/01/2025,إطلالات بسيطة وأنيقة لكل يوم,22467,13264.0,16141,615.0,70.0,122.0,لا
206.0,عالم الطبخ,يوتيوب,طبخ,video,14-07-2024,أسرار المطبخ اللي محدش بيقولهالك,8603,1505.0,1637,97.0,9.0,9.0,
1028.0, تكنولوجيا بلس,YouTube,تقنية,صورة,01/02/2024,كل ما تريد معرفته عن الذكاء الاصطناعي,19313,1210.0,2512,24.0,1.0,0.0,نعم
4120.0,ستايل  بنات,يوتيوب,موضة,فيديو ,2024-11-14,أفكار تنسيق ملابس اقتصادية,25059,4780.0,5378,268.0,20.0,34.0,
3304.0,تكنولوجيا بلس,tiktok,تكنولوجيا,Reel,20-07-2024,نصائح لحماية حسابك من الاختراق,20883,5589.0,11558,267.0,14.0,15.0,
1047.0,كوميديا العرب  ,TikTok,Entertainment,story,13-07-2024,أطرف المواقف اللي حصلت الأسبوع ده,72103,9478.0,17966,37.0,3.0,5.0,نعم
694.0,أخبار  مصر  الآن,انستجرام,News,reels,,ملخص أهم الأخبار المحلية اليوم,78342,28236.0,48585,512.0,51.0,99.0,
3588.0,ضحك ونكت,يوتيوب ,Entertainment,صور,05-09-2025,أفضل خمس مشاهد كوميدية هذا العام,98631,45884.0,87592,374.0,31.0,29.0,
3532.0,أزياء العرب ✅,فيسبوك,أزياء,صور,2025-12-30,إطلالات بسيطة وأنيقة لكل يوم,47350,21193.0,34748,1761.0,69.0,297.0,Yes
4060.0,كورة  كل  يوم,انستغرام,كورة,ريلز,14/03/2024,أخبار الانتقالات الصيفية,47335,7117.0,7300,154.0,7.0,28.0,لا
1187.0,ملعب  مصر,tiktok,رياضة ,ستوري,2025-11-03,أفضل اللقطات من الجولة الأخيرة,5210,2763.0,5292,153.0,19.0,1.0,لا
1370.0,ضحك ونكت,إنستغرام,كوميدي,صورة,21/06/2024,مقاطع مضحكة من كواليس التصوير,29116,4154.0,4305,171.0,5.0,21.0,No
1908.0,اتعلم اونلاين ✅,فيسبوك ,تعليم ,image,06-08-2025,شرح مبسط لأهم قواعد اللغة العربية,9305,1893.0,2259,66.0,7.0,6.0,
3308.0,أكاديمية المعرفة,insta,Education,صورة,2024-05-19,شرح مبسط لأهم قواعد اللغة العربية,47544,15635.0,25054,792.0,83.0,76.0,
17.0,عالم التقنية,فيسبوك,تقنية,,2025-08-25,خمس تطبيقات تساعدك في تنظيم وقتك,21380,11564.0,19048,1084.0,66.0,33.0,
2515.0, تكنولوجيا بلس,انستغرام,تقنية,صور,03-01-2024,كل ما تريد معرفته عن الذكاء الاصطناعي,6362,390.0,435,12.0,0.0,1.0,1
3663.0,عالم التقنية,تويتر,تكنولوجيا,صوره,2025-02-14,مراجعة كاملة لأحدث هاتف صدر هذا الشهر,25604,1888.0,2951,158.0,13.0,4.0,نعم
2206.0,ملعب  مصر,انستجرام,Sports,نص,2025-10-25,أهم أحداث مباراة اليوم بالتفصيل,63624,37283.0,47218,1381.0,121.0,113.0,
2752.0, اليوم السابع نيوز,تويتر(X),اخبار,صورة,2024-01-24,  تفاصيل جديدة حول الحدث الذي شغل الرأي العام   ,77519,45577.0,90586,2046.0,115.0,83.0,
1487.0, أخبار مصر الآن,فيس بوك,أخبار,فيديو ,,تغطية مباشرة لفعاليات المؤتمر,6124,1931.0,3315,100.0,7.0,4.0,
1677.0,كورة كل يوم,Twitter,Sports,reels,2025-05-13,أفضل اللقطات من الجولة الأخيرة,12307,3165.0,5550,148.0,9.0,18.0,لا
1185.0,اليوم السابع نيوز,youtube,أخبار,صورة,2025-06-21,تفاصيل جديدة حول الحدث الذي شغل الرأي العام,7570,1572.0,2078,102.0,11.0,4.0,
2354.0,كوميديا العرب,tiktok,ترفيه,ريلز,2024-11-03,أطرف المواقف اللي حصلت الأسبوع ده,135610,52680.0,73009,2582.0,99.0,209.0,
657.0,اليوم السابع نيوز,انستغرام,,ريلز,2025-12-31,ملخص أهم الأخبار المحلية اليوم,16106,5574.0,12210,369.0,41.0,27.0,
1572.0,ضحك ونكت,انستجرام,كوميدي,reels,14-06-2024,أفضل خمس مشاهد كوميدية هذا العام,142784,40548.0,77308,2647.0,150.0,268.0,No
1738.0,عالم التقنية,يوتيوب,تقنيه,text,,كل ما تريد معرفته عن الذكاء الاصطناعي,19652,3900.0,4063,97.0,13.0,12.0,Yes
1420.0,أزياء  العرب,Facebook,موضة ,فديو,30/12/2024,نصائح لاختيار الألوان المناسبة لبشرتك,5009,1243.0,1885,48.0,6.0,8.0,
400.0,عالم  التقنية,تويتر,تكنولوجيا,ستوري,2025-09-02,مراجعة كاملة لأحدث هاتف صدر هذا الشهر,44309,5909.0,12119,282.0,21.0,4.0,
2847.0,بوابة الأحداث,TikTok,News,صور,2024-03-11,بيان رسمي حول القرار الأخير,25483,14322.0,30634,1598.0,201.0,223.0,نعم
2981.0,منصة التعليم,تويتر(X),Education,text,2025-12-16,خطوات عملية لتعلم مهارة جديدة,25852,1990.0,3990,112.0,6.0,9.0,
619.0, منصة التعليم,Facebook,Education,فيديو ,2024-06-21,خطوات عملية لتعلم مهارة جديدة,162337,22532.0,35287,1280.0,60.0,193.0,No
509.0,وصفات ماما  ,youtube, طبخ,ستوري,,أسرار المطبخ اللي محدش بيقولهالك,23155,10718.0,12331,,75.0,82.0,
3779.0,أزياء العرب ✅,FB,أزياء,فديو,10/08/2025,أفكار تنسيق ملابس اقتصادية,38501,13914.0,16856,839.0,77.0,49.0,
2785.0,ستايل بنات  ,انستجرام,أزياء,Reel,17/06/2025,موديلات جديدة من أشهر الماركات,44396,24489.0,53062,1056.0,47.0,55.0,
2848.0, مطبخ سارة,تيك توك,Food,ريلز,2025-09-08,طريقة عمل الكنافة بالقشطة خطوة بخطوة,33416,,29579,265.0,38.0,20.0,
2323.0,ضحك ونكت,YouTube,Entertainment,منشور نصي,2025-12-31,أطرف المواقف اللي حصلت الأسبوع ده,12312,6690.0,6827,560.0,62.0,111.0,
3510.0,مطبخ سارة,YouTube, طبخ,صوره,27/10/2024,حلويات رمضان بمكونات بسيطة,7925,1344.0,1756,45.0,3.0,3.0,
868.0,وصفات ماما  ,إنستغرام,Food,reels,11/02/2025,حلويات رمضان بمكونات بسيطة,29565,15197.0,18752,1254.0,149.0,182.0,لا
2508.0, موضة اليوم,X,أزياء,reels,2024-10-10,أفكار تنسيق ملابس اقتصادية,25876,4501.0,5799,263.0,31.0,40.0,لا
887.0,أزياء  العرب,insta,أزياء,منشور نصي,2024-04-02,إطلالات بسيطة وأنيقة لكل يوم,26763,4269.0,6445,203.0,24.0,21.0,Yes
2111.0,عالم الطبخ,تويتر,طبخ ,video,06-10-2025,حلويات رمضان بمكونات بسيطة,51365,3179.0,4068,244.0,29.0,37.0,
600.0,منصة التعليم ✅,إنستغرام,تعليم,image,23-07-2024,نصائح للطلاب الجدد في الجامعة,15802,4636.0,4905,428.0,41.0,32.0,
3231.0,منصة التعليم ✅,تيك توك,Education,text,22/11/2024,دورة مجانية لتعلم أساسيات البرمجة,77181,37150.0,49367,1455.0,122.0,,
4066.0,ستايل  بنات,Twitter,موضة,Reel,06/02/2024,أفكار تنسيق ملابس اقتصادية,26498,1354.0,1912,77.0,9.0,11.0,
458.0,موضة اليوم ✅,تويتر,أزياء,Reel,2024-03-22,أحدث صيحات الموضة لهذا الموسم,22205,5659.0,6125,211.0,24.0,28.0,
3185.0,جادجت العرب,FB,تقنية,صور,2025-02-04,كل ما تريد معرفته عن الذكاء الاصطناعي,610479,142808.0,250842,1212.0,110.0,26.0,Yes
1118.0,أكاديمية المعرفة,FB,تعليم ,story,2025-01-26,كيف تذاكر بفعالية قبل الامتحانات,23699,1863.0,3839,150.0,14.0,29.0,0
871.0, وصفات ماما,YouTube, طبخ,نص,31/08/2024,وصفة سريعة ولذيذة لعشاء اليوم,14193,6821.0,10444,377.0,26.0,35.0,Yes
791.0, موضة اليوم,insta,موضة ,صوره,,موديلات جديدة من أشهر الماركات,22298,9157.0,15060,662.0,67.0,40.0,No
2261.0,اليوم السابع نيوز  ,يوتيوب ,News,story,25/09/2024,آخر التطورات في الساعات الماضية,17685,5711.0,11880,206.0,23.0,32.0,لا
3820.0,أخبار  الرياضة,تيك توك,كورة,reels,11/06/2025,أفضل اللقطات من الجولة الأخيرة,64483,4180.0,7502,233.0,29.0,9.0,No
2809.0,اتعلم اونلاين,تويتر (X),Education,video,16/06/2024,نصائح للطلاب الجدد في الجامعة,71251,40006.0,81133,2157.0,161.0,124.0,Yes
955.0,عالم الطبخ,tiktok,طبخ,صور,2025-07-25,طريقة عمل الكنافة بالقشطة خطوة بخطوة,72253,37450.0,59158,1961.0,90.0,99.0,
651.0,ملعب مصر  ,تيك توك,Sports,story,2024-06-26,أفضل اللقطات من الجولة الأخيرة,80271,19245.0,20508,420.0,20.0,4.0,1
734.0,مطبخ سارة  ,Instagram, طبخ,reels,2025-12-07,وصفة سريعة ولذيذة لعشاء اليوم,12207,1164.0,1379,51.0,2.0,3.0,No
4194.0,عالم الطبخ,youtube,أكل وطبخ,ستوري ,08/09/2025,  أكلة اقتصادية وسهلة التحضير   ,48991,19492.0,41055,1888.0,39.0,56.0,
380.0,تكنولوجيا  بلس,tiktok,تقنية,فيديو ,2025-09-13,كل ما تريد معرفته عن الذكاء الاصطناعي,191275,110848.0,120904,3599.0,163.0,132.0,
2613.0, منصة التعليم,تويتر(X),تعليم ,ستوري,2025-08-02,كيف تذاكر بفعالية قبل الامتحانات,36974,21591.0,24950,2044.0,109.0,370.0,
3656.0,اليوم السابع نيوز,X,اخبار,ريلز,25/12/2025,تغطية مباشرة لفعاليات المؤتمر,88845,28701.0,53967,2934.0,97.0,165.0,
957.0, بوابة الأحداث,إنستغرام,اخبار,video,31/05/2025,تفاصيل جديدة حول الحدث الذي شغل الرأي العام,50009,19431.0,20353,857.0,94.0,112.0,No
2790.0,أزياء العرب ✅,انستجرام,أزياء,ستوري ,15/12/2024,موديلات جديدة من أشهر الماركات,54233,25220.0,38519,2379.0,121.0,413.0,
172.0,ملعب مصر,انستغرام,رياضة ,ستوري ,2025-09-08,تحليل فني لأداء الفريق هذا الموسم,57339,31907.0,55517,2443.0,86.0,82.0,
1945.0,بوابة الأحداث,فيسبوك ,News,ستوري ,2024-04-08,آخر التطورات في الساعات الماضية,13913,3385.0,3642,245.0,26.0,19.0,0
2280.0,اليوم السابع نيوز  ,Instagram,اخبار,text,09/01/2025,تغطية مباشرة لفعاليات المؤتمر,13696,6398.0,10591,412.0,61.0,8.0,1
660.0,كوميديا العرب,Twitter,كوميدي,منشور نصي,25/05/2024,أطرف المواقف اللي حصلت الأسبوع ده,16988,9033.0,18846,407.0,13.0,77.0,0
2431.0, مطبخ سارة,Facebook,طبخ ,ستوري,28/08/2024,حلويات رمضان بمكونات بسيطة,1974,798.0,1330,59.0,6.0,6.0,Yes
2529.0,كورة كل يوم,فيسبوك ,رياضة,فيديو,2025-03-05,تحليل فني لأداء الفريق هذا الموسم,18909,9370.0,18000,556.0,65.0,87.0,
2121.0,أكاديمية المعرفة,TikTok,تعليم ,فيديو ,2024-08-15,كيف تذاكر بفعالية قبل الامتحانات,16997,5211.0,10825,107.0,6.0,17.0,No
1095.0,تكنولوجيا بلس,انستجرام,تكنولوجيا,story,2024-12-16,نصائح لحماية حسابك من الاختراق,17052,1919.0,2865,134.0,5.0,3.0,1
3724.0,مطبخ سارة ✅,يوتيوب,طبخ ,فيديو,2025-05-28,أكلة اقتصادية وسهلة التحضير,11672,5120.0,11047,218.0,4.0,14.0,
3457.0,جادجت العرب ✅,youtube,Tech,ستوري,2024-07-04,كل ما تريد معرفته عن الذكاء الاصطناعي,31834,7490.0,13218,418.0,34.0,26.0,لا
2220.0,بوابة  الأحداث,تويتر,أخبار,ستوري,2024-05-06,ملخص أهم الأخبار المحلية اليوم,33081,10242.0,20058,70.0,5.0,3.0,
643.0, أخبار مصر الآن,إنستغرام,اخبار,فديو,27-05-2024,تفاصيل جديدة حول الحدث الذي شغل الرأي العام,66376,21977.0,37914,1187.0,151.0,171.0,No
169.0,ضحك ونكت  ,تيكتوك,Entertainment,فديو,03/07/2025,أطرف المواقف اللي حصلت الأسبوع ده,7898,4669.0,6962,348.0,16.0,5.0,
1518.0, أكاديمية المعرفة,تويتر (X),تعليم ,فديو,2025-01-28,شرح مبسط لأهم قواعد اللغة العربية,18274,9448.0,14893,738.0,103000.0,105.0,
1801.0, وصفات ماما,انستغرام,أكل وطبخ,فديو,2025-10-31,أكلة اقتصادية وسهلة التحضير,123341,47546.0,79523,4556.0,330.0,792.0,
3261.0,وصفات  ماما,تيك توك,أكل وطبخ,text,2025-03-13,وصفة سريعة ولذيذة لعشاء اليوم,15723,4782.0,10034,107.0,8.0,17.0,نعم
1918.0, جادجت العرب,فيسبوك,Tech,text,22/05/2025,خمس تطبيقات تساعدك في تنظيم وقتك,49004,18088.0,37364,966.0,120.0,144.0,Yes
273.0,منصة التعليم,Facebook,تعليم,story,2024-08-21,كيف تذاكر بفعالية قبل الامتحانات,50169,9663.0,14645,953.0,42.0,154.0,نعم
1216.0,كورة كل يوم  ,tiktok,رياضة,ستوري,2025-09-20,أهم أحداث مباراة اليوم بالتفصيل,17726,8331.0,10912,500,54.0,84.0,0
2469.0,فوازير رمضان  ,تيكتوك,ترفيه,فديو,2024-06-08,نكت وضحك من غير توقف,77959,20827.0,31528,1169.0,49.0,15.0,1
1119.0, أزياء العرب,فيسبوك ,موضة ,video,19/03/2025,إطلالات بسيطة وأنيقة لكل يوم,89908,8601.0,10572,399.0,50.0,78.0,1
3847.0, ضحك ونكت,انستجرام,كوميدي,ريلز,2025-05-04,تحدي جديد بين المتابعين,99259,8212.0,11562,200.0,13.0,13.0,
4078.0,كورة كل يوم  ,تويتر(X),Sports,image,2025-10-25,تشكيلة المنتخب المتوقعة في المباراة القادمة,25832,12212.0,22670,782.0,84.0,47.0,1
1067.0,منصة التعليم ✅,يوتيوب ,Education,فيديو ,2025-02-20,خطوات عملية لتعلم مهارة جديدة,26625,2391.0,5128,71.0,5.0,14.0,No
2105.0,أكاديمية  المعرفة,تيكتوك,تعليم,text,2024-01-07,شرح مبسط لأهم قواعد اللغة العربية,32070,1613.0,2790,67.0,4.0,6.0,1
3176.0,منصة التعليم,تيك توك,Education,ستوري,2024-08-21,خطوات عملية لتعلم مهارة جديدة,16252,7566.0,9767,332.0,18.0,,1
3391.0,أخبار الرياضة  ,يوتيوب,كورة,فيديو,2024-01-27,أخبار الانتقالات الصيفية,9455,3043.0,3196,63.0,8.0,,No
3621.0,تكنولوجيا بلس,انستغرام,تقنيه,story,2025-05-28,مقارنة بين أفضل اللابتوبات لعام هذا,21840,10916.0,18330,1107.0,159.0,191.0,1
3665.0,أكاديمية المعرفة  ,FB,تعليم,ستوري ,03/11/2024,كيف تذاكر بفعالية قبل الامتحانات,29497,9823.0,15332,995.0,127.0,35.0,لا
1913.0,اتعلم اونلاين,Facebook,Education,صور,2024-12-23,دورة مجانية لتعلم أساسيات البرمجة,4215,1769.0,3787,84.0,8.0,2.0,
39.0,كورة  كل  يوم,تيكتوك,رياضة ,نص,2025-06-03,تحليل فني لأداء الفريق هذا الموسم,94277,50862.0,71491,1562.0,148.0,26.0,
307.0,أكاديمية المعرفة  ,YouTube,Education,image,,كيف تذاكر بفعالية قبل الامتحانات,14250,7212.0,9648,490.0,54.0,55.0,
,أكاديمية المعرفة  ,فيس بوك,تعليم ,image,,دورة مجانية لتعلم أساسيات البرمجة,82664,18305.0,29728,837.0,122.0,131.0,No
3153.0,فوازير رمضان,TikTok,كوميدي,صورة,11/03/2025,نكت وضحك من غير توقف,46617,3430.0,4214,178.0,26.0,31.0,
2831.0,بوابة  الأحداث,تيكتوك,News,صور,2024-09-17,بيان رسمي حول القرار الأخير,60445,36081.0,64315,2060.0,124.0,377.0,Yes
2457.0,وصفات  ماما,TikTok,Food,story,06/12/2025,وصفة سريعة ولذيذة لعشاء اليوم,32488,12469.0,14310,628.0,81.0,33.0,No
2830.0,جادجت العرب,youtube,تكنولوجيا,Reel,2025-09-09,كل ما تريد معرفته عن الذكاء الاصطناعي,33842,9627.0,17858,514.0,24.0,29.0,
782.0,مطبخ سارة  ,تويتر,طبخ ,نص,31/10/2025,وصفة سريعة ولذيذة لعشاء اليوم,55142,21508.0,41677,1724.0,47.0,262.0,
1191.0,منصة  التعليم,Twitter,تعليم ,text,2025-05-10,شرح مبسط لأهم قواعد اللغة العربية,120804,,12759,257.0,14.0,36.0,
535.0,ضحك ونكت ✅,فيسبوك,Entertainment,ستوري ,2024-05-25,أفضل خمس مشاهد كوميدية هذا العام,9212,997.0,1421,45.0,4.0,1.0,
584.0,ضحك  ونكت,youtube,Entertainment,فيديو,2025-06-23,تحدي جديد بين المتابعين,58405,31764.0,62635,2041.0,137.0,,1
3616.0,أخبار مصر الآن,يوتيوب,أخبار,reels,06-11-2024,آخر التطورات في الساعات الماضية,55542,7321.0,14828,470.0,65.0,26.0,Yes
3281.0,ضحك ونكت,Instagram,Entertainment,فيديو ,08/10/2024,أفضل خمس مشاهد كوميدية هذا العام,30073,6619.0,7095,150.0,22.0,8.0,0
3858.0,ملعب مصر,تويتر(X),كورة,ستوري,02/02/2025,أفضل اللقطات من الجولة الأخيرة,243392,99773.0,213800,6007.0,708.0,1112.0,
3593.0,ملعب  مصر,تويتر(X),Sports,ريلز,2024-01-01,أهم أحداث مباراة اليوم بالتفصيل,15011,4575.0,9087,79.0,4.0,6.0,
4180.0,ملعب  مصر,Facebook,Sports,story,2024-08-13,أفضل اللقطات من الجولة الأخيرة,6957,1935.0,2989,130.0,6.0,9.0,
3640.0, تكنولوجيا بلس,تويتر(X),Tech,,05/12/2024,نصائح لحماية حسابك من الاختراق,11040,5711.0,7306,218.0,6.0,15.0,No
3339.0, ملعب مصر,Facebook,رياضة ,فيديو,2024-12-20,أهم أحداث مباراة اليوم بالتفصيل,19163,7655.0,16225,530.0,70.0,57.0,No
2862.0,ضحك ونكت,تويتر (X),كوميدي,صور,28/07/2025,أفضل خمس مشاهد كوميدية هذا العام,77556,18162.0,29793,,34.0,32.0,
317.0, أزياء العرب,tiktok,موضة ,text,2024-01-21,نصائح لاختيار الألوان المناسبة لبشرتك,8898,3433.0,4589,79.0,1.0,0.0,1
2198.0,أكاديمية المعرفة  ,يوتيوب ,Education,نص,2024-01-29,كيف تذاكر بفعالية قبل الامتحانات,23509,4529.0,7497,127.0,10.0,19.0,لا
2415.0,اتعلم  اونلاين,YouTube,,صورة,,شرح مبسط لأهم قواعد اللغة العربية,48432,6151.0,9109,68.0,7.0,12.0,
2565.0,تكنولوجيا  بلس,X,تقنية,,03/01/2024,نصائح لحماية حسابك من الاختراق,12447,2909.0,4817,41.0,2.0,5.0,نعم
3713.0,فوازير رمضان,youtube,كوميدي,ستوري ,2025-05-29,أطرف المواقف اللي حصلت الأسبوع ده,246447,17114.0,18711,223.0,14.0,11.0,نعم
4138.0,اتعلم اونلاين ✅,YouTube,Education,فيديو,2025-04-18,نصائح للطلاب الجدد في الجامعة,30334,8206.0,10740,504.0,73.0,26.0,No
1795.0, جادجت العرب,فيس بوك,Tech,فيديو ,2024-05-19,خمس تطبيقات تساعدك في تنظيم وقتك,41006,14430.0,14490,94.0,4.0,5.0,
2582.0,مطبخ سارة,فيسبوك,طبخ,منشور نصي,16/04/2025,حلويات رمضان بمكونات بسيطة,23902,14101.0,27748,62.0,1.0,1.0,
3289.0,أخبار مصر الآن,TikTok,أخبار,story,16/04/2024,آخر التطورات في الساعات الماضية,9966,4253.0,8364,185.0,24.0,28.0,1
272.0,ضحك ونكت ✅,Twitter,كوميدي,نص,2025-06-07,أطرف المواقف اللي حصلت الأسبوع ده,13912,3255.0,3357,23,1.0,2.0,
549.0,أكاديمية المعرفة  ,تويتر (X),,ريلز,2024-10-10,خطوات عملية لتعلم مهارة جديدة,39053,2195.0,4268,54.0,5.0,4.0,
1693.0,أزياء العرب  ,YouTube,موضة ,فديو,21-03-2025,أفكار تنسيق ملابس اقتصادية,13012,4141.0,9059,94.0,5.0,14.0,
1720.0,مطبخ سارة,tiktok,طبخ ,فديو,2025-08-02,أكلة اقتصادية وسهلة التحضير,104257,17404.0,25221,401.0,51.0,69.0,
3013.0,اتعلم اونلاين  ,انستغرام,تعليم,صورة,22-10-2024,شرح مبسط لأهم قواعد اللغة العربية,11177,2788.0,6132,260.0,28.0,22.0,Yes
4148.0,تكنولوجيا بلس ✅,فيس بوك,Tech,reels,2024-07-16,خمس تطبيقات تساعدك في تنظيم وقتك,40083,15967.0,34674,194.0,13.0,,1
608.0,كورة كل يوم,insta,رياضة ,reels,18-01-2024,أفضل اللقطات من الجولة الأخيرة,9540,1368.0,1576,21,1.0,1.0,
2391.0,مطبخ سارة  ,Twitter,طبخ ,ستوري,2025-11-08,أسرار المطبخ اللي محدش بيقولهالك,89997,43719.0,57186,2118.0,163.0,301.0,
599.0,كوميديا العرب,tiktok,Entertainment,story,2024-03-08,تحدي جديد بين المتابعين,266080,69054.0,73575,4906.0,342.0,250.0,لا
1690.0,كورة  كل  يوم,Twitter,كورة,ستوري ,2024-03-31,أخبار الانتقالات الصيفية,71467,24543.0,48795,2211.0,263.0,64.0,Yes
895.0,ملعب مصر ✅,Facebook,رياضة,فيديو ,19-10-2025,أخبار الانتقالات الصيفية,46551,20607.0,43472,859.0,76.0,29.0,Yes
3974.0,اليوم السابع نيوز,تيكتوك,أخبار,Reel,27/09/2025,تفاصيل جديدة حول الحدث الذي شغل الرأي العام,117124,33239.0,47599,,390.0,241.0,No
1776.0,وصفات ماما  ,يوتيوب ,أكل وطبخ,reels,2025-06-19,طريقة عمل الكنافة بالقشطة خطوة بخطوة,111116,12518.0,13779,399.0,57.0,63.0,لا
571.0,أخبار مصر الآن ✅,إنستغرام,أخبار,صوره,2025-01-19,آخر التطورات في الساعات الماضية,15046,6229.0,10965,276.0,31.0,19.0,
2000.0,جادجت  العرب,Facebook,تقنيه,ستوري ,2025-12-04,نصائح لحماية حسابك من الاختراق,66832,21533.0,33712,1914.0,233.0,361.0,Yes
2123.0,أكاديمية المعرفة  ,تويتر (X),تعليم ,نص,03/02/2024,نصائح للطلاب الجدد في الجامعة,12798,6586.0,8133,517.0,59.0,33.0,Yes
62.0,ستايل بنات ✅,تيكتوك,أزياء,ستوري ,10/11/2025,نصائح لاختيار الألوان المناسبة لبشرتك,45800,27127.0,51651,829.0,100.0,96.0,
1248.0,عالم  الطبخ,Facebook,أكل وطبخ,Reel,04/09/2024,حلويات رمضان بمكونات بسيطة,31277,7554.0,13991,330.0,26.0,48.0,0
1775.0,تكنولوجيا بلس ✅,فيس بوك,تقنيه,ستوري ,25/07/2024,خمس تطبيقات تساعدك في تنظيم وقتك,164212,57569.0,71748,4872.0,447.0,500.0,
1260.0,أكاديمية المعرفة  ,Twitter,تعليم ,ستوري ,03-11-2024,نصائح للطلاب الجدد في الجامعة,14314,5461.0,11922,582.0,78.0,57.0,
810.0,مطبخ سارة ✅,tiktok,أكل وطبخ,text,16/02/2024,أكلة اقتصادية وسهلة التحضير,26644,12062.0,15434,992.0,47.0,54.0,
2293.0,أكاديمية المعرفة,Facebook,تعليم,صور,20-11-2025,نصائح للطلاب الجدد في الجامعة,51521,26007.0,28381,1089.0,113.0,70.0,
1050.0,أزياء  العرب,YouTube,أزياء,ستوري,24-01-2025,إطلالات بسيطة وأنيقة لكل يوم,53793,24137.0,50053,445.0,21.0,5.0,0
3702.0,عالم  الطبخ,tiktok, طبخ,ريلز,11/03/2025,وصفة سريعة ولذيذة لعشاء اليوم,38447,14216.0,17698,845.0,105.0,12.0,لا
3479.0,ملعب مصر,tiktok,رياضة ,image,2025-06-20,تحليل فني لأداء الفريق هذا الموسم,4543,1913.0,3378,56.0,2.0,7.0,
108.0,اليوم السابع نيوز,يوتيوب,News,text,27-06-2025,ملخص أهم الأخبار المحلية اليوم,50699,24767.0,29222,690.0,78.0,90.0,
2154.0,أخبار  مصر  الآن,Instagram,أخبار,ريلز,2024-05-11,ملخص أهم الأخبار المحلية اليوم,28415,15232.0,17215,649.0,95.0,90.0,
674.0,وصفات ماما ✅,يوتيوب ,أكل وطبخ,فيديو,2024-03-19,حلويات رمضان بمكونات بسيطة,22858,5454.0,9929,37.0,2.0,0.0,لا
2691.0,بوابة الأحداث,تيك توك,اخبار,story,2024-03-11,بيان رسمي حول القرار الأخير,6658,3992.0,6817,290.0,37.0,3.0,
3638.0, كوميديا العرب,youtube,كوميدي,صورة,2024-12-18,أطرف المواقف اللي حصلت الأسبوع ده,20577,5448.0,9577,414.0,14.0,6.0,لا
666.0,كورة كل يوم  ,تويتر (X),رياضة,story,17-01-2025,أهم أحداث مباراة اليوم بالتفصيل,7329,3576.0,6749,187.0,17.0,4.0,0
510.0,مطبخ سارة  ,تيك توك, طبخ,ستوري ,19-01-2025,طريقة عمل الكنافة بالقشطة خطوة بخطوة,127662,71622.0,104910,548.0,69.0,60.0,
2180.0,كوميديا العرب  ,FB,كوميدي,text,2024-11-01,أطرف المواقف اللي حصلت الأسبوع ده,30888,11878.0,22074,495.0,55.0,92.0,
1641.0,اتعلم اونلاين  ,TikTok,تعليم,video,2024-08-22,كيف تذاكر بفعالية قبل الامتحانات,20132,3706.0,5030,195.0,21.0,4.0,
2493.0,عالم الطبخ ✅,insta,طبخ,ستوري ,25/03/2025,  حلويات رمضان بمكونات بسيطة   ,42560,9810.0,15316,789.0,100.0,75.0,
4025.0,تكنولوجيا بلس,تيك توك,تقنيه,reels,23/03/2024,مقارنة بين أفضل اللابتوبات لعام هذا,37049,8451.0,15223,306,,49.0,
1533.0,ستايل بنات ✅,تويتر (X),موضة,ستوري,30-09-2025,موديلات جديدة من أشهر الماركات,18843,8550.0,9617,665.0,38.0,89.0,
867.0,ضحك ونكت ✅,X,Entertainment,ستوري,2025-06-20,أطرف المواقف اللي حصلت الأسبوع ده,65333,5624.0,9331,353.0,18.0,27.0,
1856.0,اليوم السابع نيوز,تويتر(X),أخبار,story,2024-10-23,تغطية مباشرة لفعاليات المؤتمر,17782,2409.0,4131,59.0,4.0,0.0,نعم
1737.0, أخبار الرياضة,Twitter,كورة,ريلز,17/05/2024,أهم أحداث مباراة اليوم بالتفصيل,3487,1748.0,2694,124.0,16.0,22.0,لا
212.0,ملعب مصر ✅,يوتيوب,رياضة,صورة,15/05/2025,أخبار الانتقالات الصيفية,7551,1131.0,1843,62.0,5.0,3.0,نعم
3148.0,اليوم السابع نيوز ✅,يوتيوب,اخبار,text,2025-03-31,آخر التطورات في الساعات الماضية,15455,856.0,1682,48.0,6.0,5.0,
1061.0,مطبخ سارة  ,youtube, طبخ,صوره,2025-09-11,  وصفة سريعة ولذيذة لعشاء اليوم   ,51083,27358.0,44685,1467.0,172.0,283.0,
2257.0, اليوم السابع نيوز,فيسبوك ,News,صوره,27-04-2025,آخر التطورات في الساعات الماضية,34053,11615.0,24841,130.0,11.0,14.0,لا
2106.0,عالم الطبخ,انستغرام,طبخ,story,2025-05-08,أسرار المطبخ اللي محدش بيقولهالك,33565,9193.0,16369,416.0,58.0,,
3269.0,اتعلم اونلاين,تيك توك,تعليم,story,29/12/2025,خطوات عملية لتعلم مهارة جديدة,164758,71187.0,155582,3494.0,200.0,351.0,
4123.0, وصفات ماما,يوتيوب ,Food,image,2024-06-07,أكلة اقتصادية وسهلة التحضير,20053,10997.0,18186,588.0,19.0,92.0,لا
2900.0,عالم التقنية,youtube,تقنية,فيديو ,2024-01-10,نصائح لحماية حسابك من الاختراق,171335,12626.0,14997,755.0,96.0,17.0,
1974.0,أكاديمية المعرفة,تويتر (X),تعليم,نص,,خطوات عملية لتعلم مهارة جديدة,227324,28630.0,33174,361.0,21.0,69.0,
590.0,أخبار الرياضة  ,YouTube,رياضة,صورة,,تشكيلة المنتخب المتوقعة في المباراة القادمة,6718,,2932,262.0,27.0,50.0,Yes
3621.0,تكنولوجيا بلس,انستغرام,تقنيه,,2025-05-28,مقارنة بين أفضل اللابتوبات لعام هذا,21840,10916.0,18330,1107.0,159.0,191.0,1
3976.0,منصة التعليم,Instagram,Education,ريلز,2024-03-08,خطوات عملية لتعلم مهارة جديدة,42388,21724.0,41180,691.0,42.0,66.0,Yes
87.0,تكنولوجيا  بلس,Instagram,Tech,ريلز,2024-04-02,مراجعة كاملة لأحدث هاتف صدر هذا الشهر,27582,10758.0,15520,562.0,13.0,32.0,
647.0,ستايل بنات,tiktok,موضة,image,03-08-2024,أفكار تنسيق ملابس اقتصادية,55496,14041.0,20059,505.0,39.0,89.0,0
772.0,أخبار الرياضة  ,youtube,كورة,Reel,07-04-2024,أهم أحداث مباراة اليوم بالتفصيل,2986,740.0,1164,29.0,3.0,4.0,No
3982.0,عالم الطبخ,انستجرام,طبخ,منشور نصي,2025-02-06,طريقة عمل الكنافة بالقشطة خطوة بخطوة,11158,4555.0,6964,172.0,9.0,4.0,
1250.0,أكاديمية المعرفة ✅,فيسبوك,تعليم,ريلز,04/02/2025,شرح مبسط لأهم قواعد اللغة العربية,72203,19384.0,32673,1792.0,226.0,204.0,1
709.0,تكنولوجيا بلس,تيكتوك,تقنية,صورة,2024-08-08,مقارنة بين أفضل اللابتوبات لعام هذا,13099,4845.0,9300,238,24.0,43.0,نعم
3158.0,منصة  التعليم,تيك توك,,story,2025-03-13,نصائح للطلاب الجدد في الجامعة,12563,3638.0,6298,264.0,30.0,35.0,1
2473.0,عالم التقنية,YouTube,تكنولوجيا,صوره,2024-09-30,نصائح لحماية حسابك من الاختراق,12800,6558.0,12751,415.0,60.0,73.0,
3625.0, منصة التعليم,insta,Education,فديو,15-11-2024,دورة مجانية لتعلم أساسيات البرمجة,4674,2208.0,4506,84.0,7.0,5.0,
3731.0,جادجت العرب,youtube,Tech,image,2025-10-10,نصائح لحماية حسابك من الاختراق,178636,19388.0,30762,744.0,43.0,144.0,
4038.0,أزياء العرب ✅,TikTok,موضة ,story,2024-11-29,أحدث صيحات الموضة لهذا الموسم,13463,6601.0,8963,,31.0,34.0,1
2587.0,اتعلم اونلاين ✅,فيس بوك,تعليم ,نص,2024-03-17,شرح مبسط لأهم قواعد اللغة العربية,5644,3026.0,5886,171.0,18.0,29.0,نعم
1861.0,منصة  التعليم,انستجرام,تعليم,ستوري ,24/03/2025,خطوات عملية لتعلم مهارة جديدة,147903,34455.0,58959,2087.0,244.0,310.0,
3873.0,اليوم السابع نيوز  ,Instagram,اخبار,فيديو ,01/01/2025,بيان رسمي حول القرار الأخير,42310,3732.0,5192,-55.0,2.0,7.0,0
2129.0,أخبار مصر الآن,فيس بوك,اخبار,فيديو,14/01/2025,تفاصيل جديدة حول الحدث الذي شغل الرأي العام,453390,136765.0,192690,5826.0,448.0,455.0,لا
4027.0,فوازير  رمضان,انستجرام,Entertainment,فديو,13/10/2024,أفضل خمس مشاهد كوميدية هذا العام,11998,952.0,1088,48.0,4.0,1.0,
3869.0, أكاديمية المعرفة,انستجرام,تعليم ,صوره,29/01/2024,شرح مبسط لأهم قواعد اللغة العربية,15196,2155.0,4038,55.0,2.0,6.0,نعم
419.0,موضة اليوم  ,Twitter,موضة,صور,23-07-2024,إطلالات بسيطة وأنيقة لكل يوم,42617,17869.0,31426,382.0,44.0,11.0,1
1462.0,بوابة الأحداث  ,فيسبوك ,أخبار,فيديو ,2025-08-18,تفاصيل جديدة حول الحدث الذي شغل الرأي العام,35737,17563.0,20503,1408.0,103.0,82.0,
1485.0,ستايل بنات ✅,إنستغرام,موضة ,فيديو,2024-04-14,أحدث صيحات الموضة لهذا الموسم,263999,35571.0,63168,832.0,53.0,120.0,
2546.0, أزياء العرب,يوتيوب ,موضة ,Reel,2025-06-13,موديلات جديدة من أشهر الماركات,43590,5251.0,10328,260.0,17.0,42.0,
3122.0,ملعب مصر,X,كورة,ريلز,,تحليل فني لأداء الفريق هذا الموسم,17651,5772.0,10697,325.0,27.0,17.0,1
231.0,اليوم السابع نيوز,تيك توك,News,story,,تفاصيل جديدة حول الحدث الذي شغل الرأي العام,18618,1759.0,2609,38.0,2.0,7.0,
1357.0,اليوم  السابع  نيوز,فيسبوك ,News,image,2024-03-09,بيان رسمي حول القرار الأخير,13959,3495.0,4975,246.0,26.0,11.0,
3012.0,ستايل بنات ✅,تيكتوك,أزياء,فيديو ,2024-07-22,إطلالات بسيطة وأنيقة لكل يوم,15589,3317.0,4597,186.0,21.0,10.0,لا
852.0,تكنولوجيا بلس,tiktok,تقنيه,صور,2025-03-14,نصائح لحماية حسابك من الاختراق,93789,17826.0,28285,919.0,25.0,34.0,1
1005.0,ملعب  مصر,انستغرام,رياضة,منشور نصي,,أهم أحداث مباراة اليوم بالتفصيل,23203,7347.0,10476,303.0,31.0,4.0,No
1997.0,مطبخ  سارة,تويتر (X),طبخ ,reels,2025-10-30,طريقة عمل الكنافة بالقشطة خطوة بخطوة,16804,7920.0,12152,276.0,32.0,50.0,
1835.0,كورة  كل  يوم,فيسبوك ,كورة,ستوري ,27/04/2025,تحليل فني لأداء الفريق هذا الموسم,59397,19307.0,21700,423.0,57.0,49.0,
3574.0,أكاديمية المعرفة ✅,تويتر,تعليم ,فيديو,19/04/2025,خطوات عملية لتعلم مهارة جديدة,45087,10252.0,14502,635.0,65.0,22.0,نعم
437.0, أكاديمية المعرفة,يوتيوب ,Education,ستوري,21-03-2025,دورة مجانية لتعلم أساسيات البرمجة,266336,150467.0,162024,10771.0,837.0,152.0,
1317.0, أخبار مصر الآن,تيك توك,أخبار,منشور نصي,2024-03-18,ملخص أهم الأخبار المحلية اليوم,100301,28095.0,42957,1992.0,48.0,244.0,نعم
3328.0,أخبار الرياضة ✅,فيسبوك,كورة,فديو,11/05/2024,أفضل اللقطات من الجولة الأخيرة,13713,4575.0,9671,112.0,11.0,14.0,لا
1624.0,أزياء العرب ✅,تويتر(X),موضة,صوره,2025-05-06,موديلات جديدة من أشهر الماركات,40396,22231.0,35816,1216.0,113.0,69.0,
1481.0,فوازير  رمضان,إنستغرام,كوميدي,صوره,27/10/2024,أطرف المواقف اللي حصلت الأسبوع ده,15299,3899.0,6031,84.0,5.0,14.0,لا
1649.0,أزياء العرب,FB,أزياء,Reel,2024-02-02,نصائح لاختيار الألوان المناسبة لبشرتك,205672,122653.0,142018,1148.0,147.0,196.0,1
1004.0, كورة كل يوم,يوتيوب ,كورة,نص,2025-04-27,أهم أحداث مباراة اليوم بالتفصيل,27951,5337.0,6556,262.0,32.0,6.0,نعم
1279.0,موضة اليوم,تويتر(X),موضة,صوره,2025-09-11,  أفكار تنسيق ملابس اقتصادية   ,17756,3253.0,3912,199.0,15.0,21.0,1
3081.0,جادجت العرب ✅,تويتر(X),تقنية,نص,06/01/2024,خمس تطبيقات تساعدك في تنظيم وقتك,37777,22356.0,28667,1523.0,159.0,74.0,
1824.0,اتعلم اونلاين  ,انستجرام,تعليم ,نص,2024-01-29,دورة مجانية لتعلم أساسيات البرمجة,21128,3809.0,6979,439.0,22.0,12.0,Yes
3677.0, وصفات ماما,يوتيوب , طبخ,فديو,13/07/2025,حلويات رمضان بمكونات بسيطة,17098,6782.0,12184,753.0,79.0,8.0,
502.0,عالم الطبخ  ,تويتر (X), طبخ,فديو,2025-07-17,أسرار المطبخ اللي محدش بيقولهالك,71779,34879.0,61135,2103.0,167.0,161.0,
1837.0,أخبار الرياضة,Facebook,كورة,video,2024-03-04,أفضل اللقطات من الجولة الأخيرة,5475,1255.0,2702,23.0,1.0,4.0,No
476.0,عالم التقنية ✅,إنستغرام,تكنولوجيا,صورة,2025-07-04,خمس تطبيقات تساعدك في تنظيم وقتك,168108,27973.0,61393,"2,833",352.0,413.0,
2353.0,,youtube,Education,صورة,2025-10-24,خطوات عملية لتعلم مهارة جديدة,47129,16511.0,35488,1412.0,93.0,162.0,0
2283.0,أخبار الرياضة,تيك توك,Sports,story,2024-02-11,تحليل فني لأداء الفريق هذا الموسم,38796,21206.0,44323,1166.0,174.0,77.0,لا
3147.0,اتعلم اونلاين,إنستغرام,Education,image,2025-07-19,شرح مبسط لأهم قواعد اللغة العربية,6363,3279.0,6841,112.0,13.0,7.0,
1547.0,اليوم  السابع  نيوز,youtube,اخبار,video,2024-11-28,تغطية مباشرة لفعاليات المؤتمر,150269,82033.0,172151,5348.0,124.0,443.0,0
336.0,وصفات ماما ✅,YouTube,طبخ,text,2024-07-23,وصفة سريعة ولذيذة لعشاء اليوم,32545,6804.0,14152,122.0,7.0,21.0,0
3044.0,جادجت العرب,يوتيوب ,Tech,فيديو,11/03/2025,خمس تطبيقات تساعدك في تنظيم وقتك,143601,77541.0,84615,5224.0,422.0,961.0,
2618.0,وصفات ماما,إنستغرام,,صوره,19-08-2024,أسرار المطبخ اللي محدش بيقولهالك,90525,37453.0,66761,"2,554",193.0,72.0,
89.0,اليوم السابع نيوز  ,يوتيوب ,News,image,2025-11-30,ملخص أهم الأخبار المحلية اليوم,7284,1442.0,2094,7.0,0.0,0.0,Yes
875.0,اليوم السابع نيوز  ,إنستغرام,أخبار,صوره,2025-04-01,ملخص أهم الأخبار المحلية اليوم,32376,9928.0,10555,82.0,7.0,8.0,0
4003.0,أزياء  العرب,tiktok,,reels,28/02/2025,أحدث صيحات الموضة لهذا الموسم,28034,16420.0,32565,172.0,17.0,7.0,
544.0,اليوم  السابع  نيوز,تيكتوك,اخبار,فديو,2025-06-26,آخر التطورات في الساعات الماضية,64851,27783.0,31796,2109.0,212.0,110.0,
1242.0,تكنولوجيا بلس  ,FB,تقنيه,نص,2024-09-03,خمس تطبيقات تساعدك في تنظيم وقتك,127327,63649.0,108536,1474.0,94.0,148.0,
3001.0,أزياء العرب,تيكتوك,موضة ,نص,2025-08-02,أحدث صيحات الموضة لهذا الموسم,22048,2354.0,3090,20.0,2.0,0.0,
2761.0,فوازير رمضان,تيك توك,كوميدي,ستوري ,21/05/2024,تحدي جديد بين المتابعين,13697,3807.0,3957,57.0,3.0,10.0,1
1138.0,فوازير  رمضان,فيسبوك,كوميدي,reels,25/03/2025,أطرف المواقف اللي حصلت الأسبوع ده,26040,2690.0,4459,211.0,21.0,8.0,1
1881.0,اليوم السابع نيوز  ,تويتر(X),اخبار,Reel,,ملخص أهم الأخبار المحلية اليوم,7538,382.0,638,27.0,1.0,2.0,
2610.0,تكنولوجيا  بلس,insta,تقنيه,ستوري,29-11-2025,مراجعة كاملة لأحدث هاتف صدر هذا الشهر,33716,2217.0,3858,112.0,9.0,16.0,نعم
652.0,منصة التعليم,إنستغرام,تعليم,فديو,22/01/2024,دورة مجانية لتعلم أساسيات البرمجة,32142,17782.0,35789,1071.0,,24.0,No
3787.0,وصفات ماما,insta,Food,ستوري,2025-06-14,أسرار المطبخ اللي محدش بيقولهالك,92350,20786.0,23134,733.0,77.0,33.0,لا
2270.0,منصة التعليم,FB,تعليم ,ستوري,29-07-2024,نصائح للطلاب الجدد في الجامعة,15085,3595.0,6042,102.0,12.0,4.0,نعم
320.0,منصة التعليم  ,فيسبوك,تعليم ,صورة,26-06-2024,شرح مبسط لأهم قواعد اللغة العربية,40742,13407.0,27471,729.0,108.0,25.0,نعم
520.0,بوابة الأحداث  ,Facebook,أخبار,text,2025-04-11,ملخص أهم الأخبار المحلية اليوم,28665,4344.0,6127,220.0,7.0,32.0,
3519.0,مطبخ سارة,تويتر(X),طبخ ,reels,24/03/2025,حلويات رمضان بمكونات بسيطة,13791,7985.0,10612,412.0,48.0,7.0,
879.0,أكاديمية المعرفة,يوتيوب,تعليم,video,2024-01-14,كيف تذاكر بفعالية قبل الامتحانات,4425,2521.0,4558,24.0,1.0,2.0,0
2573.0,بوابة الأحداث  ,تويتر (X),News,منشور نصي,22/08/2024,تغطية مباشرة لفعاليات المؤتمر,62473,31957.0,61069,2323.0,104.0,439.0,1
826.0,اليوم  السابع  نيوز,insta,News,video,04/02/2024,تفاصيل جديدة حول الحدث الذي شغل الرأي العام,51894,21008.0,21435,1498.0,57.0,18.0,
3247.0,كورة كل يوم ✅,فيس بوك,كورة,صور,2025-11-27,أهم أحداث مباراة اليوم بالتفصيل,31968,10370.0,13001,207.0,19.0,11.0,
1291.0,تكنولوجيا بلس ✅,انستغرام,تكنولوجيا,text,2024-12-12,نصائح لحماية حسابك من الاختراق,58132,29873.0,57179,349.0,41.0,60.0,
3079.0,أزياء العرب,انستجرام,موضة ,reels,,أفكار تنسيق ملابس اقتصادية,57571,11785.0,22999,643.0,44.0,,0
3907.0,وصفات ماما ✅,يوتيوب,طبخ ,reels,2024-08-09,وصفة سريعة ولذيذة لعشاء اليوم,44183,8247.0,14249,732.0,50.0,16.0,نعم
3951.0,أكاديمية المعرفة,youtube,تعليم,reels,2025-05-04,نصائح للطلاب الجدد في الجامعة,147973,80571.0,102259,"4,640",323.0,140.0,
139.0,بوابة الأحداث ✅,تيكتوك,أخبار,reels,,آخر التطورات في الساعات الماضية,63563,27379.0,55279,734.0,35.0,145.0,
164.0,ستايل بنات  ,تويتر,أزياء,reels,2024-10-31,أحدث صيحات الموضة لهذا الموسم,48003,10346.0,19138,109.0,7.0,13.0,نعم
1619.0, فوازير رمضان,إنستغرام,كوميدي,ريلز,30/06/2024,أفضل خمس مشاهد كوميدية هذا العام,578604,210142.0,313656,5122.0,187.0,152.0,
4198.0,تكنولوجيا بلس ✅,insta,تقنيه,فيديو ,2025-08-17,مقارنة بين أفضل اللابتوبات لعام هذا,50512,21994.0,23584,349.0,15.0,,1
1792.0,منصة  التعليم,تويتر (X),تعليم ,فديو,2024-05-12,شرح مبسط لأهم قواعد اللغة العربية,31057,17740.0,25588,95.0,14.0,,
1046.0,عالم  الطبخ,تيك توك, طبخ,ستوري,2024-06-09,أسرار المطبخ اللي محدش بيقولهالك,9177,2984.0,6185,205.0,25.0,3.0,1
961.0,أخبار مصر الآن ✅,insta,News,صوره,2024-10-28,ملخص أهم الأخبار المحلية اليوم,30642,9061.0,9138,668.0,60.0,92.0,
2880.0,بوابة  الأحداث,youtube,أخبار,ستوري,22/10/2025,تفاصيل جديدة حول الحدث الذي شغل الرأي العام,74303,,45702,339.0,45.0,61.0,لا
1751.0,فوازير رمضان,تيكتوك,Entertainment,صور,2024-11-21,نكت وضحك من غير توقف,82737,10547.0,21647,250.0,19.0,18.0,0
3910.0,أخبار مصر الآن,Instagram,اخبار,ريلز,2025-08-09,بيان رسمي حول القرار الأخير,36523,2255.0,3906,117.0,12.0,10.0,
3933.0,كوميديا العرب,YouTube,كوميدي,صورة,08/10/2025,أطرف المواقف اللي حصلت الأسبوع ده,274543,30845.0,64815,618.0,28.0,26.0,
1505.0,ستايل  بنات,تيك توك,موضة ,reels,2024-05-24,أفكار تنسيق ملابس اقتصادية,24731,8233.0,14049,680.0,67.0,60.0,
3499.0,تكنولوجيا  بلس,tiktok,تقنية,صوره,30/05/2025,مقارنة بين أفضل اللابتوبات لعام هذا,74141,31214.0,62221,1322.0,43.0,152.0,
1044.0,موضة  اليوم,تيكتوك,موضة,Reel,07/08/2025,أفكار تنسيق ملابس اقتصادية,37249,21236.0,31656,1354.0,138.0,129.0,
3678.0,عالم التقنية,يوتيوب,تقنيه,فيديو ,23/04/2024,كل ما تريد معرفته عن الذكاء الاصطناعي,23369,5782.0,9342,303.0,43.0,53.0,نعم
1060.0,اليوم السابع نيوز,تويتر(X),News,text,14/05/2024,آخر التطورات في الساعات الماضية,122820,30291.0,40375,-2096.0,279.0,157.0,لا
2682.0,أخبار مصر الآن,فيسبوك,أخبار,فديو,01/06/2025,تغطية مباشرة لفعاليات المؤتمر,51398,28807.0,46844,,38.0,70.0,
3291.0,موضة اليوم,tiktok,موضة ,صوره,2025-09-11,موديلات جديدة من أشهر الماركات,17725,5379.0,5678,174.0,10.0,24.0,1
495.0,عالم  الطبخ,يوتيوب ,طبخ,ريلز,25-12-2025,حلويات رمضان بمكونات بسيطة,34582,15835.0,25194,897.0,60.0,155.0,
656.0, تكنولوجيا بلس,tiktok,تقنية,ستوري,2024-08-29,مقارنة بين أفضل اللابتوبات لعام هذا,23196,1286.0,2486,74.0,6.0,14.0,
2065.0,منصة التعليم ✅,tiktok,تعليم ,ستوري,2024-03-24,كيف تذاكر بفعالية قبل الامتحانات,16159,9610.0,13926,694.0,85.0,108.0,
2965.0,جادجت العرب  ,انستغرام,تقنية,ريلز,17/03/2024,مراجعة كاملة لأحدث هاتف صدر هذا الشهر,21168,9683.0,10962,724.0,82.0,138.0,
3623.0,فوازير  رمضان,تويتر (X),ترفيه,text,29-01-2025,أطرف المواقف اللي حصلت الأسبوع ده,29330,14653.0,26879,63.0,1.0,8.0,
138.0,كوميديا  العرب,فيسبوك ,ترفيه,فيديو ,2024-10-18,نكت وضحك من غير توقف,96043,54997.0,84431,1180.0,157.0,175.0,1
3573.0,مطبخ سارة,FB,أكل وطبخ,منشور نصي,2024-03-27,حلويات رمضان بمكونات بسيطة,193691,11122.0,23139,521.0,13.0,19.0,
1977.0, ملعب مصر,إنستغرام,Sports,ستوري,2024-07-26,أخبار الانتقالات الصيفية,32022,6386.0,9082,78.0,11.0,5.0,
1582.0,وصفات ماما,إنستغرام,أكل وطبخ,فيديو ,04/06/2024,طريقة عمل الكنافة بالقشطة خطوة بخطوة,34171,2177.0,3220,165.0,12.0,11.0,Yes
698.0, اتعلم اونلاين,تويتر (X),تعليم,text,2025-12-15,نصائح للطلاب الجدد في الجامعة,16737,5461.0,7609,301.0,24.0,22.0,No
1098.0,جادجت العرب,tiktok,تقنيه,Reel,15/06/2024,نصائح لحماية حسابك من الاختراق,69030,17094.0,26844,685,93.0,28.0,
3439.0,كوميديا العرب,تيكتوك,ترفيه,فديو,02/10/2024,تحدي جديد بين المتابعين,7350,2885.0,3284,35.0,3.0,3.0,نعم
3984.0,اتعلم  اونلاين,TikTok,تعليم,فيديو ,2025-10-22,نصائح للطلاب الجدد في الجامعة,11399,6063.0,10550,291.0,33.0,36.0,Yes
2454.0,عالم  الطبخ,YouTube,طبخ,ستوري,04/08/2024,حلويات رمضان بمكونات بسيطة,34677,18865.0,29439,840.0,116.0,12.0,نعم
2497.0,أخبار مصر الآن,فيس بوك,اخبار,فديو,03-05-2025,ملخص أهم الأخبار المحلية اليوم,25983,7269.0,8659,291.0,7.0,31.0,No
1393.0,اليوم السابع نيوز  ,فيسبوك ,أخبار,نص,28-08-2025,بيان رسمي حول القرار الأخير,140370,57648.0,92030,423.0,47.0,37.0,لا
2084.0,اتعلم اونلاين ✅,تويتر,تعليم,صورة,2025-10-07,خطوات عملية لتعلم مهارة جديدة,17718,2997.0,5971,,6.0,29.0,
1267.0,ستايل بنات,Facebook,أزياء,صوره,2025-11-10,أفكار تنسيق ملابس اقتصادية,28083,5589.0,7504,190.0,4.0,4.0,لا
2376.0,عالم  الطبخ,تيك توك, طبخ,text,2025-08-08,أكلة اقتصادية وسهلة التحضير,49669,23539.0,42279,534.0,64.0,102.0,
2366.0,أخبار الرياضة ✅,فيسبوك,كورة,,2024-10-17,تحليل فني لأداء الفريق هذا الموسم,110320,41259.0,86570,4416.0,471.0,859.0,
136.0, ستايل بنات,يوتيوب ,أزياء,منشور نصي,01/09/2024,أفكار تنسيق ملابس اقتصادية,41027,18482.0,29471,1203.0,62.0,199.0,No
1170.0,كورة كل يوم ✅,YouTube,رياضة,ستوري ,2024-06-11,أهم أحداث مباراة اليوم بالتفصيل,48976,14214.0,23086,335.0,16.0,21.0,
2575.0,أكاديمية المعرفة,X,تعليم ,video,12/11/2024,نصائح للطلاب الجدد في الجامعة,116180,19631.0,31547,2230.0,242.0,360.0,
2136.0,جادجت العرب,insta,تقنيه,reels,2024-05-06,نصائح لحماية حسابك من الاختراق,12240,3355.0,3461,36.0,5.0,5.0,
1504.0,ملعب مصر ✅,تيكتوك,رياضة ,video,01-08-2025,أفضل اللقطات من الجولة الأخيرة,7069,3679.0,4084,276.0,27.0,10.0,نعم
1363.0,ستايل بنات  ,Twitter,أزياء,صورة,2024-08-14,أفكار تنسيق ملابس اقتصادية,14399,7443.0,12101,771.0,84.0,8.0,
3643.0,عالم الطبخ,يوتيوب ,طبخ,ستوري,06-08-2025,أكلة اقتصادية وسهلة التحضير,10331,5995.0,6768,664.0,49.0,99.0,
3368.0,أكاديمية المعرفة ✅,youtube,تعليم ,فيديو,2025-01-03,دورة مجانية لتعلم أساسيات البرمجة,55462,25771.0,49875,1983.0,292.0,376.0,
149.0,عالم التقنية,إنستغرام,تقنية,reels,23/05/2025,كل ما تريد معرفته عن الذكاء الاصطناعي,97180,55353.0,86399,"2,788",414.0,150.0,1
304.0, أخبار الرياضة,تويتر(X),Sports,فيديو,2024-06-13,أخبار الانتقالات الصيفية,43459,18205.0,30448,251.0,20.0,43.0,لا
3263.0,منصة التعليم,انستجرام,تعليم,نص,2025-07-29,خطوات عملية لتعلم مهارة جديدة,304954,105683.0,124784,5016.0,720.0,399.0,
1018.0,منصة  التعليم,انستغرام,تعليم,text,2024-01-29,دورة مجانية لتعلم أساسيات البرمجة,18970,6588.0,13304,297.0,24.0,35.0,
1925.0,عالم الطبخ,X, طبخ,image,22/05/2025,طريقة عمل الكنافة بالقشطة خطوة بخطوة,77896,45193.0,95666,3384.0,157.0,384.0,لا
1053.0,اليوم السابع نيوز,Instagram,أخبار,reels,2025-05-10,تغطية مباشرة لفعاليات المؤتمر,26339,5960.0,11284,539.0,71.0,63.0,
4127.0, أخبار الرياضة,فيسبوك ,Sports,image,2025-07-29,تحليل فني لأداء الفريق هذا الموسم,22523,8201.0,10911,392.0,48.0,70.0,
2414.0,مطبخ  سارة,إنستغرام,طبخ,story,2025-09-25,أسرار المطبخ اللي محدش بيقولهالك,6401,3561.0,3888,233.0,19.0,33.0,لا
2638.0,ضحك ونكت  ,يوتيوب,كوميدي,ريلز,21-06-2025,نكت وضحك من غير توقف,20535,10386.0,17812,904.0,133.0,59.0,
3560.0,أخبار مصر الآن,insta,أخبار,story,,آخر التطورات في الساعات الماضية,11557,2747.0,3891,177.0,8.0,28.0,
1905.0,جادجت العرب  ,فيس بوك,تكنولوجيا,صورة,2024-02-08,نصائح لحماية حسابك من الاختراق,21098,12354.0,18241,635.0,53.0,15.0,
4045.0, عالم الطبخ,إنستغرام, طبخ,صور,22/12/2025,طريقة عمل الكنافة بالقشطة خطوة بخطوة,28798,7298.0,11962,43.0,4.0,6.0,
199.0,فوازير  رمضان,X,ترفيه,reels,2025-06-28,نكت وضحك من غير توقف,19462,10265.0,12447,812.0,115.0,113.0,No
1769.0,تكنولوجيا بلس,فيسبوك,تكنولوجيا,story,2025-10-30,كل ما تريد معرفته عن الذكاء الاصطناعي,11010,2370.0,4237,199.0,8.0,12.0,Yes
2876.0,ضحك  ونكت,insta,Entertainment,reels,07/06/2025,أطرف المواقف اللي حصلت الأسبوع ده,90079,53570.0,98656,1184.0,75.0,89.0,0
2241.0, ستايل بنات,يوتيوب ,,صورة,2024-05-13,إطلالات بسيطة وأنيقة لكل يوم,43064,6584.0,12763,629.0,68.0,46.0,
405.0,اليوم السابع نيوز,Instagram,اخبار,text,05/12/2025,ملخص أهم الأخبار المحلية اليوم,19980,7489.0,13429,85.0,9.0,3.0,0
4053.0,كوميديا العرب,يوتيوب,كوميدي,فيديو,2025-01-27,مقاطع مضحكة من كواليس التصوير,7947,1396.0,2476,26.0,2.0,3.0,لا
3168.0,أزياء العرب,YouTube,موضة ,نص,2025-05-17,أفكار تنسيق ملابس اقتصادية,48064,10373.0,18306,462.0,47.0,23.0,لا
484.0, كوميديا العرب,انستغرام,Entertainment,صورة,2025-03-16,مقاطع مضحكة من كواليس التصوير,17012,2690.0,5070,94.0,14.0,1.0,
1183.0,ملعب  مصر,Instagram,كورة,فيديو ,08/01/2025,تشكيلة المنتخب المتوقعة في المباراة القادمة,42078,19970.0,39817,471,49.0,83.0,نعم
1340.0,كورة  كل  يوم,فيس بوك,كورة,صوره,2024-06-17,تشكيلة المنتخب المتوقعة في المباراة القادمة,24723,4376.0,8280,267.0,32.0,13.0,
1281.0,ستايل بنات ✅,insta,موضة,story,2025-02-08,نصائح لاختيار الألوان المناسبة لبشرتك,23149,5101.0,8295,312.0,35.0,23.0,
1032.0, كورة كل يوم,انستجرام,رياضة,reels,31/03/2025,أفضل اللقطات من الجولة الأخيرة,193351,49380.0,72106,4299.0,429.0,315.0,لا
792.0,ضحك  ونكت,فيس بوك,كوميدي,Reel,03/01/2025,تحدي جديد بين المتابعين,106333,7597.0,11750,675.0,86.0,133.0,Yes
800.0,أخبار مصر الآن ✅,تيكتوك,News,منشور نصي,09/12/2025,تغطية مباشرة لفعاليات المؤتمر,20524,,13096,136.0,19.0,5.0,
2433.0,ستايل بنات,تويتر,أزياء,فيديو ,2025-09-06,أفكار تنسيق ملابس اقتصادية,136200,27689.0,45054,793.0,114.0,136.0,1
2799.0,جادجت  العرب,تويتر (X),تقنيه,image,2024-02-12,مراجعة كاملة لأحدث هاتف صدر هذا الشهر,47787,19207.0,24435,548.0,74.0,32.0,
1202.0,كوميديا العرب,فيس بوك,كوميدي,ستوري,2025-10-05,تحدي جديد بين المتابعين,56225,12798.0,16441,361.0,42.0,38.0,No
423.0, مطبخ سارة,FB,Food,image,2025-11-21,أكلة اقتصادية وسهلة التحضير,17645,1615.0,3458,40.0,3.0,5.0,لا
2363.0,وصفات ماما,FB,طبخ,Reel,08/12/2024,حلويات رمضان بمكونات بسيطة,68727,29889.0,64269,1879.0,245.0,257.0,
1952.0,أخبار الرياضة,يوتيوب,Sports,ستوري,06/04/2024,تشكيلة المنتخب المتوقعة في المباراة القادمة,92357,29831.0,46752,1152.0,48.0,88.0,
3070.0, بوابة الأحداث,تيك توك,اخبار,Reel,03/10/2024,تغطية مباشرة لفعاليات المؤتمر,93497,12290.0,21665,1273.0,156.0,55.0,No
3430.0,عالم التقنية ✅,تويتر,تقنيه,صوره,27/01/2024,نصائح لحماية حسابك من الاختراق,23691,8643.0,17902,221.0,29.0,,
1884.0,فوازير رمضان,انستغرام,Entertainment,text,2025-12-01,نكت وضحك من غير توقف,33496,3332.0,4477,320.0,21.0,57.0,لا
3361.0,اليوم  السابع  نيوز,تويتر (X),News,text,14/09/2025,تغطية مباشرة لفعاليات المؤتمر,69480,26854.0,48379,673.0,68.0,88.0,No
4188.0,أزياء العرب,فيسبوك ,أزياء,ستوري,,إطلالات بسيطة وأنيقة لكل يوم,4056,1277.0,2796,42.0,5.0,,
1480.0,تكنولوجيا بلس,Twitter,تقنيه,نص,09/06/2024,كل ما تريد معرفته عن الذكاء الاصطناعي,57176,3209.0,4142,184.0,15.0,32.0,1
2592.0,موضة اليوم  ,إنستغرام,موضة,نص,18/03/2024,إطلالات بسيطة وأنيقة لكل يوم,58290,30938.0,67246,1842.0,139.0,166.0,0
2962.0,ستايل  بنات,يوتيوب ,موضة,صور,2024-12-08,نصائح لاختيار الألوان المناسبة لبشرتك,14299,2765.0,5792,14.0,1.0,1.0,Yes
1929.0,ضحك ونكت,Instagram,كوميدي,ستوري ,19/01/2025,أطرف المواقف اللي حصلت الأسبوع ده,36161,9740.0,18510,83.0,8.0,8.0,
2711.0,أخبار مصر الآن,YouTube,اخبار,صورة,2025-07-19,بيان رسمي حول القرار الأخير,30815,13254.0,17112,770.0,60.0,133.0,
3831.0, بوابة الأحداث,تيك توك,News,image,28-10-2024,آخر التطورات في الساعات الماضية,52171,19143.0,21266,1173.0,147.0,216.0,
1530.0,أخبار الرياضة,إنستغرام,,نص,17/08/2024,أفضل اللقطات من الجولة الأخيرة,5538,1439.0,2506,95.0,13.0,11.0,
903.0,ضحك ونكت,يوتيوب ,ترفيه,text,2024-02-08,نكت وضحك من غير توقف,90035,50366.0,50915,482.0,51.0,86.0,
2810.0,ستايل بنات ✅,يوتيوب ,موضة ,video,2025-10-12,موديلات جديدة من أشهر الماركات,7958,4702.0,6416,197.0,7.0,30.0,Yes
686.0, أخبار مصر الآن,تيك توك,News,,2025-04-28,تغطية مباشرة لفعاليات المؤتمر,33128,11223.0,20748,297.0,10.0,14.0,No
1552.0,أكاديمية المعرفة  ,فيس بوك,تعليم ,فيديو,17/10/2024,كيف تذاكر بفعالية قبل الامتحانات,129560,39434.0,52657,1181.0,49.0,107.0,0
2482.0, فوازير رمضان,YouTube,Entertainment,فيديو ,2024-07-25,أطرف المواقف اللي حصلت الأسبوع ده,24508,10553.0,20956,636.0,51.0,92.0,0
160.0, أخبار مصر الآن,YouTube,أخبار,فديو,,تغطية مباشرة لفعاليات المؤتمر,116925,58953.0,68069,2303.0,94.0,380.0,
1000.0,عالم الطبخ  ,tiktok,Food,story,2024-07-08,أكلة اقتصادية وسهلة التحضير,17237,950.0,1454,7.0,0.0,0.0,No
3708.0, فوازير رمضان,انستغرام,ترفيه,منشور نصي,2024-04-24,مقاطع مضحكة من كواليس التصوير,29524,14183.0,25139,522.0,62.0,63.0,Yes
3433.0,كورة كل يوم ✅,youtube,رياضة,image,,أفضل اللقطات من الجولة الأخيرة,49375,8375.0,18283,679.0,21.0,45.0,0
561.0,منصة التعليم,Facebook,تعليم ,فديو,18-04-2024,نصائح للطلاب الجدد في الجامعة,45355,21712.0,22134,1325.0,179.0,262.0,
2251.0,فوازير رمضان,YouTube,ترفيه,reels,2025-12-16,نكت وضحك من غير توقف,44239,17950.0,38850,592.0,53.0,49.0,
3072.0,ضحك ونكت ✅,Facebook,ترفيه,ستوري ,2025-10-13,أطرف المواقف اللي حصلت الأسبوع ده,82689,43318.0,44806,3021.0,301.0,428.0,
3998.0,ضحك  ونكت,انستجرام,ترفيه,فيديو,2025-11-03,تحدي جديد بين المتابعين,5100,2030.0,4019,10.0,0.0,1.0,0
2690.0,بوابة الأحداث ✅,فيسبوك,اخبار,reels,2024-09-23,ملخص أهم الأخبار المحلية اليوم,21118,8390.0,12270,232.0,28.0,41.0,
113.0,كورة كل يوم ✅,TikTok,Sports,text,,أهم أحداث مباراة اليوم بالتفصيل,38396,14406.0,21303,119.0,14.0,1.0,1
1088.0,وصفات ماما,Facebook,أكل وطبخ,ستوري,2024-07-16,طريقة عمل الكنافة بالقشطة خطوة بخطوة,31274,1721.0,3016,70.0,3.0,5.0,
3380.0,أكاديمية  المعرفة,فيسبوك,تعليم,image,02-07-2024,شرح مبسط لأهم قواعد اللغة العربية,15312,7865.0,9518,665.0,75.0,109.0,
3194.0,ملعب مصر,تويتر,Sports,ستوري ,2024-07-10,أهم أحداث مباراة اليوم بالتفصيل,61252,3466.0,4923,39,3.0,7.0,
1447.0,فوازير رمضان ✅,يوتيوب,ترفيه,ستوري,2025-08-11,نكت وضحك من غير توقف,17141,1323.0,2670,7.0,0.0,0.0,
1953.0,عالم التقنية,تيك توك,تقنية,فيديو ,01/08/2025,كل ما تريد معرفته عن الذكاء الاصطناعي,99048,55738.0,114349,1941.0,58.0,114.0,
3029.0,اتعلم اونلاين,تويتر (X),Education,ستوري ,2025-01-08,خطوات عملية لتعلم مهارة جديدة,18489,7943.0,7943,730.0,73.0,99.0,
923.0,أخبار مصر الآن,تويتر (X),أخبار,Reel,2024-10-18,بيان رسمي حول القرار الأخير,9548,3393.0,5541,189.0,25.0,12.0,لا
1625.0, عالم الطبخ,TikTok,طبخ ,صوره,2024-03-16,وصفة سريعة ولذيذة لعشاء اليوم,256032,48989.0,52056,184.0,3.0,5.0,
3932.0,أخبار مصر الآن,insta,أخبار,video,2024-09-02,تفاصيل جديدة حول الحدث الذي شغل الرأي العام,9623,2557.0,4830,65.0,2.0,1.0,No
2854.0,كورة  كل  يوم,انستجرام,رياضة ,فيديو ,2025-10-02,تشكيلة المنتخب المتوقعة في المباراة القادمة,155380,39143.0,45009,1242.0,68.0,106.0,نعم
3841.0,ضحك ونكت  ,Twitter,ترفيه,فيديو ,2024-07-12,أطرف المواقف اللي حصلت الأسبوع ده,100850,40606.0,63866,3051.0,444.0,545.0,No
2956.0,أكاديمية المعرفة ✅,YouTube,تعليم ,ستوري ,,دورة مجانية لتعلم أساسيات البرمجة,89199,43244.0,53688,2215.0,90.0,349.0,
1320.0,وصفات ماما,تويتر(X),طبخ,Reel,2025-03-18,أكلة اقتصادية وسهلة التحضير,34894,3796.0,6095,269.0,34.0,6.0,Yes
1664.0,كوميديا العرب,تويتر (X),Entertainment,Reel,17/04/2025,تحدي جديد بين المتابعين,75144,43115.0,84142,2649.0,373.0,242.0,لا
816.0,كورة كل يوم,TikTok,رياضة,فديو,2024-03-30,أهم أحداث مباراة اليوم بالتفصيل,313303,53655.0,64250,"2,693",302.0,241.0,0
3981.0,أكاديمية المعرفة  ,تيك توك,تعليم,ستوري ,2024-11-29,كيف تذاكر بفعالية قبل الامتحانات,74526,27225.0,38177,920.0,53.0,133.0,
2267.0,تكنولوجيا  بلس,انستغرام,تقنيه,صورة,09/02/2024,نصائح لحماية حسابك من الاختراق,30119,15531.0,18476,106.0,3.0,20.0,
1474.0,ضحك ونكت ✅,فيسبوك ,Entertainment,صوره,20/02/2025,نكت وضحك من غير توقف,48783,25916.0,45015,493.0,40.0,94.0,
1774.0,مطبخ سارة,tiktok,طبخ,ريلز,21/06/2024,طريقة عمل الكنافة بالقشطة خطوة بخطوة,59939,26492.0,54530,796.0,115.0,73.0,
680.0,فوازير  رمضان,إنستغرام,ترفيه,نص,2024-03-29,تحدي جديد بين المتابعين,46304,13107.0,18488,1178.0,98.0,,Yes
3894.0,اليوم السابع نيوز,تيكتوك,اخبار,text,2024-02-17,بيان رسمي حول القرار الأخير,12133,4534.0,7965,75.0,3.0,8.0,
1094.0,أكاديمية المعرفة  ,YouTube,Education,صوره,2025-04-05,كيف تذاكر بفعالية قبل الامتحانات,19309,10317.0,15429,427.0,8.0,24.0,
81.0,فوازير رمضان,insta,كوميدي,image,,مقاطع مضحكة من كواليس التصوير,53319,17112.0,23862,927.0,27.0,31.0,
1951.0,بوابة الأحداث  ,Instagram,اخبار,صوره,2025-01-02,ملخص أهم الأخبار المحلية اليوم,47193,24700.0,25156,272.0,30.0,6.0,
4189.0,ستايل بنات,Facebook,أزياء,صور,,موديلات جديدة من أشهر الماركات,15523,920.0,1096,28.0,1.0,4.0,
3735.0, كورة كل يوم,insta,كورة,صوره,2024-12-26,أفضل اللقطات من الجولة الأخيرة,220599,55833.0,92532,1651.0,164.0,170.0,
3997.0,اتعلم اونلاين,X,تعليم,image,20/11/2024,كيف تذاكر بفعالية قبل الامتحانات,80372,31403.0,68313,1262.0,49.0,195.0,لا
2801.0,اتعلم  اونلاين,FB,,صوره,12/10/2025,نصائح للطلاب الجدد في الجامعة,14583,6413.0,10563,418.0,54.0,27.0,نعم
1240.0,أخبار مصر الآن,يوتيوب,أخبار,صورة,2025-06-20,تغطية مباشرة لفعاليات المؤتمر,66008,18896.0,31465,718,74.0,52.0,
330.0,فوازير رمضان,insta,Entertainment,video,,تحدي جديد بين المتابعين,91049,50454.0,76547,1751.0,119.0,217.0,Yes
3103.0,موضة اليوم ✅,انستغرام,موضة ,Reel,2025-01-16,  أفكار تنسيق ملابس اقتصادية   ,124303,44652.0,85455,3929.0,495.0,272.0,
243.0,اتعلم اونلاين,Instagram,تعليم ,نص,2025-11-20,دورة مجانية لتعلم أساسيات البرمجة,40928,12274.0,24710,158.0,6.0,11.0,لا
3732.0, منصة التعليم,فيسبوك ,Education,reels,12-08-2024,دورة مجانية لتعلم أساسيات البرمجة,12860,2684.0,3371,155.0,17.0,23.0,نعم
642.0, كوميديا العرب,تيكتوك,Entertainment,فيديو ,23-05-2025,نكت وضحك من غير توقف,86882,27064.0,54639,886.0,114.0,101.0,لا
697.0,جادجت العرب,فيس بوك,تقنيه,ستوري ,2024-10-13,نصائح لحماية حسابك من الاختراق,248561,72267.0,96267,3694.0,521.0,684.0,Yes
2258.0,مطبخ سارة,YouTube,طبخ,reels,2024-05-23,أسرار المطبخ اللي محدش بيقولهالك,10799,5726.0,7138,48.0,,0.0,No
168.0,بوابة الأحداث,insta,,ستوري ,08-08-2024,بيان رسمي حول القرار الأخير,21981,12594.0,14876,673.0,50.0,88.0,نعم
2819.0,تكنولوجيا بلس ✅,Instagram,تقنيه,ستوري ,12/02/2025,مراجعة كاملة لأحدث هاتف صدر هذا الشهر,111180,62222.0,102245,2464.0,71.0,28.0,Yes
754.0,ضحك ونكت  ,Twitter,ترفيه,story,01-10-2024,تحدي جديد بين المتابعين,75505,38860.0,55632,2367.0,66.0,339.0,
436.0,عالم التقنية  ,تويتر(X),تكنولوجيا,ستوري ,23/04/2025,كل ما تريد معرفته عن الذكاء الاصطناعي,29456,,21986,770.0,86.0,70.0,
1564.0,كوميديا العرب  ,انستجرام,كوميدي,منشور نصي,2025-03-01,تحدي جديد بين المتابعين,341439,194570.0,267822,7024.0,,107.0,Yes
1935.0,منصة التعليم ✅,فيسبوك ,تعليم,فيديو,2025-08-08,نصائح للطلاب الجدد في الجامعة,20891,1939.0,2385,129.0,13.0,10.0,1
3112.0,ضحك ونكت,تيكتوك,كوميدي,Reel,01/06/2024,أفضل خمس مشاهد كوميدية هذا العام,74634,17409.0,32042,1161.0,154.0,59.0,1
4153.0,وصفات  ماما,tiktok,أكل وطبخ,صوره,11/04/2024,أكلة اقتصادية وسهلة التحضير,16265,1030.0,1521,41.0,1.0,1.0,
3494.0,عالم الطبخ ✅,TikTok,طبخ ,نص,31/08/2025,أكلة اقتصادية وسهلة التحضير,26193,3138.0,4116,42.0,1.0,2.0,
3023.0, كوميديا العرب,Twitter,ترفيه,صور,21/03/2024,أطرف المواقف اللي حصلت الأسبوع ده,8407,4397.0,6748,321.0,19.0,18.0,
1713.0,وصفات ماما  ,يوتيوب,Food,Reel,10-02-2024,وصفة سريعة ولذيذة لعشاء اليوم,92393,27932.0,47828,-857.0,126.0,16.0,
552.0,أزياء العرب,تويتر,أزياء,ريلز,20/01/2024,إطلالات بسيطة وأنيقة لكل يوم,4327,2161.0,4573,26.0,1.0,4.0,نعم
3807.0, ضحك ونكت,Twitter,كوميدي,ستوري,2025-09-14,نكت وضحك من غير توقف,227254,45907.0,77301,3745.0,295.0,569.0,
3966.0,أزياء العرب,فيس بوك,أزياء,صور,2025-10-16,نصائح لاختيار الألوان المناسبة لبشرتك,14061,5503.0,11403,94.0,9.0,7.0,
602.0,تكنولوجيا بلس,X,تقنيه,ريلز,02/07/2024,خمس تطبيقات تساعدك في تنظيم وقتك,145006,50405.0,87004,1300.0,122.0,58.0,نعم
1965.0,أخبار الرياضة,فيسبوك,Sports,نص,2025-02-13,أفضل اللقطات من الجولة الأخيرة,125162,38847.0,77505,2361.0,338.0,50.0,لا
1014.0,عالم الطبخ,انستجرام,طبخ ,ستوري,2024-05-20,طريقة عمل الكنافة بالقشطة خطوة بخطوة,15739,3836.0,4913,29.0,3.0,3.0,
3056.0,أزياء العرب  ,تويتر,أزياء,صوره,22/02/2024,أفكار تنسيق ملابس اقتصادية,36927,6112.0,7380,465.0,40.0,30.0,
3742.0,ملعب مصر,YouTube,Sports,منشور نصي,2024-10-23,أخبار الانتقالات الصيفية,262848,157035.0,283176,13428.0,,2453.0,No
1428.0, ضحك ونكت,تيكتوك,ترفيه,Reel,2024-11-03,أطرف المواقف اللي حصلت الأسبوع ده,20768,2483.0,4168,46.0,6.0,4.0,
2013.0,ضحك  ونكت,Instagram,كوميدي,فيديو,2025-07-07,نكت وضحك من غير توقف,65630,21833.0,40400,1021.0,110.0,145.0,لا
3323.0,أزياء العرب,فيس بوك,موضة,ستوري ,2025-04-20,إطلالات بسيطة وأنيقة لكل يوم,87396,35665.0,67001,480.0,18.0,35.0,0
1387.0,ضحك ونكت  ,تويتر,كوميدي,فيديو ,10/06/2025,مقاطع مضحكة من كواليس التصوير,10336,5597.0,7554,249.0,34.0,9.0,لا
1296.0,أزياء العرب,Facebook,أزياء,ريلز,2025-04-05,إطلالات بسيطة وأنيقة لكل يوم,64475,34298.0,46562,157.0,14.0,12.0,1
467.0,أخبار الرياضة,تويتر(X),Sports,ستوري,07/12/2025,أهم أحداث مباراة اليوم بالتفصيل,57711,11285.0,20249,1015.0,120.0,46.0,
1500.0,ستايل بنات,تيكتوك,أزياء,فيديو,21/09/2025,أحدث صيحات الموضة لهذا الموسم,61542,35217.0,49565,492.0,15.0,95.0,
3918.0,أخبار الرياضة  ,تويتر (X),رياضة,منشور نصي,11-03-2025,أفضل اللقطات من الجولة الأخيرة,18261,6497.0,14238,90.0,6.0,10.0,لا
474.0,تكنولوجيا  بلس,انستغرام,تكنولوجيا,ستوري,24/12/2024,مقارنة بين أفضل اللابتوبات لعام هذا,137164,72071.0,122832,5156.0,610.0,,
278.0,ستايل بنات,يوتيوب ,موضة ,فديو,2024-12-20,نصائح لاختيار الألوان المناسبة لبشرتك,52436,3591.0,3860,257.0,22.0,22.0,نعم
1070.0,ملعب مصر,يوتيوب ,كورة,Reel,04-03-2025,أهم أحداث مباراة اليوم بالتفصيل,15196,1491.0,2625,112.0,11.0,2.0,1
1549.0, عالم التقنية,YouTube,تقنيه,منشور نصي,2024-08-29,مراجعة كاملة لأحدث هاتف صدر هذا الشهر,235405,67368.0,103042,642,76.0,118.0,لا
3066.0,اليوم  السابع  نيوز,Twitter,News,صوره,2024-02-08,تفاصيل جديدة حول الحدث الذي شغل الرأي العام,86697,22982.0,30664,1329.0,109.0,92.0,
1025.0, عالم التقنية,فيسبوك,Tech,صورة,20/07/2025,مراجعة كاملة لأحدث هاتف صدر هذا الشهر,74682,23666.0,39098,637.0,19.0,92.0,
1466.0,عالم التقنية,تويتر (X),تقنية,text,17/06/2024,كل ما تريد معرفته عن الذكاء الاصطناعي,53258,29877.0,61222,409.0,27.0,26.0,نعم
2771.0,جادجت العرب ✅,فيسبوك ,تقنيه,فيديو,21/11/2024,نصائح لحماية حسابك من الاختراق,38982,7120.0,13922,84.0,3.0,1.0,
941.0, اتعلم اونلاين,تويتر (X),تعليم ,صور,15-03-2025,دورة مجانية لتعلم أساسيات البرمجة,30024,8655.0,16960,600.0,38.0,42.0,
2835.0, تكنولوجيا بلس,youtube,تقنية,ستوري ,2025-02-04,نصائح لحماية حسابك من الاختراق,20867,,12443,,98.0,13.0,لا
4017.0,منصة  التعليم,tiktok,تعليم,فيديو,2024-01-17,شرح مبسط لأهم قواعد اللغة العربية,17189,4169.0,7290,74.0,4.0,1.0,No
1467.0,مطبخ سارة,Facebook,أكل وطبخ,صورة,2024-11-26,حلويات رمضان بمكونات بسيطة,81605,47270.0,84344,3882.0,182.0,425.0,لا
1324.0, جادجت العرب,tiktok,تقنية,Reel,2024-05-31,نصائح لحماية حسابك من الاختراق,86923,49466.0,97202,972.0,64.0,155.0,
2676.0,ستايل بنات ✅,يوتيوب,موضة,Reel,,موديلات جديدة من أشهر الماركات,74329,35504.0,47071,556.0,47.0,41.0,لا
1400.0,عالم  الطبخ,فيس بوك,طبخ,فديو,21/09/2025,طريقة عمل الكنافة بالقشطة خطوة بخطوة,64897,38706.0,49497,2329.0,58.0,29.0,
3770.0,أزياء العرب,فيسبوك ,موضة,فيديو,2024-12-08,موديلات جديدة من أشهر الماركات,16855,5341.0,10444,250.0,20.0,46.0,
1450.0,عالم  التقنية,TikTok,تقنيه,صورة,27/04/2025,نصائح لحماية حسابك من الاختراق,79339,38714.0,58770,1779.0,200.0,110.0,0
3683.0, عالم التقنية,انستغرام,Tech,story,2024-04-28,كل ما تريد معرفته عن الذكاء الاصطناعي,27897,13394.0,19516,177.0,9.0,23.0,نعم
,عالم الطبخ,TikTok,أكل وطبخ,منشور نصي,,أسرار المطبخ اللي محدش بيقولهالك,16879,2550.0,4315,43.0,4.0,5.0,لا
4080.0,مطبخ  سارة,إنستغرام, طبخ,نص,2025-01-27,طريقة عمل الكنافة بالقشطة خطوة بخطوة,9226,2851.0,5116,273.0,7.0,28.0,1
3545.0,كوميديا العرب,تويتر (X),Entertainment,فيديو,2024-03-22,تحدي جديد بين المتابعين,22322,5142.0,7757,293.0,7.0,23.0,
3630.0,مطبخ سارة,Twitter,أكل وطبخ,ستوري ,13/05/2024,أسرار المطبخ اللي محدش بيقولهالك,5975,2147.0,3694,96.0,10.0,9.0,0
2612.0,عالم الطبخ  ,تيك توك,Food,فديو,2024-02-18,طريقة عمل الكنافة بالقشطة خطوة بخطوة,17075,4709.0,10032,258.0,7.0,37.0,
1896.0,كورة كل يوم,انستجرام,كورة,فيديو,12-03-2025,أخبار الانتقالات الصيفية,72604,16732.0,33203,343.0,7.0,34.0,نعم
3298.0,ضحك ونكت,انستجرام,كوميدي,صوره,15/03/2024,نكت وضحك من غير توقف,148976,58082.0,105684,2709.0,111.0,482.0,نعم
389.0,أزياء  العرب,YouTube,موضة ,Reel,06-07-2025,إطلالات بسيطة وأنيقة لكل يوم,19120,5971.0,11117,170.0,18.0,6.0,
2071.0,موضة اليوم ✅,إنستغرام,أزياء,فديو,2025-04-19,أفكار تنسيق ملابس اقتصادية,39004,4094.0,8423,141.0,11.0,11.0,
3569.0,وصفات  ماما,إنستغرام,Food,فيديو,2025-11-13,أكلة اقتصادية وسهلة التحضير,19555,2911.0,5715,204.0,10.0,20.0,
2173.0,عالم التقنية,يوتيوب,Tech,ستوري,2025-02-28,خمس تطبيقات تساعدك في تنظيم وقتك,26354,9315.0,10030,129.0,13.0,16.0,1
3496.0,اليوم السابع نيوز,فيسبوك ,اخبار,text,2025-07-29,تفاصيل جديدة حول الحدث الذي شغل الرأي العام,2655,193.0,365,5.0,0.0,0.0,
3602.0, أخبار الرياضة,FB,كورة,reels,2024-08-16,تحليل فني لأداء الفريق هذا الموسم,43501,14371.0,30632,505.0,31.0,86.0,
2822.0,منصة التعليم ✅,TikTok,تعليم,video,13/10/2025,شرح مبسط لأهم قواعد اللغة العربية,21676,3680.0,6668,37.0,3.0,6.0,
881.0,مطبخ سارة ✅,فيس بوك,طبخ ,ستوري,15-04-2024,  أسرار المطبخ اللي محدش بيقولهالك   ,10549,5955.0,12473,106.0,12.0,17.0,لا
1425.0,عالم التقنية ✅,Twitter,تقنيه,صوره,28/03/2024,مراجعة كاملة لأحدث هاتف صدر هذا الشهر,14639,5183.0,6758,364.0,16.0,20.0,
3543.0, اليوم السابع نيوز,X,اخبار,صورة,2024-07-02,  تغطية مباشرة لفعاليات المؤتمر   ,17615,6070.0,6297,404.0,49.0,66.0,1
3193.0,كوميديا  العرب,تيكتوك,Entertainment,منشور نصي,2025-12-19,تحدي جديد بين المتابعين,300022,132268.0,234463,9203.0,398.0,449.0,
3575.0,اليوم السابع نيوز ✅,tiktok,أخبار,ريلز,11/08/2025,ملخص أهم الأخبار المحلية اليوم,61076,19847.0,24912,1025.0,45.0,132.0,No
3215.0, ضحك ونكت,Instagram,كوميدي,صوره,23-05-2025,نكت وضحك من غير توقف,144193,17690.0,19233,422.0,40.0,47.0,
51.0,أخبار  الرياضة,تويتر(X),رياضة,ستوري,10/05/2024,أخبار الانتقالات الصيفية,31201,18054.0,37668,311.0,10.0,4.0,
1888.0,فوازير رمضان ✅,YouTube,Entertainment,فيديو ,07-11-2025,نكت وضحك من غير توقف,60355,34420.0,63824,2485.0,203.0,76.0,1
1703.0,جادجت العرب,يوتيوب,,نص,,مراجعة كاملة لأحدث هاتف صدر هذا الشهر,91404,17272.0,24053,789.0,98.0,123.0,No
4089.0,موضة اليوم ✅,YouTube,موضة ,story,19/02/2025,أحدث صيحات الموضة لهذا الموسم,109733,20528.0,28242,170.0,14.0,32.0,
134.0,كوميديا العرب ✅,فيس بوك,ترفيه,نص,2025-11-08,مقاطع مضحكة من كواليس التصوير,8895,3691.0,7840,225.0,5.0,13.0,Yes
1106.0, منصة التعليم,FB,تعليم ,ستوري ,15-08-2024,شرح مبسط لأهم قواعد اللغة العربية,56175,9282.0,14353,652.0,74.0,91.0,
704.0,أخبار مصر الآن  ,تويتر,أخبار,فيديو ,2024-03-24,آخر التطورات في الساعات الماضية,33253,8371.0,9370,769.0,112.0,134.0,
483.0,عالم التقنية ✅,تويتر(X),تكنولوجيا,صور,2025-07-09,خمس تطبيقات تساعدك في تنظيم وقتك,44135,23591.0,48585,1304.0,172.0,232.0,
3394.0,بوابة  الأحداث,فيسبوك ,اخبار,Reel,15/11/2025,بيان رسمي حول القرار الأخير,28372,,3021,113.0,8.0,20.0,
1146.0, اليوم السابع نيوز,Facebook,أخبار,video,2025-11-15,بيان رسمي حول القرار الأخير,81393,47467.0,86952,421.0,50.0,71.0,No
3844.0,ستايل  بنات,تويتر(X),موضة ,صور,09/10/2025,نصائح لاختيار الألوان المناسبة لبشرتك,124454,13663.0,22170,643.0,84.0,60.0,1
2039.0,أكاديمية المعرفة ✅,تويتر,تعليم,text,21/06/2024,نصائح للطلاب الجدد في الجامعة,4341,1720.0,3110,46.0,2.0,2.0,Yes
2252.0, اليوم السابع نيوز,تويتر,,صور,29/08/2025,بيان رسمي حول القرار الأخير,40690,2066.0,3880,169.0,10.0,18.0,لا
67.0,عالم الطبخ ✅,youtube,طبخ,video,2025-10-06,طريقة عمل الكنافة بالقشطة خطوة بخطوة,154994,46497.0,81512,3224.0,83.0,204.0,
2895.0,عالم الطبخ,tiktok,أكل وطبخ,reels,15/06/2025,أكلة اقتصادية وسهلة التحضير,51637,10932.0,15806,175.0,10.0,10.0,0
2782.0,موضة اليوم,تويتر (X),موضة ,ستوري,2025-12-27,موديلات جديدة من أشهر الماركات,10022,3883.0,8289,292.0,19.0,18.0,
2314.0,فوازير  رمضان,FB,ترفيه,منشور نصي,2024-10-18,تحدي جديد بين المتابعين,46908,15098.0,25759,596.0,79.0,114.0,
2850.0,جادجت العرب ✅,تويتر,تكنولوجيا,video,01/05/2024,كل ما تريد معرفته عن الذكاء الاصطناعي,9540,530.0,972,34.0,2.0,1.0,
4018.0,بوابة الأحداث ✅,YouTube,اخبار,منشور نصي,2024-03-08,آخر التطورات في الساعات الماضية,31863,14621.0,19160,248.0,32.0,3.0,Yes
3104.0, منصة التعليم,Facebook,تعليم,story,2024-01-31,نصائح للطلاب الجدد في الجامعة,9524,1673.0,2537,93.0,10.0,7.0,نعم
908.0, بوابة الأحداث,insta,اخبار,story,06-05-2024,ملخص أهم الأخبار المحلية اليوم,11753,3085.0,4640,129.0,3.0,22.0,نعم
32.0,ملعب  مصر,YouTube,رياضة,منشور نصي,2024-02-06,أخبار الانتقالات الصيفية,242024,130844.0,229940,10104.0,959.0,1046.0,Yes
2466.0,موضة اليوم,تويتر,موضة ,video,08/04/2025,أفكار تنسيق ملابس اقتصادية,180213,56731.0,101311,1235.0,75.0,135.0,Yes
2930.0,عالم الطبخ,تيك توك,طبخ,text,14-02-2025,أسرار المطبخ اللي محدش بيقولهالك,15848,1749.0,3108,61.0,7.0,9.0,
2681.0,كوميديا  العرب,تيك توك,كوميدي,ريلز,14/11/2025,مقاطع مضحكة من كواليس التصوير,68612,22823.0,38738,372.0,18.0,34.0,
874.0,منصة  التعليم,Facebook,تعليم ,reels,2025-12-05,خطوات عملية لتعلم مهارة جديدة,88175,34384.0,55406,1732.0,52.0,80.0,No
11.0,ملعب  مصر,إنستغرام,Sports,Reel,2025-11-27,أخبار الانتقالات الصيفية,101823,48284.0,52574,1442.0,190.0,185.0,لا
65.0,فوازير رمضان,Instagram,Entertainment,فيديو ,2024-10-07,  أطرف المواقف اللي حصلت الأسبوع ده   ,72413,12525.0,27002,79.0,2.0,14.0,1
4103.0,أزياء العرب,فيس بوك,أزياء,صور,2025-12-02,نصائح لاختيار الألوان المناسبة لبشرتك,11465,5730.0,7199,390.0,54.0,47.0,No
3478.0,اتعلم اونلاين,يوتيوب,تعليم,video,2024-11-12,  كيف تذاكر بفعالية قبل الامتحانات   ,20156,6491.0,10172,319,28.0,3.0,
777.0,اليوم  السابع  نيوز,insta,أخبار,video,20/03/2024,بيان رسمي حول القرار الأخير,15089,7033.0,11948,125.0,5.0,2.0,Yes
78.0, بوابة الأحداث,فيس بوك,News,منشور نصي,2024-07-27,تغطية مباشرة لفعاليات المؤتمر,210100,91864.0,115340,"1,151",75.0,140.0,
492.0,تكنولوجيا بلس,تويتر(X),تكنولوجيا,reels,19-06-2024,كل ما تريد معرفته عن الذكاء الاصطناعي,6088,1220.0,1934,13.0,0.0,2.0,نعم
3828.0,ستايل بنات,تويتر,موضة,ستوري ,27/03/2025,أحدث صيحات الموضة لهذا الموسم,111952,25975.0,26925,2073.0,214.0,182.0,Yes
3989.0,أخبار  الرياضة,X,رياضة,story,30/05/2024,أهم أحداث مباراة اليوم بالتفصيل,329452,191385.0,382708,13251.0,940.0,214.0,
2581.0,موضة اليوم,تويتر,موضة,نص,17/10/2024,أفكار تنسيق ملابس اقتصادية,44852,15452.0,15756,507.0,71.0,82.0,
2114.0,كورة كل يوم,X,رياضة,Reel,2024-02-18,تحليل فني لأداء الفريق هذا الموسم,56378,3846.0,5084,143.0,15.0,12.0,نعم
4150.0,تكنولوجيا بلس  ,تيكتوك,Tech,فديو,08-08-2024,خمس تطبيقات تساعدك في تنظيم وقتك,25238,11805.0,18025,483.0,56.0,59.0,
3484.0,عالم التقنية  ,YouTube,تقنيه,text,2025-06-11,كل ما تريد معرفته عن الذكاء الاصطناعي,158687,16233.0,20954,640.0,31.0,34.0,نعم
3048.0,منصة التعليم,يوتيوب ,تعليم ,فيديو ,14/01/2024,  كيف تذاكر بفعالية قبل الامتحانات   ,23737,12261.0,17232,1117.0,98.0,80.0,
2345.0,بوابة الأحداث  ,يوتيوب ,News,فيديو,2024-09-25,آخر التطورات في الساعات الماضية,4729,2662.0,4946,273.0,27.0,8.0,نعم
592.0,أخبار  الرياضة,YouTube,Sports,,2024-11-04,أهم أحداث مباراة اليوم بالتفصيل,10989,1532.0,2882,27,2.0,3.0,
3492.0,منصة التعليم  ,تيكتوك,Education,منشور نصي,2025-07-29,دورة مجانية لتعلم أساسيات البرمجة,16263,8861.0,11197,530.0,53.0,92.0,1
2816.0, أزياء العرب,تويتر,موضة,منشور نصي,08/06/2024,نصائح لاختيار الألوان المناسبة لبشرتك,21775,12399.0,22951,511.0,71.0,61.0,Yes
3511.0,منصة التعليم ✅,فيسبوك ,Education,صوره,30/11/2025,شرح مبسط لأهم قواعد اللغة العربية,8538,4993.0,6389,436.0,9.0,86.0,No
1286.0,اليوم السابع نيوز,تويتر,اخبار,ريلز,20-04-2025,تفاصيل جديدة حول الحدث الذي شغل الرأي العام,49089,22650.0,26426,688.0,28.0,52.0,
3827.0,ضحك  ونكت,insta,ترفيه,text,30/05/2024,  أفضل خمس مشاهد كوميدية هذا العام   ,39611,4250.0,4941,407.0,18.0,4.0,
725.0,عالم التقنية,TikTok,تقنية,Reel,2024-08-03,نصائح لحماية حسابك من الاختراق,97749,15854.0,31577,681.0,99.0,73.0,
3853.0,كورة كل يوم,TikTok,كورة,text,2024-02-04,تحليل فني لأداء الفريق هذا الموسم,115124,25007.0,49337,1727.0,204.0,101.0,
3354.0,أزياء العرب ✅,YouTube,موضة,صور,2024-09-19,أحدث صيحات الموضة لهذا الموسم,23881,9173.0,9857,360.0,22.0,41.0,نعم
2675.0,تكنولوجيا بلس ✅,TikTok,Tech,منشور نصي,06-02-2025,مراجعة كاملة لأحدث هاتف صدر هذا الشهر,71263,17293.0,25009,1221.0,114.0,177.0,
3425.0,ستايل بنات,X,موضة ,image,2024-06-22,موديلات جديدة من أشهر الماركات,76735,38933.0,85268,2720.0,246.0,161.0,
3824.0,وصفات  ماما,انستغرام,طبخ ,reels,14/05/2025,حلويات رمضان بمكونات بسيطة,62261,3588.0,5109,69.0,8.0,2.0,لا
3320.0,اليوم  السابع  نيوز,فيسبوك ,اخبار,فديو,2024-12-17,بيان رسمي حول القرار الأخير,12063,3434.0,4902,334.0,22.0,27.0,
1213.0, أكاديمية المعرفة,insta,تعليم ,image,26/01/2025,خطوات عملية لتعلم مهارة جديدة,18278,2352.0,4773,82.0,7.0,8.0,
2483.0,تكنولوجيا  بلس,يوتيوب ,Tech,reels,2025-10-22,مقارنة بين أفضل اللابتوبات لعام هذا,25066,5969.0,12635,286.0,30.0,56.0,
2300.0,ضحك ونكت,Instagram,ترفيه,video,26-11-2024,مقاطع مضحكة من كواليس التصوير,114949,22746.0,29399,740.0,67.0,,1
4002.0,عالم  الطبخ,Facebook,طبخ,صوره,2024-02-01,وصفة سريعة ولذيذة لعشاء اليوم,125216,29643.0,36324,1700.0,142.0,230.0,
1638.0,مطبخ  سارة,تيكتوك,Food,,18/11/2024,أسرار المطبخ اللي محدش بيقولهالك,42968,21269.0,45221,"1,328",40.0,18.0,
2347.0,أخبار  مصر  الآن,فيس بوك,اخبار,ستوري ,28/03/2024,تغطية مباشرة لفعاليات المؤتمر,13399,4125.0,4232,287.0,37.0,46.0,
1736.0, موضة اليوم,تيك توك,أزياء,صوره,2025-09-11,إطلالات بسيطة وأنيقة لكل يوم,41099,17775.0,27126,1002.0,56.0,100.0,
3587.0,أخبار الرياضة  ,إنستغرام,رياضة ,,2025-07-29,أفضل اللقطات من الجولة الأخيرة,23852,6687.0,13363,76.0,10.0,10.0,1
3125.0,جادجت العرب,انستجرام,تقنية,image,21/02/2024,كل ما تريد معرفته عن الذكاء الاصطناعي,11228,5168.0,5999,137.0,10.0,15.0,لا
2809.0,اتعلم اونلاين,تويتر (X),Education,video,16/06/2024,نصائح للطلاب الجدد في الجامعة,71251,40006.0,81133,2157.0,161.0,124.0,Yes
983.0,اليوم السابع نيوز,انستغرام,أخبار,فديو,16-02-2025,ملخص أهم الأخبار المحلية اليوم,29322,13082.0,27497,459.0,40.0,83.0,
3028.0,اتعلم اونلاين,Twitter,Education,فديو,2024-01-30,كيف تذاكر بفعالية قبل الامتحانات,31586,10085.0,11165,860.0,29.0,142.0,
707.0,وصفات ماما,انستغرام, طبخ,text,2025-07-26,وصفة سريعة ولذيذة لعشاء اليوم,7216,1723.0,3484,96.0,3.0,1.0,
2536.0, أكاديمية المعرفة,يوتيوب,تعليم,video,2025-02-13,نصائح للطلاب الجدد في الجامعة,63257,8908.0,19134,214.0,7.0,26.0,نعم
1688.0,مطبخ سارة ✅,X, طبخ,video,19-09-2024,حلويات رمضان بمكونات بسيطة,38704,9039.0,19799,94.0,12.0,17.0,1
3986.0,وصفات ماما ✅,تويتر(X),أكل وطبخ,story,09/06/2025,طريقة عمل الكنافة بالقشطة خطوة بخطوة,38943,18782.0,19092,1464.0,198.0,69.0,
274.0,أخبار الرياضة  ,فيس بوك,كورة,reels,20-07-2025,تشكيلة المنتخب المتوقعة في المباراة القادمة,31332,9462.0,14945,121.0,13.0,12.0,0
1710.0, اليوم السابع نيوز,تويتر (X),أخبار,ريلز,14/04/2025,تفاصيل جديدة حول الحدث الذي شغل الرأي العام,52496,24098.0,39368,,133.0,21.0,0
3958.0, منصة التعليم,تويتر,تعليم ,فيديو ,2025-03-17,كيف تذاكر بفعالية قبل الامتحانات,102225,35378.0,52175,-1601.0,169.0,62.0,No
4133.0,كوميديا العرب  ,انستجرام,كوميدي,نص,2025-03-26,أفضل خمس مشاهد كوميدية هذا العام,37315,14782.0,15677,533.0,17.0,27.0,Yes
964.0,موضة اليوم,تيك توك,موضة,نص,2025-10-14,موديلات جديدة من أشهر الماركات,24724,2061.0,3083,108.0,12.0,18.0,
2926.0,تكنولوجيا بلس  ,انستجرام,تكنولوجيا,صور,2025-10-02,كل ما تريد معرفته عن الذكاء الاصطناعي,11733,726.0,1243,63.0,3.0,1.0,
3817.0,تكنولوجيا  بلس,تيك توك,تقنية,منشور نصي,16-11-2024,مراجعة كاملة لأحدث هاتف صدر هذا الشهر,26751,6817.0,10236,129.0,11.0,24.0,
2134.0,تكنولوجيا بلس ✅,تيك توك,تقنية,ستوري ,2024-08-18,مراجعة كاملة لأحدث هاتف صدر هذا الشهر,43214,16564.0,20769,1113.0,126.0,183.0,لا
1473.0,ستايل بنات  ,tiktok,موضة ,فيديو,13/01/2025,نصائح لاختيار الألوان المناسبة لبشرتك,20369,11200.0,14089,214.0,4.0,,
2460.0,أخبار  الرياضة,TikTok,رياضة,video,25/07/2025,أفضل اللقطات من الجولة الأخيرة,21724,6207.0,7948,53.0,6.0,7.0,
4052.0, اليوم السابع نيوز,YouTube,News,فيديو,03/11/2024,تفاصيل جديدة حول الحدث الذي شغل الرأي العام,6739,697.0,1319,53.0,5.0,0.0,No
3886.0,منصة التعليم,X,تعليم,فديو,2025-02-16,شرح مبسط لأهم قواعد اللغة العربية,24562,9559.0,20513,607.0,37.0,22.0,
1453.0,أزياء العرب  ,يوتيوب,موضة,image,05/04/2025,أحدث صيحات الموضة لهذا الموسم,155412,57565.0,62470,3792.0,444.0,584.0,
2716.0,اتعلم اونلاين  ,TikTok,تعليم ,reels,2024-02-25,خطوات عملية لتعلم مهارة جديدة,72174,36777.0,53575,283.0,7.0,24.0,نعم
3311.0,منصة التعليم,insta,تعليم ,فيديو ,13/08/2025,كيف تذاكر بفعالية قبل الامتحانات,81682,17931.0,39195,1254.0,36.0,95.0,
150.0,فوازير رمضان,تيكتوك,كوميدي,فيديو ,24/11/2024,أطرف المواقف اللي حصلت الأسبوع ده,29319,16667.0,29660,1004.0,50.0,43.0,
2693.0,مطبخ  سارة,FB,طبخ ,نص,17/05/2024,حلويات رمضان بمكونات بسيطة,88270,33885.0,45736,3097.0,380.0,157.0,0
2768.0,مطبخ سارة,tiktok,طبخ,منشور نصي,2025-01-17,أسرار المطبخ اللي محدش بيقولهالك,208367,60612.0,102307,5000.0,697.0,455.0,
1758.0,جادجت العرب  ,تيك توك,تكنولوجيا,صوره,27/12/2025,نصائح لحماية حسابك من الاختراق,56036,8139.0,8670,612.0,41.0,107.0,
219.0,منصة التعليم ✅,تويتر(X),Education,فيديو,2024-10-04,كيف تذاكر بفعالية قبل الامتحانات,194405,83757.0,183386,1062.0,121.0,127.0,
240.0,أخبار  الرياضة,تويتر(X),Sports,فيديو ,2025-02-09,أخبار الانتقالات الصيفية,8226,2075.0,3106,185.0,22.0,2.0,
1132.0,أخبار مصر الآن  ,تويتر(X),News,فيديو,12/07/2024,تغطية مباشرة لفعاليات المؤتمر,22896,5363.0,6696,188.0,20.0,12.0,
4107.0,ضحك ونكت,فيسبوك,,ستوري ,,نكت وضحك من غير توقف,57641,13368.0,25573,608.0,60.0,117.0,
3265.0,وصفات  ماما,يوتيوب,أكل وطبخ,صور,2025-09-21,طريقة عمل الكنافة بالقشطة خطوة بخطوة,34728,20615.0,37192,1233.0,100.0,79.0,
2841.0,أخبار مصر الآن,TikTok,أخبار,منشور نصي,07-06-2024,تغطية مباشرة لفعاليات المؤتمر,11565,3454.0,7122,115.0,15.0,12.0,
2240.0,اليوم السابع نيوز  ,Twitter,أخبار,image,2024-09-12,تغطية مباشرة لفعاليات المؤتمر,39958,18185.0,20093,118.0,9.0,18.0,Yes
2382.0,كوميديا العرب,فيس بوك,كوميدي,صور,2025-08-06,تحدي جديد بين المتابعين,6094,2033.0,3853,26,1.0,2.0,
1254.0, فوازير رمضان,فيسبوك ,كوميدي,reels,21-01-2024,مقاطع مضحكة من كواليس التصوير,6762,1714.0,3237,147.0,16.0,7.0,
1054.0,أخبار  مصر  الآن,فيس بوك,اخبار,منشور نصي,2025-07-29,بيان رسمي حول القرار الأخير,7438,1015.0,1856,55.0,7.0,5.0,
3011.0,اليوم السابع نيوز,FB,أخبار,صورة,08/04/2025,آخر التطورات في الساعات الماضية,44328,26563.0,56668,129.0,8.0,2.0,0
1669.0, مطبخ سارة,فيسبوك,طبخ,ريلز,22-03-2025,أكلة اقتصادية وسهلة التحضير,81573,22332.0,29352,2413.0,142.0,412.0,
3870.0,أزياء العرب ✅,Instagram,موضة ,story,2024-08-10,نصائح لاختيار الألوان المناسبة لبشرتك,19900,8881.0,12409,614.0,19.0,89.0,No
3075.0,منصة التعليم,فيس بوك,تعليم ,ريلز,2024-02-15,خطوات عملية لتعلم مهارة جديدة,39013,15153.0,32125,1408.0,82.0,280.0,لا
3444.0, جادجت العرب,يوتيوب,تقنية,صوره,2024-07-12,نصائح لحماية حسابك من الاختراق,37556,3039.0,6496,61.0,5.0,5.0,نعم
4118.0, أخبار الرياضة,X,رياضة ,ستوري ,13/12/2025,أهم أحداث مباراة اليوم بالتفصيل,36063,6992.0,7559,186.0,20.0,15.0,لا
1358.0,أزياء  العرب,فيس بوك,أزياء,reels,2025-03-13,موديلات جديدة من أشهر الماركات,368662,118595.0,231256,5768.0,693.0,782.0,
776.0,ستايل بنات  ,تويتر (X),موضة ,ريلز,2024-05-23,نصائح لاختيار الألوان المناسبة لبشرتك,27652,13861.0,26502,137.0,10.0,10.0,Yes
2631.0,مطبخ  سارة,تويتر(X), طبخ,text,2025-08-02,طريقة عمل الكنافة بالقشطة خطوة بخطوة,245776,138975.0,156963,2146.0,184.0,333.0,
2833.0,اتعلم  اونلاين,انستجرام,تعليم,Reel,30/03/2025,نصائح للطلاب الجدد في الجامعة,30062,17654.0,38531,1588.0,82.0,191.0,
3990.0,أخبار الرياضة,X,كورة,Reel,2024-10-17,أخبار الانتقالات الصيفية,46091,11407.0,23019,440.0,24.0,27.0,
840.0,منصة التعليم ✅,X,Education,ستوري,07-04-2024,خطوات عملية لتعلم مهارة جديدة,47300,16717.0,23869,930.0,64.0,54.0,1
628.0,منصة  التعليم,FB,تعليم ,منشور نصي,2025-10-02,نصائح للطلاب الجدد في الجامعة,10690,2888.0,5701,16.0,1.0,2.0,
3568.0,اتعلم اونلاين,tiktok,تعليم ,Reel,2025-05-09,خطوات عملية لتعلم مهارة جديدة,39529,13763.0,26418,536.0,47.0,45.0,Yes
324.0,مطبخ سارة  ,X,Food,image,15/05/2024,حلويات رمضان بمكونات بسيطة,89039,41238.0,44751,435.0,61.0,59.0,
2344.0,جادجت العرب,يوتيوب ,Tech,صوره,2024-02-21,مراجعة كاملة لأحدث هاتف صدر هذا الشهر,16782,7332.0,8535,629.0,85.0,59.0,
1656.0,جادجت العرب ✅,تيكتوك,تقنية,reels,25/09/2024,مراجعة كاملة لأحدث هاتف صدر هذا الشهر,76124,25941.0,54827,1335.0,104.0,261.0,
1868.0,ستايل بنات,YouTube,أزياء,منشور نصي,18/08/2024,أحدث صيحات الموضة لهذا الموسم,4517,451.0,729,4,0.0,0.0,
1161.0,موضة  اليوم,tiktok,أزياء,text,28/10/2024,أحدث صيحات الموضة لهذا الموسم,78235,29012.0,47755,1135.0,23.0,63.0,0
2827.0,ملعب مصر,تيك توك,رياضة,فيديو,2025-02-26,أهم أحداث مباراة اليوم بالتفصيل,34456,17587.0,24298,696.0,84.0,37.0,0
1077.0,كوميديا العرب,يوتيوب ,ترفيه,ريلز,2025-10-22,أفضل خمس مشاهد كوميدية هذا العام,35718,8503.0,17933,55.0,5.0,2.0,
2988.0,ضحك ونكت,FB,Entertainment,video,09/05/2025,مقاطع مضحكة من كواليس التصوير,38697,12351.0,12498,1294.0,52.0,96.0,نعم
438.0,جادجت العرب,تويتر(X),تكنولوجيا,image,2024-09-23,كل ما تريد معرفته عن الذكاء الاصطناعي,16870,3636.0,5829,33.0,4.0,0.0,نعم
120.0,كوميديا العرب,يوتيوب,كوميدي,نص,2025-11-15,أطرف المواقف اللي حصلت الأسبوع ده,40393,5468.0,6661,556.0,38.0,34.0,
4028.0, مطبخ سارة,فيسبوك,Food,فيديو ,2024-08-24,طريقة عمل الكنافة بالقشطة خطوة بخطوة,40295,16054.0,23853,863.0,54.0,32.0,
3758.0,عالم التقنية,Twitter,تكنولوجيا,story,2025-09-30,نصائح لحماية حسابك من الاختراق,29210,6648.0,9788,570.0,48.0,32.0,
4036.0,ملعب مصر,TikTok,كورة,text,2024-08-28,تشكيلة المنتخب المتوقعة في المباراة القادمة,32989,12833.0,17700,112.0,7.0,20.0,لا
1815.0,وصفات ماما,فيسبوك,طبخ ,video,2025-04-10,أكلة اقتصادية وسهلة التحضير,3007,790.0,1587,21.0,2.0,1.0,1
3414.0,أكاديمية المعرفة,يوتيوب ,تعليم ,نص,2024-05-01,شرح مبسط لأهم قواعد اللغة العربية,54999,16962.0,22894,774.0,109.0,13.0,نعم
1840.0,أخبار مصر الآن ✅,انستجرام,اخبار,صور,2024-08-20,تغطية مباشرة لفعاليات المؤتمر,11249,6138.0,8059,551.0,12.0,81.0,
1027.0,عالم الطبخ ✅,X, طبخ,صوره,16-10-2024,وصفة سريعة ولذيذة لعشاء اليوم,26876,11154.0,20065,,14.0,16.0,0
3302.0,أزياء العرب,يوتيوب ,موضة,story,2025-11-26,أفكار تنسيق ملابس اقتصادية,44118,16159.0,30609,1793.0,63.0,133.0,
3783.0,أزياء العرب,FB,أزياء,video,01/02/2024,موديلات جديدة من أشهر الماركات,97184,12167.0,22060,105.0,13.0,16.0,لا
3429.0, منصة التعليم,انستغرام,تعليم ,نص,11/09/2025,دورة مجانية لتعلم أساسيات البرمجة,37684,19923.0,38392,1118.0,117.0,173.0,لا
77.0,كورة  كل  يوم,تويتر (X),رياضة ,فديو,10/06/2025,أخبار الانتقالات الصيفية,285143,151741.0,225210,1894.0,223.0,242.0,
3102.0, فوازير رمضان,إنستغرام,ترفيه,نص,2024-10-23,أفضل خمس مشاهد كوميدية هذا العام,150581,74870.0,105176,5280.0,633.0,1021.0,0
901.0,ضحك ونكت,FB,كوميدي,منشور نصي,2024-02-19,أطرف المواقف اللي حصلت الأسبوع ده,58659,34574.0,41033,732.0,90.0,33.0,1
372.0,عالم الطبخ ✅,TikTok,أكل وطبخ,صوره,2025-06-22,طريقة عمل الكنافة بالقشطة خطوة بخطوة,187713,20898.0,33834,698.0,15.0,57.0,لا
1205.0, أخبار مصر الآن,تويتر(X),,فيديو ,28/02/2024,بيان رسمي حول القرار الأخير,21449,11285.0,21095,398.0,26.0,25.0,
3879.0,عالم  الطبخ,انستغرام,طبخ ,منشور نصي,2025-09-01,طريقة عمل الكنافة بالقشطة خطوة بخطوة,45418,19309.0,34724,978.0,110.0,62.0,
1478.0,اليوم  السابع  نيوز,youtube,أخبار,نص,2025-11-25,تفاصيل جديدة حول الحدث الذي شغل الرأي العام,60512,6228.0,10631,391.0,41.0,12.0,1
942.0,أزياء  العرب,يوتيوب,موضة,نص,23-02-2025,موديلات جديدة من أشهر الماركات,8123,3864.0,4105,22,1.0,0.0,0
2626.0,ضحك  ونكت,فيسبوك ,كوميدي,reels,2025-10-01,تحدي جديد بين المتابعين,63014,27695.0,38673,572.0,48.0,20.0,
2868.0,عالم الطبخ,tiktok,طبخ ,Reel,2025-08-20,أسرار المطبخ اللي محدش بيقولهالك,51904,13053.0,20159,1105.0,150.0,23.0,
553.0,منصة  التعليم,فيسبوك,Education,ريلز,2025-06-11,نصائح للطلاب الجدد في الجامعة,1984,464.0,683,20.0,1.0,3.0,
407.0, أخبار الرياضة,تيكتوك,Sports,ستوري ,2025-07-26,تحليل فني لأداء الفريق هذا الموسم,103979,48605.0,54584,2503.0,170.0,468.0,1
2118.0,عالم التقنية  ,Facebook,Tech,text,2025-01-26,مقارنة بين أفضل اللابتوبات لعام هذا,14492,7592.0,11703,31.0,1.0,3.0,
3632.0,موضة اليوم,إنستغرام,أزياء,فيديو,01-09-2024,موديلات جديدة من أشهر الماركات,30065,5971.0,10726,93.0,13.0,6.0,
3784.0,بوابة  الأحداث,youtube,أخبار,منشور نصي,01/06/2024,آخر التطورات في الساعات الماضية,9609,3887.0,7947,271.0,39.0,38.0,لا
1614.0,كورة كل يوم ✅,تويتر,كورة,story,,أخبار الانتقالات الصيفية,43515,3582.0,6716,132.0,7.0,15.0,
2935.0,أخبار مصر الآن,Facebook,News,ستوري,31-05-2024,ملخص أهم الأخبار المحلية اليوم,175755,17280.0,32055,1646.0,139.0,75.0,0
969.0,فوازير  رمضان,تيك توك,كوميدي,reels,10/11/2025,أفضل خمس مشاهد كوميدية هذا العام,17223,3233.0,6359,-81.0,6.0,14.0,0
4079.0,أكاديمية المعرفة  ,يوتيوب,تعليم ,Reel,,شرح مبسط لأهم قواعد اللغة العربية,8733,1024.0,1144,50.0,4.0,6.0,نعم
2834.0,مطبخ  سارة,youtube,Food,text,2024-11-23,أكلة اقتصادية وسهلة التحضير,42646,11981.0,14941,557.0,16.0,40.0,لا
4199.0,ملعب مصر,tiktok,رياضة ,text,2025-10-06,أفضل اللقطات من الجولة الأخيرة,71460,5458.0,7325,379.0,,27.0,
3384.0,أخبار مصر الآن  ,X,أخبار,reels,2025-07-03,تفاصيل جديدة حول الحدث الذي شغل الرأي العام,18565,7747.0,15782,579.0,18.0,94.0,نعم
4097.0,أكاديمية المعرفة,تويتر (X),Education,Reel,2025-04-20,  دورة مجانية لتعلم أساسيات البرمجة   ,239705,64965.0,130296,3772.0,325.0,510.0,Yes
2350.0, جادجت العرب,Instagram,تقنيه,صوره,08/01/2025,خمس تطبيقات تساعدك في تنظيم وقتك,34094,5741.0,10692,70,6.0,12.0,Yes
1747.0,ملعب مصر  ,إنستغرام,رياضة,story,2025-01-11,أهم أحداث مباراة اليوم بالتفصيل,120232,25476.0,48811,1614.0,185.0,245.0,1
690.0,كورة كل يوم ✅,فيسبوك ,رياضة,Reel,2025-03-24,أهم أحداث مباراة اليوم بالتفصيل,16771,8860.0,9797,784.0,34.0,71.0,
2861.0,عالم التقنية,إنستغرام,تقنية,صور,2025-04-27,نصائح لحماية حسابك من الاختراق,16214,9592.0,15373,879.0,71.0,83.0,
3110.0,تكنولوجيا  بلس,تويتر,تكنولوجيا,فديو,16-06-2025,مقارنة بين أفضل اللابتوبات لعام هذا,34334,6876.0,10195,394.0,41.0,,
3426.0, عالم التقنية,يوتيوب ,تقنيه,ستوري,26-12-2025,كل ما تريد معرفته عن الذكاء الاصطناعي,36814,9023.0,18702,86.0,5.0,7.0,
4196.0, أخبار الرياضة,تويتر(X),Sports,story,2024-04-11,أخبار الانتقالات الصيفية,17786,1405.0,1629,102.0,12.0,14.0,
1739.0,اتعلم اونلاين,تويتر(X),Education,صوره,2024-05-31,خطوات عملية لتعلم مهارة جديدة,53738,24422.0,49615,1881.0,113.0,104.0,لا
237.0,ملعب مصر ✅,tiktok,كورة,منشور نصي,2024-11-15,تحليل فني لأداء الفريق هذا الموسم,42136,24903.0,32050,344.0,20.0,10.0,No
1538.0,بوابة الأحداث ✅,Twitter,News,ستوري ,17-09-2025,ملخص أهم الأخبار المحلية اليوم,94460,40475.0,88363,3684.0,177.0,576.0,
1987.0,اليوم السابع نيوز  ,تيكتوك,News,صورة,2025-02-17,تفاصيل جديدة حول الحدث الذي شغل الرأي العام,18383,4767.0,9168,253.0,23.0,6.0,0
1984.0,أكاديمية المعرفة,يوتيوب,Education,صور,21/09/2024,خطوات عملية لتعلم مهارة جديدة,60822,5151.0,10028,207.0,,26.0,
3164.0, وصفات ماما,فيس بوك,Food,صورة,2025-09-18,وصفة سريعة ولذيذة لعشاء اليوم,20123,9696.0,14469,682.0,100.0,128.0,
2843.0,اتعلم اونلاين,youtube,تعليم,Reel,2024-10-13,خطوات عملية لتعلم مهارة جديدة,31616,18373.0,39773,1372.0,199.0,193.0,
500.0,وصفات ماما,يوتيوب,أكل وطبخ,نص,2025-09-09,أسرار المطبخ اللي محدش بيقولهالك,83561,21062.0,23261,1363.0,168.0,58.0,لا
823.0,منصة التعليم ✅,Facebook,تعليم ,text,2025-12-27,نصائح للطلاب الجدد في الجامعة,70704,19103.0,40815,898.0,74.0,162.0,Yes
3626.0,ضحك ونكت ✅,YouTube,ترفيه,منشور نصي,27/06/2025,مقاطع مضحكة من كواليس التصوير,128950,25734.0,42367,540.0,15.0,15.0,
3128.0,منصة التعليم ✅,فيسبوك,تعليم,صوره,2024-10-12,شرح مبسط لأهم قواعد اللغة العربية,241978,39935.0,54881,574.0,84.0,61.0,No
3375.0,مطبخ  سارة,انستجرام,طبخ,ريلز,10/04/2024,أكلة اقتصادية وسهلة التحضير,405297,30720.0,45542,651.0,23.0,23.0,
795.0,موضة  اليوم,فيس بوك,أزياء,ستوري ,2024-01-14,نصائح لاختيار الألوان المناسبة لبشرتك,5877,2757.0,5854,209.0,27.0,31.0,
3359.0,مطبخ سارة ✅,تويتر (X),Food,story,2025-03-18,أسرار المطبخ اللي محدش بيقولهالك,47421,16619.0,25198,286.0,35.0,51.0,No
3994.0, بوابة الأحداث,Facebook,News,text,2024-01-06,آخر التطورات في الساعات الماضية,202104,88971.0,151779,4439.0,411.0,303.0,Yes
3292.0,بوابة الأحداث ✅,youtube,اخبار,story,26/11/2025,ملخص أهم الأخبار المحلية اليوم,32397,16266.0,24472,1115.0,144.0,186.0,0
991.0,اليوم السابع نيوز,FB,أخبار,منشور نصي,17-08-2025,آخر التطورات في الساعات الماضية,30451,15921.0,24676,390.0,32.0,,
568.0,ضحك ونكت,X,كوميدي,صور,2024-06-29,أطرف المواقف اللي حصلت الأسبوع ده,245590,132547.0,224303,7407.0,214.0,200.0,نعم
2983.0,فوازير رمضان  ,تويتر(X),كوميدي,reels,08/11/2025,أطرف المواقف اللي حصلت الأسبوع ده,23818,1397.0,2196,15.0,1.0,1.0,لا
2436.0, كورة كل يوم,youtube,كورة,story,23/03/2024,أفضل اللقطات من الجولة الأخيرة,46387,14841.0,22821,1728.0,180.0,59.0,1
3909.0,عالم التقنية,يوتيوب ,تقنيه,story,26/12/2024,مراجعة كاملة لأحدث هاتف صدر هذا الشهر,9256,1109.0,1891,61.0,3.0,5.0,0
391.0,بوابة الأحداث,إنستغرام,اخبار,ستوري,2024-07-02,تغطية مباشرة لفعاليات المؤتمر,10400,2359.0,4759,133.0,10.0,2.0,Yes
744.0,عالم الطبخ ✅,تيكتوك,Food,reels,2024-07-12,أكلة اقتصادية وسهلة التحضير,12190,3254.0,6639,106.0,15.0,6.0,0
2401.0,مطبخ سارة ✅,TikTok,Food,فديو,2024-11-22,أسرار المطبخ اللي محدش بيقولهالك,17468,2435.0,3107,32.0,2.0,2.0,نعم
1218.0,مطبخ  سارة,YouTube,Food,Reel,2025-05-09,أكلة اقتصادية وسهلة التحضير,22928,9401.0,17402,505.0,47.0,37.0,
236.0,منصة التعليم,youtube,تعليم ,نص,2024-06-03,كيف تذاكر بفعالية قبل الامتحانات,5036,672.0,721,49.0,1.0,9.0,
332.0,كورة  كل  يوم,Twitter,رياضة,ستوري ,2024-02-24,أخبار الانتقالات الصيفية,112050,15121.0,15582,1024.0,65.0,24.0,
3767.0,موضة اليوم  ,Instagram,أزياء,صورة,30/11/2024,أحدث صيحات الموضة لهذا الموسم,45916,10176.0,19863,408.0,55.0,30.0,
481.0,تكنولوجيا  بلس,انستغرام,Tech,نص,2025-05-28,مراجعة كاملة لأحدث هاتف صدر هذا الشهر,37930,12087.0,17916,227.0,12.0,42.0,1
2043.0,ستايل بنات  ,youtube,موضة,video,2024-03-17,أحدث صيحات الموضة لهذا الموسم,36927,8655.0,8668,248.0,17.0,8.0,No
2616.0,فوازير  رمضان,tiktok,Entertainment,story,28-04-2024,  تحدي جديد بين المتابعين   ,62046,20216.0,26224,1493.0,99.0,264.0,
3189.0,جادجت العرب,X,تكنولوجيا,image,15/07/2025,نصائح لحماية حسابك من الاختراق,38193,17266.0,17659,968.0,47.0,15.0,نعم
3681.0,ستايل بنات,إنستغرام,موضة,ستوري ,2025-05-06,إطلالات بسيطة وأنيقة لكل يوم,28034,16647.0,19711,1064.0,79.0,106.0,Yes
,عالم الطبخ,فيسبوك ,Food,story,,طريقة عمل الكنافة بالقشطة خطوة بخطوة,25882,13548.0,25793,692.0,46.0,122.0,1
45.0,كوميديا العرب ✅,يوتيوب ,ترفيه,text,01-09-2025,تحدي جديد بين المتابعين,212236,87676.0,117128,9010.0,829.0,1137.0,
846.0,مطبخ سارة,تويتر(X),Food,ستوري,20/12/2025,أسرار المطبخ اللي محدش بيقولهالك,80659,6340.0,7204,34.0,4.0,5.0,
3946.0,أخبار مصر الآن,تيكتوك,أخبار,text,2024-02-27,تغطية مباشرة لفعاليات المؤتمر,421557,97584.0,194855,3990.0,120.0,570.0,
4040.0,بوابة الأحداث,Facebook,اخبار,صورة,2025-03-14,بيان رسمي حول القرار الأخير,28773,5663.0,7478,357.0,15.0,44.0,
121.0, عالم التقنية,يوتيوب,تقنيه,ستوري,,مقارنة بين أفضل اللابتوبات لعام هذا,11961,765.0,908,57.0,1.0,2.0,
3437.0,أكاديمية المعرفة  ,فيس بوك,Education,Reel,25-03-2024,خطوات عملية لتعلم مهارة جديدة,27747,10070.0,16823,115.0,14.0,17.0,Yes
2539.0,أكاديمية المعرفة ✅,tiktok,Education,صوره,2025-03-17,شرح مبسط لأهم قواعد اللغة العربية,61094,34975.0,76266,3527.0,170.0,592.0,
3073.0,موضة  اليوم,youtube,أزياء,image,,إطلالات بسيطة وأنيقة لكل يوم,21515,2343.0,4487,200.0,8.0,2.0,
3135.0,أخبار مصر الآن  ,Twitter,أخبار,منشور نصي,2025-02-25,ملخص أهم الأخبار المحلية اليوم,4704,742.0,963,18.0,2.0,3.0,نعم
1273.0,تكنولوجيا بلس,X,تقنيه,reels,2024-07-23,مقارنة بين أفضل اللابتوبات لعام هذا,31346,,2750,126.0,16.0,4.0,
3526.0,وصفات ماما  ,Instagram,طبخ ,text,02/10/2025,أسرار المطبخ اللي محدش بيقولهالك,214108,40387.0,45761,4188.0,144.0,676.0,
927.0,أخبار مصر الآن ✅,فيسبوك ,اخبار,فديو,2024-01-16,تفاصيل جديدة حول الحدث الذي شغل الرأي العام,136317,76536.0,126598,5964.0,195.0,322.0,0
2564.0,عالم الطبخ  ,انستجرام, طبخ,صوره,2025-01-30,أكلة اقتصادية وسهلة التحضير,64638,16238.0,31703,1415.0,39.0,17.0,
1595.0, جادجت العرب,tiktok,تقنية,ريلز,18-10-2024,خمس تطبيقات تساعدك في تنظيم وقتك,66537,9924.0,18547,851.0,84.0,99.0,
224.0,أكاديمية المعرفة,انستغرام,تعليم ,منشور نصي,2025-02-02,خطوات عملية لتعلم مهارة جديدة,55216,8862.0,14560,111.0,13.0,8.0,لا
767.0,عالم الطبخ  ,X,أكل وطبخ,منشور نصي,2024-02-28,حلويات رمضان بمكونات بسيطة,84091,19974.0,43887,501.0,70.0,7.0,نعم
614.0,موضة اليوم  ,tiktok,أزياء,ستوري ,24/06/2024,أحدث صيحات الموضة لهذا الموسم,19393,5339.0,11606,126.0,7.0,18.0,لا
2892.0,عالم التقنية  ,Twitter,تقنيه,صوره,2025-07-29,مراجعة كاملة لأحدث هاتف صدر هذا الشهر,92302,44968.0,78912,2880.0,318.0,545.0,
1246.0,اليوم السابع نيوز,تيك توك,اخبار,نص,,بيان رسمي حول القرار الأخير,34072,3648.0,7206,29.0,1.0,5.0,1
3674.0,أخبار الرياضة ✅,يوتيوب ,Sports,صورة,2024-08-16,أفضل اللقطات من الجولة الأخيرة,74546,15929.0,27848,868.0,77.0,101.0,Yes
1541.0, بوابة الأحداث,YouTube,News,فديو,09-02-2024,آخر التطورات في الساعات الماضية,16060,8176.0,15650,285.0,7.0,14.0,
3538.0,تكنولوجيا بلس  ,تويتر (X),تكنولوجيا,فديو,2025-01-30,نصائح لحماية حسابك من الاختراق,154374,53786.0,117172,5093.0,121.0,186.0,Yes
53.0, أخبار مصر الآن,TikTok,News,ريلز,24/03/2024,آخر التطورات في الساعات الماضية,20143,2316.0,4252,170.0,19.0,27.0,نعم
530.0,عالم التقنية,Twitter,,ريلز,2025-02-19,مقارنة بين أفضل اللابتوبات لعام هذا,8981,4602.0,5823,207.0,26.0,17.0,No
2534.0,بوابة الأحداث,TikTok,اخبار,نص,26/07/2025,تغطية مباشرة لفعاليات المؤتمر,22838,11579.0,19762,807.0,22.0,41.0,
1900.0,أخبار مصر الآن,FB,اخبار,منشور نصي,2025-01-10,ملخص أهم الأخبار المحلية اليوم,97123,42735.0,47081,3385.0,178.0,196.0,
403.0,,Instagram,اخبار,reels,08/05/2025,بيان رسمي حول القرار الأخير,71637,32812.0,66218,1268.0,78.0,184.0,لا
819.0,تكنولوجيا بلس  ,انستغرام,Tech,reels,2025-05-26,خمس تطبيقات تساعدك في تنظيم وقتك,85942,8013.0,11194,267.0,18.0,39.0,1
3459.0, ستايل بنات,YouTube,أزياء,video,,نصائح لاختيار الألوان المناسبة لبشرتك,32172,14732.0,19493,-730.0,51.0,133.0,
156.0, عالم الطبخ,TikTok,طبخ ,منشور نصي,2025-11-14,وصفة سريعة ولذيذة لعشاء اليوم,271089,25638.0,32412,1350.0,176.0,140.0,1
3415.0,أكاديمية المعرفة ✅,Facebook,Education,صور,2025-06-25,خطوات عملية لتعلم مهارة جديدة,85407,49329.0,59844,2013.0,170.0,68.0,
2649.0,كورة كل يوم  ,YouTube,رياضة ,ستوري ,2024-06-07,  أفضل اللقطات من الجولة الأخيرة   ,164014,94185.0,205565,4941.0,121.0,749.0,
49.0,اليوم  السابع  نيوز,تويتر(X),News,text,2024-01-07,بيان رسمي حول القرار الأخير,116211,47911.0,57278,538.0,12.0,65.0,
249.0,موضة  اليوم,X,أزياء,صورة,2024-04-14,نصائح لاختيار الألوان المناسبة لبشرتك,9441,2287.0,4412,124.0,5.0,3.0,نعم
762.0,موضة  اليوم,تويتر(X),موضة,reels,2025-12-15,إطلالات بسيطة وأنيقة لكل يوم,71698,24433.0,25440,1212.0,92.0,79.0,
1895.0,ستايل بنات ✅,يوتيوب ,أزياء,video,22/03/2024,إطلالات بسيطة وأنيقة لكل يوم,15299,1427.0,1901,33.0,1.0,3.0,Yes
2030.0,عالم التقنية  ,TikTok,تقنية,text,11/01/2024,مراجعة كاملة لأحدث هاتف صدر هذا الشهر,12360,4559.0,7405,496.0,72.0,16.0,1
3514.0,ستايل بنات,انستغرام,موضة,story,08/12/2025,إطلالات بسيطة وأنيقة لكل يوم,21383,2183.0,3657,184.0,7.0,20.0,
2637.0,ضحك  ونكت,Facebook,Entertainment,ستوري ,05/04/2024,أفضل خمس مشاهد كوميدية هذا العام,16087,5729.0,11522,79.0,4.0,15.0,
1131.0,أخبار  الرياضة,Twitter,رياضة,فيديو ,22/10/2024,أخبار الانتقالات الصيفية,16881,3081.0,6542,148.0,19.0,12.0,
543.0,فوازير رمضان  ,انستجرام,كوميدي,ريلز,2025-01-23,تحدي جديد بين المتابعين,31903,15339.0,20233,1112.0,109.0,150.0,
794.0,بوابة الأحداث,تيكتوك,أخبار,text,2025-04-09,ملخص أهم الأخبار المحلية اليوم,15086,1642.0,3180,135.0,13.0,12.0,
1726.0,ملعب مصر ✅,YouTube,رياضة,video,22/04/2024,تحليل فني لأداء الفريق هذا الموسم,10637,850.0,1709,51.0,1.0,6.0,
3190.0,منصة التعليم ✅,فيسبوك ,Education,فديو,2025-10-20,خطوات عملية لتعلم مهارة جديدة,128319,37003.0,68282,"1,661",177.0,96.0,
3895.0,أزياء العرب,insta,موضة,ريلز,2025-02-18,أحدث صيحات الموضة لهذا الموسم,4904,2365.0,2631,179.0,21.0,14.0,
629.0,ستايل بنات,انستغرام,أزياء,نص,2025-10-25,  موديلات جديدة من أشهر الماركات   ,363537,150746.0,273585,16885.0,1918.0,1090.0,
2199.0,مطبخ سارة,تويتر (X),أكل وطبخ,Reel,2024-01-08,أكلة اقتصادية وسهلة التحضير,10442,1390.0,2741,101.0,9.0,2.0,
4114.0,أخبار مصر الآن,انستغرام,News,نص,2024-03-21,تغطية مباشرة لفعاليات المؤتمر,19383,6584.0,8778,430.0,26.0,81.0,No
2340.0, أزياء العرب,يوتيوب,موضة ,فيديو,2025-01-13,موديلات جديدة من أشهر الماركات,123760,26253.0,51517,"2,178",90000.0,290.0,No
3612.0,تكنولوجيا بلس ✅,يوتيوب,تقنيه,video,2025-11-13,  خمس تطبيقات تساعدك في تنظيم وقتك   ,41315,23099.0,31164,943.0,29.0,42.0,
2430.0, عالم الطبخ,فيس بوك,طبخ,فيديو,2024-11-17,طريقة عمل الكنافة بالقشطة خطوة بخطوة,4471,1264.0,2119,92.0,2.0,11.0,
4010.0,أكاديمية المعرفة,تويتر (X),تعليم ,منشور نصي,2024-04-24,كيف تذاكر بفعالية قبل الامتحانات,15227,3362.0,6613,127.0,9.0,6.0,
2735.0, اتعلم اونلاين,تويتر,تعليم,video,16/01/2024,خطوات عملية لتعلم مهارة جديدة,36944,11344.0,20497,290.0,40.0,40.0,
1368.0,ضحك  ونكت,فيسبوك,كوميدي,ستوري ,2025-12-03,نكت وضحك من غير توقف,42252,19067.0,21360,1455.0,186.0,26.0,لا
3273.0,فوازير رمضان,X,ترفيه,ستوري,24/08/2024,أطرف المواقف اللي حصلت الأسبوع ده,30761,16069.0,21873,1296.0,182.0,250.0,لا
1621.0,أزياء العرب ✅,youtube,موضة,فيديو,2025-03-15,نصائح لاختيار الألوان المناسبة لبشرتك,162035,71737.0,96926,2339.0,140.0,461.0,
2946.0, بوابة الأحداث,تويتر(X),أخبار,منشور نصي,05/05/2025,آخر التطورات في الساعات الماضية,18645,9438.0,20741,787.0,35.0,109.0,Yes
1452.0,بوابة الأحداث,انستغرام,اخبار,صورة,14-08-2024,تفاصيل جديدة حول الحدث الذي شغل الرأي العام,13046,5960.0,11008,345.0,46.0,31.0,0
2903.0, ملعب مصر,تيك توك,رياضة ,text,17/07/2025,أفضل اللقطات من الجولة الأخيرة,85793,18871.0,37985,343.0,18.0,15.0,
1072.0,جادجت العرب  ,youtube,تكنولوجيا,نص,2025-09-11,مقارنة بين أفضل اللابتوبات لعام هذا,51530,11153.0,20017,226.0,8.0,20.0,
555.0, عالم الطبخ,TikTok,طبخ ,text,2025-07-01,وصفة سريعة ولذيذة لعشاء اليوم,24589,1698.0,2496,97.0,10.0,5.0,
1829.0,كورة كل يوم,insta,رياضة ,منشور نصي,2024-03-19,أفضل اللقطات من الجولة الأخيرة,22091,3199.0,5507,202.0,18.0,28.0,لا
827.0, عالم الطبخ,تويتر (X),طبخ,ريلز,2025-10-27,أسرار المطبخ اللي محدش بيقولهالك,74818,31144.0,61889,166.0,13.0,17.0,
1640.0,اليوم السابع نيوز,insta,أخبار,صورة,2025-10-10,ملخص أهم الأخبار المحلية اليوم,149308,73417.0,111007,5398.0,452.0,276.0,0
1985.0, تكنولوجيا بلس,يوتيوب,تقنيه,صورة,08-03-2024,مراجعة كاملة لأحدث هاتف صدر هذا الشهر,27635,9810.0,19225,509.0,50.0,65.0,نعم
2914.0,مطبخ سارة,Instagram,طبخ ,فيديو ,08/01/2024,وصفة سريعة ولذيذة لعشاء اليوم,292807,15678.0,18512,774.0,43.0,99.0,
1838.0,,Facebook,رياضة ,فيديو,,أفضل اللقطات من الجولة الأخيرة,34127,9527.0,18031,713.0,50.0,55.0,Yes
3792.0,اليوم السابع نيوز,FB,أخبار,ستوري ,24/04/2024,تغطية مباشرة لفعاليات المؤتمر,51995,6259.0,12413,242.0,35.0,45.0,No
3578.0,أخبار الرياضة,فيس بوك,رياضة,ستوري ,02/12/2025,أخبار الانتقالات الصيفية,30858,10835.0,23728,247.0,9.0,30.0,
2940.0,أخبار  مصر  الآن,insta,News,reels,22-09-2025,بيان رسمي حول القرار الأخير,20642,6751.0,13349,615.0,20.0,99.0,نعم
3421.0,موضة اليوم,Facebook,أزياء,video,01/03/2025,أحدث صيحات الموضة لهذا الموسم,10992,818.0,1503,57.0,6.0,6.0,1
3768.0,اليوم السابع نيوز  ,تيك توك,اخبار,ريلز,2024-05-13,ملخص أهم الأخبار المحلية اليوم,66242,28773.0,38806,1666.0,67.0,325.0,No
536.0, عالم الطبخ,يوتيوب,أكل وطبخ,منشور نصي,2025-08-16,حلويات رمضان بمكونات بسيطة,17864,4776.0,5817,102.0,2.0,9.0,
3413.0,بوابة الأحداث  ,انستجرام,,Reel,16-09-2024,تفاصيل جديدة حول الحدث الذي شغل الرأي العام,6967,1821.0,1859,82.0,7.0,0.0,0
4091.0,اليوم السابع نيوز  ,تيكتوك,أخبار,ستوري ,2025-04-19,بيان رسمي حول القرار الأخير,49986,12909.0,22826,,25.0,33.0,
2664.0,أخبار الرياضة,Instagram,Sports,image,2025-03-17,أفضل اللقطات من الجولة الأخيرة,22309,5796.0,12562,32.0,4.0,6.0,
155.0,بوابة الأحداث,Instagram,أخبار,منشور نصي,2025-09-18,ملخص أهم الأخبار المحلية اليوم,70160,6864.0,10228,231.0,26.0,24.0,
3242.0,تكنولوجيا  بلس,تيك توك,تقنية,فيديو,,كل ما تريد معرفته عن الذكاء الاصطناعي,154142,39373.0,80337,1011.0,78.0,160.0,
3943.0, فوازير رمضان,فيسبوك ,كوميدي,ستوري ,24/09/2025,أفضل خمس مشاهد كوميدية هذا العام,155540,61044.0,96532,1422.0,78.0,235.0,1
3150.0,فوازير  رمضان,insta,Entertainment,فيديو ,2024-09-10,تحدي جديد بين المتابعين,37364,11423.0,20380,444.0,38.0,80.0,No
2953.0,أكاديمية المعرفة ✅,tiktok,Education,فيديو,04-12-2025,نصائح للطلاب الجدد في الجامعة,58160,19898.0,37342,255.0,14.0,49.0,
1312.0,أكاديمية المعرفة,يوتيوب ,تعليم,صور,2025-02-19,شرح مبسط لأهم قواعد اللغة العربية,81517,19699.0,23934,1229.0,103.0,112.0,لا
323.0,منصة التعليم,إنستغرام,Education,صورة,14-08-2024,شرح مبسط لأهم قواعد اللغة العربية,182083,20569.0,30043,883.0,31.0,79.0,1
1711.0,عالم الطبخ  ,تويتر,طبخ ,reels,2024-08-05,أسرار المطبخ اللي محدش بيقولهالك,82675,13862.0,30031,190.0,6.0,22.0,1
15.0,عالم الطبخ  ,فيس بوك,Food,video,2025-05-12,حلويات رمضان بمكونات بسيطة,39805,21859.0,28398,1029.0,51.0,25.0,Yes
3331.0,فوازير رمضان,فيس بوك,كوميدي,فديو,,نكت وضحك من غير توقف,48506,27764.0,48043,947.0,95.0,116.0,
1799.0, أخبار الرياضة,TikTok,Sports,صوره,2025-02-20,أهم أحداث مباراة اليوم بالتفصيل,31110,18646.0,31606,153.0,8.0,2.0,نعم
1653.0,اليوم السابع نيوز,إنستغرام,News,نص,2024-02-12,بيان رسمي حول القرار الأخير,83020,25514.0,33934,327.0,29.0,9.0,No
83.0,فوازير رمضان ✅,تويتر,ترفيه,منشور نصي,2025-04-11,نكت وضحك من غير توقف,34109,14228.0,17170,237.0,9.0,14.0,No
2561.0,اليوم السابع نيوز,Instagram,اخبار,image,22/05/2025,آخر التطورات في الساعات الماضية,23439,2936.0,5490,60.0,6.0,5.0,0
1944.0,مطبخ سارة  ,يوتيوب ,طبخ,ستوري,26/08/2025,أسرار المطبخ اللي محدش بيقولهالك,89282,44582.0,50493,3764.0,166.0,425.0,No
1989.0,عالم  التقنية,FB,تقنية,ستوري,2024-05-20,مراجعة كاملة لأحدث هاتف صدر هذا الشهر,23080,9471.0,13338,306.0,11.0,51.0,
3537.0,ملعب مصر ✅,tiktok,كورة,story,2024-03-02,تحليل فني لأداء الفريق هذا الموسم,30531,14797.0,27298,324.0,25.0,,Yes
2673.0, عالم الطبخ,تويتر (X),طبخ,صوره,19/02/2024,طريقة عمل الكنافة بالقشطة خطوة بخطوة,40301,21268.0,43796,959.0,71.0,91.0,
1384.0, كوميديا العرب,youtube,ترفيه,فديو,03-05-2025,تحدي جديد بين المتابعين,33822,18950.0,26514,721.0,15.0,40.0,لا
1575.0,ملعب مصر  ,يوتيوب,رياضة,ستوري,25/07/2025,تشكيلة المنتخب المتوقعة في المباراة القادمة,29655,15176.0,25925,341.0,29.0,29.0,
2978.0,ستايل بنات  ,youtube,أزياء,فيديو ,07/04/2025,أحدث صيحات الموضة لهذا الموسم,46300,7000.0,11725,86.0,8.0,11.0,
2724.0,تكنولوجيا بلس ✅,يوتيوب,تقنية,صورة,2024-07-21,مراجعة كاملة لأحدث هاتف صدر هذا الشهر,48340,26068.0,47851,2495.0,364.0,326.0,
3406.0,ستايل بنات,انستغرام,أزياء,فيديو ,2024-11-15,أفكار تنسيق ملابس اقتصادية,42988,12650.0,19266,694.0,47.0,120.0,
2059.0,فوازير  رمضان,تويتر,ترفيه,text,29-10-2025,تحدي جديد بين المتابعين,133643,42358.0,52578,603.0,22.0,120.0,1
1763.0,ضحك ونكت,فيسبوك ,ترفيه,Reel,08/06/2024,أطرف المواقف اللي حصلت الأسبوع ده,4435,935.0,1130,88.0,6.0,16.0,0
1495.0, مطبخ سارة,فيس بوك,أكل وطبخ,فيديو,16-07-2024,حلويات رمضان بمكونات بسيطة,38591,2473.0,5217,206.0,10.0,6.0,No
832.0,كورة  كل  يوم,يوتيوب,رياضة ,منشور نصي,2024-11-01,أخبار الانتقالات الصيفية,27307,14223.0,15916,,20.0,5.0,
2081.0,عالم التقنية,يوتيوب ,تقنية,reels,,كل ما تريد معرفته عن الذكاء الاصطناعي,3755,1412.0,2244,46.0,4.0,0.0,لا
1175.0, عالم الطبخ,TikTok,أكل وطبخ,image,2024-11-18,طريقة عمل الكنافة بالقشطة خطوة بخطوة,6276,1282.0,2777,25.0,0.0,3.0,
414.0,اليوم السابع نيوز ✅,يوتيوب,News,نص,2024-01-05,تفاصيل جديدة حول الحدث الذي شغل الرأي العام,38168,13511.0,19940,257.0,10.0,17.0,
2629.0,أخبار الرياضة  ,Facebook,رياضة ,ستوري,20/02/2025,تشكيلة المنتخب المتوقعة في المباراة القادمة,102747,55899.0,85946,399.0,11.0,18.0,
3455.0,منصة التعليم,تويتر,Education,فديو,12-09-2024,شرح مبسط لأهم قواعد اللغة العربية,62928,30682.0,51192,710.0,78.0,120.0,
1818.0,كورة كل يوم ✅,تويتر,رياضة ,ريلز,29/06/2024,  أفضل اللقطات من الجولة الأخيرة   ,36839,3314.0,5576,215.0,32.0,22.0,
166.0,ستايل بنات ✅,إنستغرام,موضة,video,09-04-2024,نصائح لاختيار الألوان المناسبة لبشرتك,52955,22548.0,34613,821.0,61.0,78.0,
3941.0,عالم التقنية,يوتيوب ,تكنولوجيا,ريلز,24/01/2024,نصائح لحماية حسابك من الاختراق,33626,12818.0,13311,99.0,4.0,13.0,لا
495.0,عالم  الطبخ,يوتيوب ,طبخ,ريلز,25-12-2025,حلويات رمضان بمكونات بسيطة,34582,15835.0,25194,897.0,60.0,155.0,Yes
615.0,كورة كل يوم ✅,Instagram,Sports,,29/12/2024,تحليل فني لأداء الفريق هذا الموسم,201197,102195.0,200813,6671.0,733.0,244.0,No
3094.0,جادجت العرب ✅,يوتيوب,تقنية,صور,15/12/2025,كل ما تريد معرفته عن الذكاء الاصطناعي,46254,18852.0,31374,213.0,26.0,5.0,0
3451.0,اتعلم اونلاين  ,insta,Education,صورة,2024-07-15,شرح مبسط لأهم قواعد اللغة العربية,18780,3223.0,4169,87.0,11.0,9.0,لا
1015.0,ملعب مصر,فيس بوك,رياضة,reels,2024-08-28,تحليل فني لأداء الفريق هذا الموسم,31631,,21668,,48.0,61.0,لا
2138.0,أخبار مصر الآن,X,News,image,2024-01-17,تفاصيل جديدة حول الحدث الذي شغل الرأي العام,30557,6435.0,12443,617.0,49.0,16.0,0
3058.0, أزياء العرب,تويتر,أزياء,منشور نصي,21/03/2024,نصائح لاختيار الألوان المناسبة لبشرتك,26145,10367.0,19281,797.0,119.0,67.0,
4149.0,اليوم السابع نيوز  ,Facebook,News,صور,31-07-2025,ملخص أهم الأخبار المحلية اليوم,5009,1796.0,2357,67.0,8.0,12.0,نعم
2650.0,أزياء العرب ✅,YouTube,موضة ,صورة,2025-10-24,أفكار تنسيق ملابس اقتصادية,24132,9737.0,12652,402.0,53.0,31.0,
1238.0,اليوم السابع نيوز  ,تيك توك,اخبار,text,24/05/2025,آخر التطورات في الساعات الماضية,33094,6470.0,10503,222.0,20.0,30.0,نعم
3405.0,عالم الطبخ  ,YouTube,أكل وطبخ,ريلز,2025-07-20,أكلة اقتصادية وسهلة التحضير,35351,3654.0,4182,261,24.0,49.0,
2182.0,وصفات ماما,انستجرام, طبخ,reels,2025-11-04,وصفة سريعة ولذيذة لعشاء اليوم,143807,64989.0,88313,2412.0,299.0,283.0,Yes
3419.0,بوابة الأحداث ✅,tiktok,News,فيديو,2025-09-13,  تفاصيل جديدة حول الحدث الذي شغل الرأي العام   ,94804,15202.0,18093,203.0,10.0,15.0,لا
556.0,موضة  اليوم,تيك توك,موضة ,reels,13/12/2025,أحدث صيحات الموضة لهذا الموسم,42533,22854.0,47418,619.0,45.0,34.0,0
3080.0,وصفات ماما,YouTube,طبخ ,ستوري ,2025-07-29,أسرار المطبخ اللي محدش بيقولهالك,24504,12564.0,13096,1264.0,96.0,163.0,
1560.0,كوميديا العرب  ,يوتيوب ,Entertainment,ريلز,2025-01-27,مقاطع مضحكة من كواليس التصوير,56025,4105.0,4160,154.0,16.0,7.0,
2369.0,أخبار الرياضة,تويتر (X),رياضة ,صورة,2025-11-16,أفضل اللقطات من الجولة الأخيرة,5508,948.0,1190,49.0,0.0,2.0,نعم
2304.0, ستايل بنات,Instagram,موضة,نص,2025-09-27,موديلات جديدة من أشهر الماركات,42681,13713.0,28788,1529.0,82.0,82.0,1
1212.0, عالم التقنية,تيك توك,تقنية,ستوري ,2025-09-23,خمس تطبيقات تساعدك في تنظيم وقتك,22783,8109.0,12112,601.0,88.0,32.0,0
918.0,اتعلم  اونلاين,Instagram,تعليم ,منشور نصي,2024-11-27,كيف تذاكر بفعالية قبل الامتحانات,28086,2723.0,4192,229.0,19.0,41.0,Yes
635.0,اليوم السابع نيوز,TikTok,News,story,2025-10-01,ملخص أهم الأخبار المحلية اليوم,65936,36270.0,52383,3178.0,413.0,142.0,
2601.0,أكاديمية المعرفة,تويتر,تعليم,فيديو,2025-12-06,نصائح للطلاب الجدد في الجامعة,64297,5288.0,6237,323.0,16.0,51.0,Yes
3377.0,أزياء العرب,insta,أزياء,Reel,2025-06-06,أحدث صيحات الموضة لهذا الموسم,21187,2922.0,4338,123.0,12.0,10.0,0
1056.0,أكاديمية المعرفة ✅,فيسبوك ,تعليم,ستوري ,2025-09-20,خطوات عملية لتعلم مهارة جديدة,54134,12431.0,21729,86.0,6.0,6.0,Yes
2341.0,تكنولوجيا بلس ✅,تويتر (X),تكنولوجيا,Reel,22/04/2024,كل ما تريد معرفته عن الذكاء الاصطناعي,52052,5451.0,9743,388.0,55.0,66.0,نعم
1709.0,كوميديا العرب ✅,تيكتوك,كوميدي,image,12-12-2025,  نكت وضحك من غير توقف   ,83867,42362.0,60668,2077.0,186.0,111.0,No
797.0,جادجت العرب,يوتيوب ,تقنيه,Reel,2025-12-27,كل ما تريد معرفته عن الذكاء الاصطناعي,86927,5690.0,8252,288.0,36.0,15.0,نعم
2991.0,أزياء العرب,فيسبوك,أزياء,فيديو ,2025-11-12,إطلالات بسيطة وأنيقة لكل يوم,33958,16183.0,17365,1293.0,136.0,16.0,
3800.0,أكاديمية المعرفة,Facebook,Education,ستوري,2025-02-07,شرح مبسط لأهم قواعد اللغة العربية,5071,2250.0,2525,162.0,12.0,22.0,
3313.0, مطبخ سارة,youtube, طبخ,نص,2025-11-18,طريقة عمل الكنافة بالقشطة خطوة بخطوة,9842,1614.0,2406,43.0,1.0,7.0,
4160.0, وصفات ماما,Twitter,أكل وطبخ,text,2024-05-21,أسرار المطبخ اللي محدش بيقولهالك,38775,12578.0,16107,307.0,6.0,34.0,1
175.0, أخبار مصر الآن,YouTube,News,فيديو,11/11/2024,تغطية مباشرة لفعاليات المؤتمر,7450,3220.0,6543,187.0,15.0,5.0,
2815.0,عالم التقنية ✅,إنستغرام,تقنية,Reel,2024-10-04,مقارنة بين أفضل اللابتوبات لعام هذا,33844,3880.0,5820,334.0,38.0,25.0,
3845.0,عالم التقنية,يوتيوب,Tech,منشور نصي,2024-04-04,كل ما تريد معرفته عن الذكاء الاصطناعي,36345,5157.0,8596,136.0,19.0,21.0,1
246.0,مطبخ  سارة,تويتر,أكل وطبخ,صوره,2024-05-19,أكلة اقتصادية وسهلة التحضير,102734,31211.0,55076,2416.0,248.0,305.0,
1081.0,أخبار مصر الآن ✅,يوتيوب ,News,reels,2025-03-28,بيان رسمي حول القرار الأخير,30991,5468.0,8853,182.0,25.0,21.0,لا
1655.0,اليوم  السابع  نيوز,X,أخبار,story,2025-04-30,بيان رسمي حول القرار الأخير,24794,14038.0,19377,711.0,36.0,111.0,لا
1608.0,فوازير رمضان  ,TikTok,كوميدي,reels,,تحدي جديد بين المتابعين,7865,2274.0,4258,52.0,3.0,4.0,
145.0,مطبخ سارة ✅,تيكتوك,طبخ ,نص,2024-03-10,طريقة عمل الكنافة بالقشطة خطوة بخطوة,39430,22336.0,43745,1980.0,237.0,171.0,
146.0,أكاديمية المعرفة  ,انستغرام,Education,reels,2025-12-02,نصائح للطلاب الجدد في الجامعة,105396,33087.0,58001,3467.0,415.0,309.0,Yes
91.0,أزياء العرب,Twitter,أزياء,image,05/11/2024,أفكار تنسيق ملابس اقتصادية,39236,14625.0,27707,520.0,29.0,41.0,
3751.0,عالم التقنية,فيسبوك,تكنولوجيا,story,2025-10-15,خمس تطبيقات تساعدك في تنظيم وقتك,39090,7921.0,16618,432.0,25.0,36.0,
3465.0, أزياء العرب,تيكتوك,موضة ,نص,07/05/2025,إطلالات بسيطة وأنيقة لكل يوم,24267,9663.0,20695,113.0,15.0,1.0,
3835.0, كوميديا العرب,تيك توك,ترفيه,فديو,06/01/2024,أطرف المواقف اللي حصلت الأسبوع ده,7294,1655.0,1991,39.0,3.0,6.0,نعم
683.0,ضحك ونكت ✅,insta,Entertainment,ستوري,2024-03-03,أطرف المواقف اللي حصلت الأسبوع ده,20824,5643.0,10205,288.0,19.0,37.0,
311.0,,تويتر,Entertainment,صورة,2025-08-09,تحدي جديد بين المتابعين,38950,3310.0,6612,157.0,5.0,28.0,
3432.0,عالم الطبخ,YouTube,أكل وطبخ,image,24-10-2024,أكلة اقتصادية وسهلة التحضير,96937,10374.0,16842,664.0,33.0,43.0,Yes
94.0,منصة التعليم,tiktok,تعليم,video,2024-05-14,خطوات عملية لتعلم مهارة جديدة,22311,6151.0,13402,83.0,12.0,14.0,0
4047.0,فوازير رمضان  ,انستجرام,Entertainment,Reel,14/10/2024,أفضل خمس مشاهد كوميدية هذا العام,38397,15889.0,22709,563.0,62.0,44.0,1
1957.0,تكنولوجيا بلس,insta,تقنيه,ريلز,2024-05-27,مقارنة بين أفضل اللابتوبات لعام هذا,98275,46354.0,91518,3914.0,311.0,682.0,No
925.0,ستايل  بنات,تويتر (X),أزياء,reels,2025-07-18,أحدث صيحات الموضة لهذا الموسم,19128,8079.0,15865,504.0,53.0,39.0,No
4146.0,أخبار الرياضة ✅,تويتر(X),رياضة ,text,2024-01-22,تشكيلة المنتخب المتوقعة في المباراة القادمة,19712,1278.0,2394,78.0,7.0,12.0,
1910.0,أكاديمية  المعرفة,X,Education,ستوري,2025-07-20,كيف تذاكر بفعالية قبل الامتحانات,40242,3611.0,7406,179.0,10.0,11.0,لا
1036.0,أخبار  الرياضة,FB,رياضة ,story,15/05/2024,أخبار الانتقالات الصيفية,33299,17435.0,19073,218.0,10.0,29.0,
1401.0,كوميديا  العرب,فيسبوك ,,نص,19/09/2025,نكت وضحك من غير توقف,50362,18228.0,30333,124.0,17.0,10.0,لا
2292.0,فوازير رمضان,فيس بوك,ترفيه,فديو,2024-06-28,مقاطع مضحكة من كواليس التصوير,50393,18225.0,24164,333.0,27.0,9.0,No
1501.0,جادجت العرب ✅,YouTube,تقنية,فيديو ,,كل ما تريد معرفته عن الذكاء الاصطناعي,3805,328.0,572,16.0,2.0,1.0,
3160.0, ستايل بنات,يوتيوب,موضة,reels,2025-11-09,نصائح لاختيار الألوان المناسبة لبشرتك,20273,12128.0,23465,577.0,66.0,83.0,
2263.0,كورة كل يوم,تويتر,رياضة ,image,20/04/2024,أفضل اللقطات من الجولة الأخيرة,11093,2050.0,3808,116.0,6.0,14.0,نعم
1469.0,أكاديمية المعرفة ✅,TikTok,Education,text,26/10/2024,شرح مبسط لأهم قواعد اللغة العربية,175281,81145.0,107002,5499.0,449.0,1042.0,لا
3929.0,منصة التعليم  ,إنستغرام,تعليم ,ريلز,,دورة مجانية لتعلم أساسيات البرمجة,102198,30822.0,37328,"1,548",153.0,36.0,
3246.0,كوميديا العرب ✅,YouTube,كوميدي,صوره,2025-08-10,أفضل خمس مشاهد كوميدية هذا العام,220675,19186.0,23904,1970.0,183.0,157.0,
999.0,موضة اليوم,Facebook,موضة,فديو,19/08/2025,أحدث صيحات الموضة لهذا الموسم,24345,13202.0,28601,882.0,126.0,79.0,
854.0,وصفات ماما,إنستغرام,أكل وطبخ,صوره,13/11/2025,أكلة اقتصادية وسهلة التحضير,21544,3419.0,4727,171.0,6.0,33.0,1
3876.0,كوميديا العرب ✅,تويتر (X),ترفيه,منشور نصي,2025-05-06,تحدي جديد بين المتابعين,89980,18067.0,22881,963.0,36.0,107.0,
2474.0,منصة التعليم  ,Twitter,Education,صوره,2025-09-06,شرح مبسط لأهم قواعد اللغة العربية,44500,17997.0,26026,1136.0,80.0,77.0,
2205.0,كوميديا العرب,youtube,كوميدي,فيديو,02/08/2024,أطرف المواقف اللي حصلت الأسبوع ده,194059,89227.0,186125,294.0,23.0,4.0,1
1143.0,بوابة  الأحداث,تيكتوك,News,صور,2024-06-07,تفاصيل جديدة حول الحدث الذي شغل الرأي العام,171312,40834.0,46124,443.0,38.0,66.0,
1144.0,تكنولوجيا بلس,انستجرام,تقنيه,فيديو ,21/08/2025,كل ما تريد معرفته عن الذكاء الاصطناعي,87753,28989.0,43684,898.0,57.0,175.0,
3748.0,ستايل  بنات,YouTube,أزياء,ستوري,10-05-2025,أحدث صيحات الموضة لهذا الموسم,43766,25593.0,30127,,66.0,67.0,0
2275.0, منصة التعليم,تيكتوك,تعليم,صورة,22/06/2024,شرح مبسط لأهم قواعد اللغة العربية,6361,1069.0,1218,88.0,8.0,9.0,لا
2945.0,بوابة الأحداث,tiktok,News,reels,2024-02-10,تفاصيل جديدة حول الحدث الذي شغل الرأي العام,38133,5913.0,10401,337.0,19.0,44.0,0
2049.0,تكنولوجيا  بلس,فيس بوك,Tech,reels,,خمس تطبيقات تساعدك في تنظيم وقتك,52630,23819.0,25043,,54.0,135.0,
3467.0,كوميديا العرب,youtube,كوميدي,منشور نصي,12/03/2024,أفضل خمس مشاهد كوميدية هذا العام,3405,746.0,1489,79.0,6.0,14.0,
402.0,كورة كل يوم,فيس بوك,Sports,image,08-05-2025,أخبار الانتقالات الصيفية,22309,4847.0,6614,91.0,10.0,17.0,نعم
3477.0,موضة  اليوم,tiktok,أزياء,reels,03/03/2025,إطلالات بسيطة وأنيقة لكل يوم,18713,7900.0,11831,45.0,5.0,7.0,0
1104.0,ضحك ونكت,يوتيوب ,كوميدي,Reel,2025-12-04,نكت وضحك من غير توقف,38435,16471.0,20813,833.0,101.0,80.0,
85.0,بوابة  الأحداث,Facebook,أخبار,reels,22/06/2025,آخر التطورات في الساعات الماضية,259036,18552.0,36348,906.0,121.0,167.0,
2211.0,اتعلم اونلاين ✅,إنستغرام,Education,Reel,2025-11-09,شرح مبسط لأهم قواعد اللغة العربية,6032,665.0,1379,5.0,0.0,0.0,لا
1857.0,كوميديا العرب,فيسبوك,كوميدي,فيديو ,2024-08-14,مقاطع مضحكة من كواليس التصوير,47744,13651.0,27817,699.0,70.0,19.0,No
115.0,أخبار الرياضة,انستغرام,رياضة,Reel,2025-08-02,أهم أحداث مباراة اليوم بالتفصيل,25957,4504.0,6949,64.0,5.0,5.0,Yes
2719.0, بوابة الأحداث,tiktok,اخبار,video,2024-08-27,تغطية مباشرة لفعاليات المؤتمر,40087,9251.0,10598,326.0,23.0,9.0,نعم
3223.0,أكاديمية المعرفة,Instagram,Education,video,,خطوات عملية لتعلم مهارة جديدة,180898,82670.0,133285,9457.0,696.0,1569.0,
3992.0,اتعلم اونلاين,تويتر (X),تعليم,ريلز,07-04-2024,نصائح للطلاب الجدد في الجامعة,19723,6401.0,9119,447.0,17.0,40.0,0
3973.0, بوابة الأحداث,يوتيوب ,اخبار,ريلز,2025-03-14,بيان رسمي حول القرار الأخير,139032,56276.0,71244,1200.0,31.0,118.0,نعم
1586.0,تكنولوجيا بلس ✅,إنستغرام,تكنولوجيا,فديو,12-04-2024,كل ما تريد معرفته عن الذكاء الاصطناعي,64437,22984.0,38891,420.0,27.0,36.0,نعم
3441.0,موضة اليوم  ,youtube,أزياء,ريلز,2025-05-08,إطلالات بسيطة وأنيقة لكل يوم,37882,8334.0,13369,401.0,37.0,61.0,0
1568.0,أكاديمية المعرفة  ,تويتر,Education,video,28-06-2024,نصائح للطلاب الجدد في الجامعة,31585,6336.0,10879,401.0,13.0,74.0,No
2938.0,أكاديمية المعرفة  ,يوتيوب,تعليم ,Reel,2025-03-02,دورة مجانية لتعلم أساسيات البرمجة,19555,8976.0,13230,100.0,14.0,6.0,
1502.0,أخبار الرياضة ✅,تويتر(X),Sports,ستوري ,2025-09-04,أخبار الانتقالات الصيفية,55882,16616.0,27458,267.0,18.0,6.0,
1661.0,فوازير رمضان  ,انستجرام,ترفيه,ريلز,,نكت وضحك من غير توقف,8875,3487.0,4983,278.0,31.0,7.0,
1557.0,تكنولوجيا بلس,YouTube,تقنية,فيديو,2024-05-01,مقارنة بين أفضل اللابتوبات لعام هذا,13675,1727.0,2348,54.0,6.0,8.0,0
2008.0,وصفات  ماما,تويتر (X),طبخ ,فيديو,2025-07-13,وصفة سريعة ولذيذة لعشاء اليوم,30895,10590.0,21421,344.0,50.0,37.0,
626.0,منصة  التعليم,تويتر(X),تعليم,ستوري ,2025-11-06,دورة مجانية لتعلم أساسيات البرمجة,89681,17742.0,21971,428.0,39.0,52.0,
3765.0, عالم الطبخ,Instagram,طبخ ,ستوري,2025-01-06,حلويات رمضان بمكونات بسيطة,130303,77201.0,144303,2513.0,280.0,359.0,نعم
3585.0,كورة كل يوم,تيكتوك,رياضة,فيديو ,2024-11-08,أهم أحداث مباراة اليوم بالتفصيل,75770,36554.0,71464,1520.0,68.0,293.0,
3995.0,أخبار مصر الآن  ,إنستغرام,اخبار,ستوري ,2024-04-07,آخر التطورات في الساعات الماضية,181767,55475.0,105833,2489.0,337.0,169.0,
1886.0,اتعلم اونلاين ✅,X,تعليم ,منشور نصي,19/08/2025,نصائح للطلاب الجدد في الجامعة,22406,8184.0,17846,288.0,24.0,5.0,Yes
3145.0,موضة اليوم,تويتر,أزياء,video,2025-12-18,أحدث صيحات الموضة لهذا الموسم,80209,18503.0,20779,,24.0,25.0,1
1867.0,اليوم السابع نيوز ✅,TikTok,News,منشور نصي,2025-07-08,بيان رسمي حول القرار الأخير,61157,30346.0,38227,2244.0,99.0,346.0,
953.0,منصة التعليم ✅,تويتر,Education,صوره,02/05/2024,خطوات عملية لتعلم مهارة جديدة,30406,9743.0,20221,572,35.0,,Yes
2856.0,أخبار مصر الآن  ,TikTok,اخبار,نص,2025-12-26,آخر التطورات في الساعات الماضية,9289,2161.0,4617,219.0,24.0,17.0,
,تكنولوجيا بلس,FB,تكنولوجيا,Reel,2025-02-21,نصائح لحماية حسابك من الاختراق,76654,40055.0,84130,2049.0,262.0,229.0,Yes
625.0,أخبار  الرياضة,YouTube,كورة,text,2025-11-06,تشكيلة المنتخب المتوقعة في المباراة القادمة,45448,22523.0,34136,1983.0,187.0,87.0,
2875.0, جادجت العرب,إنستغرام,تقنيه,ريلز,2024-07-30,كل ما تريد معرفته عن الذكاء الاصطناعي,8041,4677.0,6258,339.0,45.0,37.0,
235.0,أخبار مصر الآن ✅,فيسبوك ,News,video,2024-01-11,بيان رسمي حول القرار الأخير,38734,11299.0,12731,610.0,61.0,81.0,No
2184.0,موضة اليوم ✅,tiktok,موضة ,فيديو ,2024-06-06,إطلالات بسيطة وأنيقة لكل يوم,92610,6946.0,11857,556.0,21.0,52.0,لا
2665.0,ملعب مصر,يوتيوب,Sports,فديو,30-07-2025,أخبار الانتقالات الصيفية,62496,16722.0,17249,503.0,10.0,57.0,نعم
3589.0,عالم التقنية ✅,TikTok,تقنيه,نص,01-04-2025,نصائح لحماية حسابك من الاختراق,144943,8417.0,15088,26.0,1.0,4.0,
3268.0,ستايل بنات ✅,تويتر,موضة ,reels,2024-04-02,موديلات جديدة من أشهر الماركات,9694,3791.0,7687,169,3.0,22.0,1
2885.0,عالم  الطبخ,youtube,Food,text,2024-02-09,  طريقة عمل الكنافة بالقشطة خطوة بخطوة   ,37059,18780.0,22103,1129.0,148.0,211.0,0
2891.0,جادجت العرب,انستجرام,تقنية,video,2024-07-11,نصائح لحماية حسابك من الاختراق,14697,8761.0,10686,185.0,,36.0,لا
2035.0,فوازير رمضان,تيكتوك,Entertainment,text,2025-03-19,أطرف المواقف اللي حصلت الأسبوع ده,96496,5747.0,8541,475.0,37.0,93.0,
3008.0, أكاديمية المعرفة,تويتر,تعليم,فيديو ,09/05/2025,كيف تذاكر بفعالية قبل الامتحانات,194111,13083.0,27636,858.0,83.0,78.0,
1827.0,كوميديا العرب  ,Facebook,Entertainment,ستوري,2025-10-23,أفضل خمس مشاهد كوميدية هذا العام,27780,1947.0,2382,129.0,13.0,18.0,لا
3924.0, تكنولوجيا بلس,فيسبوك,Tech,فديو,2024-05-10,مراجعة كاملة لأحدث هاتف صدر هذا الشهر,17983,5044.0,8676,464.0,49.0,61.0,
1834.0,تكنولوجيا بلس,insta,تقنيه,text,18-09-2025,نصائح لحماية حسابك من الاختراق,27984,9726.0,20548,878.0,52.0,85.0,No
2641.0,ضحك ونكت  ,TikTok,Entertainment,فيديو,2024-12-12,نكت وضحك من غير توقف,29349,6140.0,12698,148.0,13.0,21.0,نعم
1315.0,ضحك ونكت,تويتر(X),ترفيه,ستوري,28-07-2025,أفضل خمس مشاهد كوميدية هذا العام,11189,3448.0,6428,172,10.0,21.0,
1526.0,كوميديا العرب,تويتر,,ستوري ,24/06/2024,مقاطع مضحكة من كواليس التصوير,23093,13705.0,19401,987.0,41.0,144.0,0
1563.0,ملعب مصر ✅,انستغرام,رياضة,صوره,13/09/2025,أهم أحداث مباراة اليوم بالتفصيل,13513,3322.0,7097,205.0,10.0,3.0,1
3340.0, فوازير رمضان,يوتيوب ,كوميدي,نص,2025-10-21,مقاطع مضحكة من كواليس التصوير,3575,861.0,1521,30.0,2.0,5.0,
1753.0,مطبخ  سارة,يوتيوب ,أكل وطبخ,نص,24/02/2025,طريقة عمل الكنافة بالقشطة خطوة بخطوة,41090,18142.0,19414,798.0,109.0,145.0,
1606.0,عالم الطبخ ✅,تيكتوك,Food,فيديو ,25-06-2024,أسرار المطبخ اللي محدش بيقولهالك,53728,12818.0,19253,"1,382",156.0,246.0,نعم
344.0,فوازير رمضان,تويتر (X),Entertainment,ريلز,31-07-2024,أفضل خمس مشاهد كوميدية هذا العام,57970,11690.0,23993,875.0,70.0,171.0,
2543.0, عالم التقنية,انستغرام,تقنية,image,2025-07-27,نصائح لحماية حسابك من الاختراق,161500,45866.0,54334,3748.0,424.0,139.0,1
4055.0,موضة  اليوم,تويتر,أزياء,فيديو ,2024-05-17,إطلالات بسيطة وأنيقة لكل يوم,76586,13880.0,19047,529.0,17.0,51.0,Yes
2342.0,وصفات ماما,تيكتوك,طبخ ,فيديو,2024-09-18,وصفة سريعة ولذيذة لعشاء اليوم,28907,6129.0,6184,170.0,23.0,32.0,1
2413.0,كوميديا  العرب,تويتر(X),ترفيه,صورة,05/02/2025,أطرف المواقف اللي حصلت الأسبوع ده,40581,12740.0,21984,746.0,38.0,46.0,نعم
2227.0,أزياء العرب  ,فيسبوك ,أزياء,ستوري,,أحدث صيحات الموضة لهذا الموسم,16819,5855.0,10082,331.0,24.0,55.0,
2708.0,جادجت العرب,Facebook,تقنيه,فيديو ,19/08/2024,مراجعة كاملة لأحدث هاتف صدر هذا الشهر,19789,5512.0,6174,485.0,35.0,59.0,
997.0,بوابة الأحداث,tiktok,اخبار,video,,تفاصيل جديدة حول الحدث الذي شغل الرأي العام,20656,5385.0,10520,206.0,11.0,21.0,0
2063.0,ستايل بنات  ,تويتر (X),أزياء,reels,30/09/2024,موديلات جديدة من أشهر الماركات,5618,1551.0,2673,148.0,6.0,6.0,No
3759.0,عالم التقنية  ,انستجرام,تقنيه,ستوري ,05/06/2024,خمس تطبيقات تساعدك في تنظيم وقتك,48105,28847.0,33640,1414.0,34.0,199.0,
1111.0,أخبار مصر الآن ✅,فيس بوك,News,reels,06/11/2024,بيان رسمي حول القرار الأخير,23312,11350.0,12697,,25.0,75.0,لا
3443.0,عالم الطبخ  ,فيس بوك,طبخ ,ستوري ,2025-06-23,أكلة اقتصادية وسهلة التحضير,58588,14440.0,31049,131.0,5.0,24.0,
2214.0,تكنولوجيا بلس  ,تيك توك,Tech,Reel,28/01/2025,كل ما تريد معرفته عن الذكاء الاصطناعي,69656,17374.0,20038,234.0,6.0,32.0,
3204.0,فوازير  رمضان,يوتيوب ,Entertainment,صور,18/11/2025,مقاطع مضحكة من كواليس التصوير,17367,4236.0,7939,201.0,20.0,20.0,Yes
1360.0,أخبار مصر الآن,insta,News,ستوري ,2024-02-10,آخر التطورات في الساعات الماضية,29603,13360.0,26362,1381.0,80.0,200.0,
2108.0,اتعلم اونلاين ✅,يوتيوب ,تعليم,video,2025-09-03,دورة مجانية لتعلم أساسيات البرمجة,81622,,39444,1473.0,91.0,234.0,
710.0,منصة التعليم  ,تويتر(X),Education,reels,11/12/2024,نصائح للطلاب الجدد في الجامعة,44638,17539.0,20302,484.0,66.0,74.0,Yes
1879.0, عالم التقنية,Instagram,Tech,Reel,2024-05-05,كل ما تريد معرفته عن الذكاء الاصطناعي,26374,10208.0,18639,516.0,53.0,59.0,
2725.0,أخبار مصر الآن  ,فيسبوك,اخبار,منشور نصي,2024-02-07,تغطية مباشرة لفعاليات المؤتمر,40441,23897.0,35872,567.0,59.0,39.0,نعم
1379.0,أخبار مصر الآن  ,انستغرام,News,reels,30-05-2025,تفاصيل جديدة حول الحدث الذي شغل الرأي العام,131344,75238.0,132501,2892.0,175.0,528.0,نعم
2829.0,ضحك ونكت,انستغرام,ترفيه,صور,03/12/2025,مقاطع مضحكة من كواليس التصوير,25535,9743.0,13130,424.0,12.0,43.0,Yes
425.0,اليوم السابع نيوز ✅,TikTok,أخبار,image,06-04-2025,تغطية مباشرة لفعاليات المؤتمر,82353,18290.0,24240,1276.0,182.0,38.0,Yes
293.0,وصفات ماما  ,Instagram,Food,reels,12-08-2025,أسرار المطبخ اللي محدش بيقولهالك,13972,,7095,56.0,6.0,5.0,
1066.0, ضحك ونكت,يوتيوب ,كوميدي,image,03-08-2025,أطرف المواقف اللي حصلت الأسبوع ده,14832,5262.0,10073,329.0,8.0,26.0,
2922.0,عالم الطبخ ✅,X, طبخ,text,2024-07-28,أسرار المطبخ اللي محدش بيقولهالك,104334,12327.0,14854,1303.0,34.0,187.0,
2378.0,اتعلم اونلاين,youtube,تعليم,صوره,24/10/2024,كيف تذاكر بفعالية قبل الامتحانات,16033,8031.0,17335,173.0,13.0,12.0,لا
1639.0,تكنولوجيا  بلس,TikTok,تكنولوجيا,image,2024-08-14,نصائح لحماية حسابك من الاختراق,150836,89415.0,132124,3280.0,417.0,616.0,
2478.0, وصفات ماما,YouTube,Food,نص,2025-03-21,أسرار المطبخ اللي محدش بيقولهالك,14506,1104.0,1953,12,1.0,0.0,Yes
1013.0,كوميديا العرب,تيكتوك,كوميدي,ستوري ,,مقاطع مضحكة من كواليس التصوير,72954,11236.0,18968,315.0,44.0,34.0,لا
2128.0, مطبخ سارة,انستغرام,أكل وطبخ,ستوري,2025-02-01,أكلة اقتصادية وسهلة التحضير,73507,35921.0,37429,1872.0,247.0,74.0,
1718.0,ملعب مصر  ,Facebook,رياضة,video,2025-03-31,أهم أحداث مباراة اليوم بالتفصيل,22943,13640.0,26370,371.0,17.0,13.0,
3101.0,تكنولوجيا  بلس,تيك توك,تقنية,image,2024-04-25,كل ما تريد معرفته عن الذكاء الاصطناعي,57891,11649.0,24760,922.0,87.0,153.0,لا
938.0,عالم الطبخ,insta,Food,text,2024-10-01,أكلة اقتصادية وسهلة التحضير,20716,6768.0,9333,571.0,,93.0,
3780.0,ضحك ونكت,فيسبوك,كوميدي,منشور نصي,15-07-2024,أطرف المواقف اللي حصلت الأسبوع ده,88992,5975.0,8386,261.0,25.0,28.0,لا
3965.0,اليوم السابع نيوز,يوتيوب ,أخبار,فيديو,18-04-2024,ملخص أهم الأخبار المحلية اليوم,9571,3997.0,7969,89.0,6.0,9.0,نعم
3991.0,عالم الطبخ,X,أكل وطبخ,image,10-08-2025,وصفة سريعة ولذيذة لعشاء اليوم,42555,12614.0,21786,787.0,,123.0,No
835.0,اتعلم  اونلاين,Twitter,تعليم ,story,2024-03-17,خطوات عملية لتعلم مهارة جديدة,11124,4841.0,9249,66.0,8.0,12.0,
2798.0,أزياء العرب ✅,X,موضة,video,13/05/2025,نصائح لاختيار الألوان المناسبة لبشرتك,112677,54398.0,72262,1414.0,183.0,21.0,
2939.0,كوميديا العرب,إنستغرام,كوميدي,ستوري ,2024-10-06,أفضل خمس مشاهد كوميدية هذا العام,12954,6396.0,8511,210.0,16.0,18.0,
255.0,جادجت العرب  ,فيس بوك,Tech,reels,01-07-2025,خمس تطبيقات تساعدك في تنظيم وقتك,29107,15653.0,27783,549.0,72.0,93.0,
4174.0,ملعب مصر,tiktok,كورة,text,15/01/2024,أهم أحداث مباراة اليوم بالتفصيل,13431,4911.0,7508,280.0,10.0,26.0,0
1483.0,أخبار الرياضة,تيكتوك,رياضة,image,05/12/2024,تحليل فني لأداء الفريق هذا الموسم,18800,2650.0,5121,67.0,5.0,8.0,
945.0,كورة كل يوم,يوتيوب ,كورة,story,2024-10-11,أهم أحداث مباراة اليوم بالتفصيل,84313,46141.0,54807,1844.0,75.0,357.0,
1408.0,أزياء العرب,Twitter,موضة,Reel,05/04/2024,نصائح لاختيار الألوان المناسبة لبشرتك,264442,38028.0,44244,2123.0,47.0,379.0,
3386.0, عالم التقنية,Instagram,تقنية,فديو,18/10/2025,كل ما تريد معرفته عن الذكاء الاصطناعي,103039,32564.0,69945,3230.0,403.0,250.0,نعم
3157.0,وصفات ماما,فيس بوك,Food,ستوري,11-10-2024,أكلة اقتصادية وسهلة التحضير,10893,1192.0,1974,91.0,11.0,3.0,Yes
3647.0,فوازير رمضان,انستغرام,ترفيه,فديو,2024-05-18,أطرف المواقف اللي حصلت الأسبوع ده,15234,1573.0,3070,78.0,4.0,4.0,لا
1787.0,عالم التقنية ✅,يوتيوب ,Tech,story,2024-10-23,نصائح لحماية حسابك من الاختراق,22503,1877.0,2411,90.0,9.0,4.0,0
2185.0,بوابة الأحداث,tiktok,News,منشور نصي,,آخر التطورات في الساعات الماضية,60520,8283.0,17270,187.0,24.0,18.0,1
3184.0,أزياء العرب,Twitter,موضة ,فيديو,2025-12-02,أحدث صيحات الموضة لهذا الموسم,1789,227.0,324,20.0,0.0,0.0,
3267.0, منصة التعليم,TikTok,تعليم ,ستوري ,09/09/2024,دورة مجانية لتعلم أساسيات البرمجة,19871,9650.0,15765,302.0,35.0,58.0,
2901.0, تكنولوجيا بلس,insta,تكنولوجيا,Reel,01-02-2024,كل ما تريد معرفته عن الذكاء الاصطناعي,19513,7701.0,14032,145.0,9.0,21.0,
3251.0,عالم الطبخ ✅,تيك توك,طبخ ,فيديو,2024-09-21,وصفة سريعة ولذيذة لعشاء اليوم,53171,13266.0,28521,1105.0,104.0,214.0,لا
3669.0,ضحك ونكت  ,فيسبوك,ترفيه,,2024-02-20,مقاطع مضحكة من كواليس التصوير,17106,10086.0,12257,810.0,96.0,78.0,
724.0,أخبار مصر الآن,insta,News,story,2025-09-17,بيان رسمي حول القرار الأخير,186905,81012.0,89102,6690.0,193.0,765.0,0
2908.0,أخبار الرياضة,youtube,كورة,,2025-03-28,تحليل فني لأداء الفريق هذا الموسم,87809,35127.0,49956,1225.0,45.0,71.0,
970.0,اتعلم اونلاين  ,تويتر,تعليم,text,,دورة مجانية لتعلم أساسيات البرمجة,18740,3424.0,3746,141.0,12.0,23.0,نعم
497.0,ملعب  مصر,إنستغرام,Sports,ستوري ,04-01-2024,أفضل اللقطات من الجولة الأخيرة,243808,77846.0,138075,2008.0,137.0,272.0,نعم
951.0,أخبار مصر الآن ✅,انستغرام,News,فيديو,2024-06-23,تفاصيل جديدة حول الحدث الذي شغل الرأي العام,16912,7982.0,9954,263.0,37.0,49.0,
806.0,منصة  التعليم,فيسبوك ,Education,image,,دورة مجانية لتعلم أساسيات البرمجة,42535,16263.0,28558,566.0,18.0,7.0,
1830.0,اليوم السابع نيوز ✅,تيكتوك,اخبار,فيديو,2024-01-09,تغطية مباشرة لفعاليات المؤتمر,14000,3944.0,7985,231.0,23.0,12.0,
2178.0,أزياء العرب ✅,فيس بوك,موضة ,نص,05-08-2024,موديلات جديدة من أشهر الماركات,148604,18201.0,20870,799.0,75.0,76.0,نعم
1740.0, عالم التقنية,انستغرام,Tech,text,2024-05-17,مقارنة بين أفضل اللابتوبات لعام هذا,12905,3191.0,6693,203.0,16.0,3.0,
338.0,تكنولوجيا  بلس,Twitter,Tech,story,2025-06-16,نصائح لحماية حسابك من الاختراق,52556,18277.0,21657,1025.0,122.0,172.0,
731.0,منصة التعليم,انستجرام,Education,منشور نصي,19/06/2025,شرح مبسط لأهم قواعد اللغة العربية,53949,15540.0,25526,702.0,95.0,126.0,
609.0,عالم التقنية  ,Instagram,تكنولوجيا,text,2025-12-27,مراجعة كاملة لأحدث هاتف صدر هذا الشهر,96549,8903.0,8947,626.0,45.0,64.0,لا
1149.0, وصفات ماما,Twitter,طبخ ,ستوري,03/08/2025,طريقة عمل الكنافة بالقشطة خطوة بخطوة,6304,416.0,718,15.0,1.0,2.0,No
2244.0,أخبار مصر الآن  ,tiktok,اخبار,image,07/12/2024,تفاصيل جديدة حول الحدث الذي شغل الرأي العام,8367,1250.0,2220,126.0,3.0,1.0,1
3299.0,جادجت العرب,youtube,تكنولوجيا,منشور نصي,27/04/2024,خمس تطبيقات تساعدك في تنظيم وقتك,15718,5973.0,8667,455.0,48.0,31.0,Yes
1714.0,ستايل  بنات,فيس بوك,موضة,video,04/06/2024,  أحدث صيحات الموضة لهذا الموسم   ,60067,32291.0,54078,1077.0,89.0,78.0,
3341.0,منصة التعليم  ,فيس بوك,تعليم,ستوري ,14/05/2024,دورة مجانية لتعلم أساسيات البرمجة,40072,20543.0,36535,,96.0,34.0,نعم
3327.0,ضحك ونكت,Facebook,ترفيه,video,2025-09-13,مقاطع مضحكة من كواليس التصوير,112029,17925.0,27821,496.0,59.0,76.0,
910.0,وصفات ماما  ,يوتيوب, طبخ,فيديو ,2025-10-21,طريقة عمل الكنافة بالقشطة خطوة بخطوة,23241,10615.0,11718,664.0,53.0,12.0,نعم
2633.0, وصفات ماما,فيسبوك ,أكل وطبخ,منشور نصي,2025-01-26,أسرار المطبخ اللي محدش بيقولهالك,70583,4954.0,9703,71.0,6.0,4.0,0
3969.0,كوميديا العرب,tiktok,كوميدي,story,18/12/2025,أفضل خمس مشاهد كوميدية هذا العام,13168,2682.0,3752,114.0,15.0,3.0,
2152.0,عالم الطبخ,tiktok, طبخ,منشور نصي,02/10/2024,طريقة عمل الكنافة بالقشطة خطوة بخطوة,18381,3648.0,5192,277.0,25.0,,
2011.0,ستايل بنات,يوتيوب ,أزياء,story,2024-01-06,إطلالات بسيطة وأنيقة لكل يوم,45548,14420.0,28869,1617.0,115.0,320.0,نعم
3666.0,أكاديمية  المعرفة,Instagram,Education,reels,10/09/2025,خطوات عملية لتعلم مهارة جديدة,78130,37933.0,57642,181.0,19000.0,14.0,Yes
2492.0,فوازير رمضان ✅,FB,ترفيه,ريلز,18/11/2025,نكت وضحك من غير توقف,60561,31967.0,65290,369.0,36.0,30.0,0
3121.0,عالم التقنية ✅,تويتر,تقنية,ريلز,09-11-2025,كل ما تريد معرفته عن الذكاء الاصطناعي,90119,33323.0,72346,3336.0,321.0,163.0,
1811.0,فوازير رمضان,Instagram,كوميدي,Reel,03-07-2025,نكت وضحك من غير توقف,16742,1870.0,3500,179.0,20.0,27.0,
1995.0,عالم  الطبخ,تيك توك,طبخ ,text,2025-05-30,أكلة اقتصادية وسهلة التحضير,40878,2349.0,3510,24.0,0.0,4.0,Yes
720.0,كورة  كل  يوم,انستغرام,رياضة ,صور,2025-07-22,أفضل اللقطات من الجولة الأخيرة,25017,6754.0,7219,464.0,18.0,57.0,
2933.0,فوازير رمضان  ,youtube,ترفيه,صور,2024-05-03,أفضل خمس مشاهد كوميدية هذا العام,23939,11584.0,11667,185.0,9.0,5.0,
2825.0,كوميديا العرب,تويتر,كوميدي,فيديو,12/05/2025,أفضل خمس مشاهد كوميدية هذا العام,59439,18752.0,21804,596.0,27.0,11.0,
1570.0,أخبار مصر الآن  ,TikTok,أخبار,ستوري,2025-11-04,آخر التطورات في الساعات الماضية,161611,45383.0,98828,1986.0,280.0,111.0,
2898.0,اليوم السابع نيوز,انستغرام,اخبار,Reel,02/03/2024,ملخص أهم الأخبار المحلية اليوم,130872,39315.0,46437,2843.0,224.0,260.0,
2276.0,عالم التقنية,Instagram,تقنيه,فيديو,2024-12-05,مقارنة بين أفضل اللابتوبات لعام هذا,106415,56390.0,93399,3297.0,374.0,102.0,
435.0,تكنولوجيا بلس  ,انستجرام,تكنولوجيا,نص,2024-09-10,مقارنة بين أفضل اللابتوبات لعام هذا,71921,26714.0,43971,717.0,97.0,97.0,Yes
2824.0,اتعلم اونلاين ✅,فيس بوك,تعليم,ستوري ,2025-09-23,  خطوات عملية لتعلم مهارة جديدة   ,113715,38433.0,44354,-1113.0,164.0,,
3756.0,موضة اليوم ✅,YouTube,موضة,صورة,2024-01-19,موديلات جديدة من أشهر الماركات,30387,5136.0,8214,258.0,6.0,3.0,
2505.0,عالم التقنية  ,Twitter,تقنيه,صوره,,كل ما تريد معرفته عن الذكاء الاصطناعي,37915,6124.0,8275,503.0,21.0,12.0,
3212.0,أخبار الرياضة,Instagram,رياضة ,ستوري ,2025-01-14,أفضل اللقطات من الجولة الأخيرة,47772,26105.0,40051,334.0,17.0,4.0,0
3541.0,اليوم السابع نيوز,tiktok,اخبار,فيديو,15/09/2025,تغطية مباشرة لفعاليات المؤتمر,80757,48208.0,78174,505.0,31.0,14.0,1
3271.0,مطبخ سارة,Instagram,أكل وطبخ,story,2024-08-06,طريقة عمل الكنافة بالقشطة خطوة بخطوة,17459,1354.0,2125,13.0,0.0,0.0,
1942.0,ملعب مصر,انستجرام,Sports,Reel,22/05/2024,تشكيلة المنتخب المتوقعة في المباراة القادمة,95427,41227.0,76806,2844.0,311.0,512.0,
1892.0,منصة التعليم,فيس بوك,تعليم ,ستوري ,2024-01-24,دورة مجانية لتعلم أساسيات البرمجة,28705,4406.0,5526,141.0,20.0,22.0,
3600.0,تكنولوجيا بلس  ,فيسبوك,تقنيه,image,2024-11-28,خمس تطبيقات تساعدك في تنظيم وقتك,46224,3020.0,6252,170.0,4.0,27.0,
1266.0,أخبار الرياضة  ,تويتر(X),Sports,ستوري ,,أخبار الانتقالات الصيفية,820509,338640.0,501916,31720.0,3806.0,2538.0,
2598.0,ستايل بنات  ,tiktok,موضة,video,30-09-2024,  أحدث صيحات الموضة لهذا الموسم   ,25340,14389.0,30859,1264.0,131.0,221.0,لا
1411.0,وصفات ماما,X, طبخ,ستوري,2025-08-28,أسرار المطبخ اللي محدش بيقولهالك,43608,23918.0,46421,1329.0,120.0,36.0,
1215.0,موضة اليوم  ,FB,,story,2024-04-02,أفكار تنسيق ملابس اقتصادية,55957,16255.0,24126,270.0,9.0,27.0,1
967.0,جادجت  العرب,تويتر (X),تقنية,فيديو,20/08/2025,مقارنة بين أفضل اللابتوبات لعام هذا,41587,17336.0,36299,658.0,16.0,29.0,
1231.0,اتعلم اونلاين,Twitter,,story,05/07/2024,شرح مبسط لأهم قواعد اللغة العربية,86926,46058.0,57976,534.0,46.0,89.0,0
606.0,تكنولوجيا بلس  ,تيك توك,تكنولوجيا,text,2025-12-02,مراجعة كاملة لأحدث هاتف صدر هذا الشهر,282934,103448.0,173712,9024.0,1306.0,173.0,
105.0,كورة  كل  يوم,فيسبوك ,رياضة ,Reel,2025-05-02,أفضل اللقطات من الجولة الأخيرة,8278,1047.0,2044,64.0,8.0,10.0,
646.0,جادجت العرب,فيس بوك,Tech,image,2025-07-01,مقارنة بين أفضل اللابتوبات لعام هذا,50645,10068.0,13073,820.0,99.0,69.0,
3089.0,موضة اليوم ✅,youtube,موضة,Reel,2024-05-21,نصائح لاختيار الألوان المناسبة لبشرتك,40742,2936.0,6176,170.0,22.0,28.0,Yes
1020.0,مطبخ سارة ✅,تيكتوك, طبخ,text,2025-11-29,وصفة سريعة ولذيذة لعشاء اليوم,153574,57412.0,63558,2098.0,311.0,244.0,
92.0,تكنولوجيا بلس ✅,فيسبوك,تقنيه,reels,05/11/2025,كل ما تريد معرفته عن الذكاء الاصطناعي,15347,6219.0,10478,284.0,28.0,15.0,نعم
2871.0,أخبار الرياضة ✅,انستجرام,كورة,ستوري,2025-11-24,أفضل اللقطات من الجولة الأخيرة,30274,12936.0,22290,808.0,16.0,51.0,
909.0, ملعب مصر,تويتر (X),Sports,ستوري ,2025-01-10,أخبار الانتقالات الصيفية,45191,25127.0,33288,989,133.0,186.0,0
2151.0,ضحك ونكت ✅,فيسبوك,Entertainment,story,2025-09-11,مقاطع مضحكة من كواليس التصوير,15698,7553.0,13769,516.0,48.0,77.0,Yes
239.0,ستايل بنات ✅,يوتيوب ,أزياء,ستوري,27/06/2024,إطلالات بسيطة وأنيقة لكل يوم,93859,31900.0,48210,610.0,47.0,28.0,
3141.0,أخبار مصر الآن  ,TikTok,أخبار,video,2025-04-29,ملخص أهم الأخبار المحلية اليوم,41371,21404.0,41892,2228.0,262.0,438.0,1
943.0, أخبار الرياضة,TikTok,كورة,فيديو,2024-09-08,تشكيلة المنتخب المتوقعة في المباراة القادمة,55917,17626.0,28631,2036.0,97.0,334.0,0
1271.0,أزياء العرب,YouTube,موضة ,reels,2024-01-25,نصائح لاختيار الألوان المناسبة لبشرتك,74545,42497.0,65085,2483.0,350.0,60.0,Yes
939.0,ضحك ونكت  ,Twitter,Entertainment,Reel,2025-06-08,نكت وضحك من غير توقف,42940,21652.0,29537,799.0,64.0,51.0,
3230.0, منصة التعليم,انستجرام,تعليم ,ريلز,2025-09-21,شرح مبسط لأهم قواعد اللغة العربية,42831,4990.0,10904,211.0,25.0,12.0,
3552.0,موضة اليوم ✅,FB,أزياء,فديو,26/05/2025,نصائح لاختيار الألوان المناسبة لبشرتك,44940,10434.0,17366,261.0,27.0,10.0,
1863.0, جادجت العرب,FB,تكنولوجيا,,2024-02-18,كل ما تريد معرفته عن الذكاء الاصطناعي,8290,1003.0,2034,65.0,8.0,4.0,1
1670.0,جادجت العرب,tiktok,Tech,فيديو,2024-03-29,خمس تطبيقات تساعدك في تنظيم وقتك,124533,58208.0,78958,2121.0,73.0,312.0,1
6.0,تكنولوجيا  بلس,FB,تكنولوجيا,فديو,2024-08-26,مقارنة بين أفضل اللابتوبات لعام هذا,40575,8826.0,9860,573.0,20.0,59.0,1
3944.0, أزياء العرب,يوتيوب ,موضة ,,09-09-2024,نصائح لاختيار الألوان المناسبة لبشرتك,17914,,10016,46.0,6.0,7.0,
3014.0,منصة التعليم,تيك توك,تعليم ,صورة,21-09-2024,كيف تذاكر بفعالية قبل الامتحانات,12136,3208.0,5088,158.0,12.0,10.0,
19.0,أخبار  مصر  الآن,إنستغرام,اخبار,فيديو,06/04/2024,ملخص أهم الأخبار المحلية اليوم,8818,1022.0,1436,84.0,7.0,12.0,0
1971.0,اتعلم اونلاين,تويتر (X),تعليم ,ستوري,,دورة مجانية لتعلم أساسيات البرمجة,307220,40008.0,48900,793.0,39.0,67.0,
2710.0,عالم الطبخ,youtube,أكل وطبخ,video,04-08-2025,وصفة سريعة ولذيذة لعشاء اليوم,27833,11946.0,25586,199.0,19.0,7.0,Yes
2233.0,كوميديا العرب  ,فيسبوك,كوميدي,video,02/03/2024,مقاطع مضحكة من كواليس التصوير,31138,13361.0,18782,995.0,84.0,90.0,
812.0,كوميديا العرب,فيسبوك ,كوميدي,ريلز,10-05-2024,أطرف المواقف اللي حصلت الأسبوع ده,55565,9020.0,15804,416.0,34.0,42.0,
1301.0, كورة كل يوم,TikTok,رياضة ,منشور نصي,,تشكيلة المنتخب المتوقعة في المباراة القادمة,23132,7108.0,7712,370.0,32.0,40.0,
1785.0,جادجت العرب  ,انستغرام,Tech,Reel,2025-08-05,  خمس تطبيقات تساعدك في تنظيم وقتك   ,8182,4389.0,4838,231,23.0,15.0,0
261.0,تكنولوجيا بلس ✅,انستجرام,تقنية,صور,2025-01-26,خمس تطبيقات تساعدك في تنظيم وقتك,29465,14439.0,17974,887.0,88.0,40.0,
1805.0, بوابة الأحداث,فيسبوك,اخبار,فيديو ,2025-12-09,ملخص أهم الأخبار المحلية اليوم,23138,3763.0,5124,96.0,10.0,12.0,
1571.0, ستايل بنات,يوتيوب ,موضة,صوره,07/07/2025,نصائح لاختيار الألوان المناسبة لبشرتك,26708,14813.0,22814,,52.0,50.0,1
2455.0,مطبخ سارة  ,Twitter,طبخ,reels,2024-03-19,أكلة اقتصادية وسهلة التحضير,311860,70233.0,135331,8012.0,437.0,424.0,0
1744.0,كوميديا العرب  ,تويتر (X),ترفيه,reels,2024-03-06,  نكت وضحك من غير توقف   ,21944,4605.0,5895,248.0,22.0,39.0,1
1631.0,أزياء العرب,يوتيوب ,موضة ,ستوري ,2025-03-08,موديلات جديدة من أشهر الماركات,23181,4225.0,6838,205.0,24.0,14.0,No
1717.0,ملعب مصر,X,Sports,منشور نصي,13-01-2025,أخبار الانتقالات الصيفية,16211,2828.0,4418,108.0,4.0,16.0,
521.0,أخبار الرياضة,tiktok,رياضة,reels,2024-11-28,تحليل فني لأداء الفريق هذا الموسم,5880,1887.0,2566,107,4.0,3.0,نعم
3938.0,أكاديمية المعرفة  ,تويتر (X),تعليم,فيديو ,05-01-2025,دورة مجانية لتعلم أساسيات البرمجة,49833,17912.0,32857,884.0,59.0,54.0,
3483.0,اليوم السابع نيوز  ,انستجرام,أخبار,ستوري ,2025-02-05,بيان رسمي حول القرار الأخير,140605,17282.0,25376,1474.0,,129.0,
1659.0,اتعلم  اونلاين,فيسبوك,تعليم ,منشور نصي,09/11/2024,نصائح للطلاب الجدد في الجامعة,18309,8459.0,14195,345.0,29.0,25.0,Yes
3473.0,جادجت  العرب,انستجرام,تكنولوجيا,video,21/05/2025,كل ما تريد معرفته عن الذكاء الاصطناعي,82553,37218.0,47450,2611.0,165.0,155.0,
2476.0, مطبخ سارة,تويتر,طبخ ,صور,10-03-2025,حلويات رمضان بمكونات بسيطة,5557,2982.0,5684,122,3.0,23.0,No
3949.0,موضة اليوم,FB,أزياء,صور,2024-10-17,أحدث صيحات الموضة لهذا الموسم,61592,11083.0,12100,242.0,17.0,39.0,
3935.0,وصفات ماما,Twitter,أكل وطبخ,image,2025-10-29,أكلة اقتصادية وسهلة التحضير,21522,3904.0,6240,121.0,12.0,19.0,
3646.0,موضة اليوم ✅,يوتيوب ,موضة ,reels,20/08/2025,نصائح لاختيار الألوان المناسبة لبشرتك,10554,3995.0,7077,174.0,26.0,2.0,1
764.0,مطبخ سارة ✅,يوتيوب ,أكل وطبخ,صور,,طريقة عمل الكنافة بالقشطة خطوة بخطوة,41578,14157.0,22095,210.0,27.0,35.0,0
1092.0,موضة اليوم  ,insta,موضة,فديو,2024-11-13,أفكار تنسيق ملابس اقتصادية,7034,3083.0,4897,101.0,9.0,5.0,
3609.0,عالم الطبخ  ,تويتر, طبخ,ريلز,2024-10-10,وصفة سريعة ولذيذة لعشاء اليوم,21858,4139.0,4655,141.0,20.0,12.0,
1102.0,جادجت العرب,Twitter,تكنولوجيا,,2025-02-09,مقارنة بين أفضل اللابتوبات لعام هذا,76253,21441.0,44471,2162.0,88.0,393.0,نعم
959.0, بوابة الأحداث,insta,أخبار,فيديو,2024-09-30,ملخص أهم الأخبار المحلية اليوم,108032,34988.0,48004,3259.0,350.0,61.0,
560.0,اتعلم اونلاين,فيسبوك,تعليم ,صورة,2024-09-05,كيف تذاكر بفعالية قبل الامتحانات,226300,52423.0,87917,3668.0,518.0,516.0,Yes
1520.0,بوابة الأحداث  ,يوتيوب,أخبار,Reel,2024-03-22,آخر التطورات في الساعات الماضية,7297,2939.0,6031,180.0,15.0,24.0,
1482.0,كوميديا العرب,يوتيوب,كوميدي,ستوري,27/06/2025,أطرف المواقف اللي حصلت الأسبوع ده,177997,82965.0,143746,2660.0,321.0,272.0,
2485.0,موضة  اليوم,يوتيوب ,أزياء,reels,2024-09-23,أحدث صيحات الموضة لهذا الموسم,22812,7112.0,9414,609.0,66.0,108.0,
367.0,فوازير رمضان ✅,insta,Entertainment,ستوري ,2025-10-24,تحدي جديد بين المتابعين,67223,5142.0,7363,,36.0,45.0,
3902.0,كوميديا  العرب,تويتر,ترفيه,Reel,2025-05-09,أطرف المواقف اللي حصلت الأسبوع ده,46869,11452.0,18214,174.0,18.0,5.0,
1949.0,مطبخ سارة  ,Instagram,Food,story,24/12/2025,وصفة سريعة ولذيذة لعشاء اليوم,5205,1724.0,3040,99.0,3.0,3.0,
4166.0,ضحك  ونكت,تويتر,Entertainment,story,09/03/2024,تحدي جديد بين المتابعين,48435,26659.0,40451,2465.0,328.0,43.0,Yes
1573.0,ضحك ونكت,YouTube,Entertainment,صور,2024-04-29,تحدي جديد بين المتابعين,35620,1995.0,2401,134.0,16.0,7.0,
809.0,ستايل بنات,TikTok,موضة,ستوري ,,أفكار تنسيق ملابس اقتصادية,38401,11538.0,18710,51.0,5.0,4.0,
3233.0,أكاديمية المعرفة ✅,Facebook,Education,ريلز,22/12/2024,خطوات عملية لتعلم مهارة جديدة,108285,24434.0,43354,394.0,54.0,72.0,0
3947.0,فوازير رمضان,FB,Entertainment,صور,2025-12-20,تحدي جديد بين المتابعين,47932,19681.0,23019,229.0,30.0,44.0,
12.0,مطبخ سارة,FB,أكل وطبخ,ستوري,2025-11-29,أسرار المطبخ اللي محدش بيقولهالك,92159,21380.0,23010,636.0,73.0,83.0,
2026.0,كورة كل يوم,YouTube,رياضة,صوره,2024-05-15,تحليل فني لأداء الفريق هذا الموسم,57775,9359.0,16591,675.0,60.0,80.0,
177.0,أخبار مصر الآن,انستغرام,News,ستوري,2025-02-24,تغطية مباشرة لفعاليات المؤتمر,29115,6683.0,10834,74.0,1.0,1.0,
2489.0,أزياء العرب,انستجرام,موضة ,ريلز,28-07-2025,أحدث صيحات الموضة لهذا الموسم,50713,25496.0,47178,444.0,60.0,40.0,
3887.0,أزياء العرب,X,,فيديو,2024-03-26,موديلات جديدة من أشهر الماركات,75652,38801.0,49681,623.0,45.0,112.0,نعم
2570.0,أكاديمية المعرفة,tiktok,تعليم,reels,15-08-2024,دورة مجانية لتعلم أساسيات البرمجة,27236,5776.0,9593,353.0,45.0,59.0,
3521.0,أزياء  العرب,تيكتوك,موضة,منشور نصي,2024-04-07,نصائح لاختيار الألوان المناسبة لبشرتك,21031,12134.0,20719,556.0,49.0,31.0,
3761.0,كوميديا  العرب,يوتيوب,ترفيه,منشور نصي,15-02-2025,أفضل خمس مشاهد كوميدية هذا العام,6180,1687.0,1928,129.0,8.0,5.0,1
3283.0, أكاديمية المعرفة,Twitter,تعليم,image,28/03/2024,كيف تذاكر بفعالية قبل الامتحانات,20109,7744.0,11155,443.0,49.0,33.0,1
1665.0, ضحك ونكت,Twitter,كوميدي,فيديو ,04/05/2024,مقاطع مضحكة من كواليس التصوير,24253,7399.0,11084,161.0,11.0,28.0,
2192.0,ستايل بنات,تويتر,أزياء,story,26-11-2025,أحدث صيحات الموضة لهذا الموسم,7836,1533.0,1940,27.0,3.0,1.0,نعم
615.0,كورة كل يوم ✅,Instagram,Sports,ريلز,29/12/2024,تحليل فني لأداء الفريق هذا الموسم,201197,102195.0,200813,6671.0,733.0,244.0,No
3371.0,أكاديمية المعرفة  ,يوتيوب,تعليم,فيديو ,2025-07-18,كيف تذاكر بفعالية قبل الامتحانات,8120,3793.0,5155,301.0,37.0,18.0,
2661.0,ضحك ونكت,تيك توك,Entertainment,story,2025-03-07,أطرف المواقف اللي حصلت الأسبوع ده,59433,34071.0,40250,1764.0,110.0,,
3579.0,منصة التعليم  ,YouTube,تعليم ,ريلز,2024-04-13,خطوات عملية لتعلم مهارة جديدة,31604,5853.0,10213,262.0,19.0,24.0,
2047.0,عالم الطبخ  ,Twitter,أكل وطبخ,صورة,2025-03-11,طريقة عمل الكنافة بالقشطة خطوة بخطوة,6896,3513.0,6589,217.0,17.0,37.0,
2625.0,أخبار مصر الآن,Twitter,News,ستوري,,تفاصيل جديدة حول الحدث الذي شغل الرأي العام,29304,6748.0,9992,480.0,67.0,7.0,
3411.0,تكنولوجيا بلس ✅,انستغرام,Tech,نص,2025-10-02,مقارنة بين أفضل اللابتوبات لعام هذا,25868,12440.0,27357,1152.0,122.0,103.0,No
1186.0,ضحك ونكت ✅,تويتر (X),كوميدي,story,2025-03-01,تحدي جديد بين المتابعين,8164,1955.0,2099,63.0,8.0,3.0,
1007.0,جادجت العرب,تويتر (X),تكنولوجيا,text,04/05/2025,خمس تطبيقات تساعدك في تنظيم وقتك,19377,2466.0,4308,57.0,5.0,3.0,نعم
3570.0,أكاديمية  المعرفة,يوتيوب ,تعليم ,صور,09/03/2024,خطوات عملية لتعلم مهارة جديدة,23042,13539.0,26966,812.0,97.0,61.0,No
3738.0,وصفات  ماما,YouTube,أكل وطبخ,ستوري,2024-10-07,طريقة عمل الكنافة بالقشطة خطوة بخطوة,9722,1987.0,3196,15.0,1.0,0.0,نعم
2050.0,وصفات ماما  ,تويتر(X),طبخ,image,10-12-2025,أسرار المطبخ اللي محدش بيقولهالك,17413,2730.0,4091,120.0,14.0,15.0,1
4012.0,ضحك ونكت ✅,تويتر(X),كوميدي,reels,2025-09-15,نكت وضحك من غير توقف,3091,999.0,1001,56.0,1.0,5.0,
270.0,تكنولوجيا بلس  ,إنستغرام,Tech,فديو,2024-05-02,خمس تطبيقات تساعدك في تنظيم وقتك,29921,17925.0,37996,-1086.0,111.0,172.0,نعم
1994.0,وصفات ماما  ,انستجرام,طبخ,ريلز,10-04-2024,أسرار المطبخ اللي محدش بيقولهالك,27438,,11833,792.0,42.0,39.0,
266.0,ملعب  مصر,تويتر (X),رياضة,Reel,2025-08-05,أفضل اللقطات من الجولة الأخيرة,6242,2331.0,3676,115.0,10.0,13.0,Yes
915.0,أخبار الرياضة,FB,Sports,فيديو ,2024-05-25,أفضل اللقطات من الجولة الأخيرة,21722,7079.0,13241,97.0,8.0,10.0,
2279.0,منصة التعليم,youtube,تعليم ,فيديو ,2024-08-14,كيف تذاكر بفعالية قبل الامتحانات,206468,82285.0,120067,5751.0,134.0,549.0,0
2232.0,عالم  التقنية,تيك توك,تكنولوجيا,ريلز,06/09/2024,مقارنة بين أفضل اللابتوبات لعام هذا,39211,15584.0,29883,1337.0,66.0,,
291.0,منصة التعليم,youtube,Education,ريلز,2024-11-25,خطوات عملية لتعلم مهارة جديدة,38865,5319.0,9760,371.0,48.0,67.0,
2913.0, مطبخ سارة,انستجرام, طبخ,text,2024-10-24,أسرار المطبخ اللي محدش بيقولهالك,47857,6652.0,10924,443.0,45.0,10.0,1
2094.0,منصة  التعليم,YouTube,Education,صور,2025-02-21,شرح مبسط لأهم قواعد اللغة العربية,38042,10767.0,17367,261.0,38.0,6.0,0
1653.0,اليوم السابع نيوز,إنستغرام,News,نص,2024-02-12,بيان رسمي حول القرار الأخير,83020,25514.0,33934,327.0,29.0,9.0,
4142.0,تكنولوجيا بلس,فيس بوك,تقنيه,ستوري,2024-02-22,مقارنة بين أفضل اللابتوبات لعام هذا,96564,16193.0,31219,453.0,46.0,12.0,نعم
3040.0, ستايل بنات,تويتر(X),موضة ,video,24/07/2025,أفكار تنسيق ملابس اقتصادية,39346,18079.0,27169,1013.0,59.0,28.0,نعم
2678.0,عالم التقنية  ,TikTok,تكنولوجيا,فديو,2025-05-23,  مقارنة بين أفضل اللابتوبات لعام هذا   ,39991,6063.0,11020,550.0,73.0,18.0,
289.0,وصفات  ماما,يوتيوب ,Food,story,2025-09-26,طريقة عمل الكنافة بالقشطة خطوة بخطوة,48959,24585.0,35808,2282.0,106.0,249.0,1
3108.0,وصفات ماما ✅,يوتيوب ,طبخ ,صوره,26/12/2025,طريقة عمل الكنافة بالقشطة خطوة بخطوة,50345,20957.0,40618,393.0,30.0,31.0,
1842.0,كورة كل يوم  ,Facebook,رياضة ,صورة,17/03/2024,تشكيلة المنتخب المتوقعة في المباراة القادمة,74050,10392.0,20941,808.0,105.0,46.0,Yes
576.0,ستايل بنات,يوتيوب,أزياء,ستوري ,01/06/2024,أحدث صيحات الموضة لهذا الموسم,63199,11512.0,12823,303.0,13.0,59.0,
851.0,كوميديا العرب,YouTube,Entertainment,reels,2024-06-06,أطرف المواقف اللي حصلت الأسبوع ده,86746,10828.0,21691,177.0,9.0,14.0,
3884.0,ضحك ونكت ✅,Facebook,كوميدي,video,2024-03-26,أطرف المواقف اللي حصلت الأسبوع ده,49897,10296.0,19295,409.0,13.0,60.0,1
1723.0, منصة التعليم,تويتر (X),Education,ستوري,,خطوات عملية لتعلم مهارة جديدة,66529,32844.0,33495,749.0,51.0,147.0,0
3950.0,أزياء العرب ✅,TikTok,أزياء,صور,09/09/2024,أحدث صيحات الموضة لهذا الموسم,26966,9227.0,14547,694.0,86.0,20.0,
1101.0,اتعلم اونلاين,youtube,,ستوري,2024-07-22,شرح مبسط لأهم قواعد اللغة العربية,25277,3056.0,4773,138.0,7.0,2.0,Yes
1208.0,كورة  كل  يوم,انستغرام,كورة,ستوري ,04/01/2025,أخبار الانتقالات الصيفية,30061,10043.0,16125,143.0,5.0,4.0,
1844.0,مطبخ سارة,تويتر (X),أكل وطبخ,Reel,08/05/2025,أكلة اقتصادية وسهلة التحضير,31194,2997.0,3574,206.0,16.0,14.0,لا
1849.0,كوميديا العرب  ,youtube,,صوره,02/08/2025,  أفضل خمس مشاهد كوميدية هذا العام   ,50821,28633.0,36196,2537.0,337.0,409.0,
2525.0,وصفات ماما,FB, طبخ,صورة,2024-11-24,وصفة سريعة ولذيذة لعشاء اليوم,8310,4687.0,9167,53.0,5.0,2.0,No
3948.0, كوميديا العرب,youtube,كوميدي,فيديو,2025-05-23,أفضل خمس مشاهد كوميدية هذا العام,50494,9227.0,17665,401.0,36.0,65.0,لا
1695.0, وصفات ماما,تيك توك,أكل وطبخ,فديو,2024-12-08,أكلة اقتصادية وسهلة التحضير,35662,6812.0,14097,351.0,11.0,29.0,
4182.0,أزياء العرب,انستغرام,أزياء,,,إطلالات بسيطة وأنيقة لكل يوم,125893,11114.0,19368,82.0,4.0,5.0,
3961.0,أخبار مصر الآن,فيسبوك,News,ستوري,2024-10-18,آخر التطورات في الساعات الماضية,45027,6668.0,13339,567.0,71.0,29.0,لا
234.0,أكاديمية المعرفة,فيسبوك ,تعليم,صوره,,خطوات عملية لتعلم مهارة جديدة,63437,4072.0,4732,386.0,56.0,35.0,Yes
3333.0,وصفات ماما,Twitter,طبخ ,text,2024-10-13,وصفة سريعة ولذيذة لعشاء اليوم,48106,4950.0,9300,63.0,5.0,7.0,No
2648.0,منصة التعليم,تويتر(X),تعليم,story,2025-05-23,نصائح للطلاب الجدد في الجامعة,132720,56541.0,122990,1048.0,94.0,44.0,Yes
4042.0,عالم الطبخ  ,تيكتوك,طبخ,image,,أكلة اقتصادية وسهلة التحضير,109373,7251.0,12994,230.0,22.0,7.0,نعم
1712.0,أخبار الرياضة  ,YouTube,كورة,image,03-03-2024,أخبار الانتقالات الصيفية,50783,24352.0,35066,2213.0,87.0,218.0,
183.0,كوميديا  العرب,insta,Entertainment,صوره,2025-10-15,أطرف المواقف اللي حصلت الأسبوع ده,61257,25255.0,40353,1543.0,76.0,307.0,لا
1463.0,ملعب مصر  ,Facebook,رياضة,صورة,2025-06-14,أخبار الانتقالات الصيفية,55757,19585.0,33911,239.0,10.0,11.0,No
50.0,ستايل بنات,تويتر,,text,12/08/2024,أفكار تنسيق ملابس اقتصادية,36689,20807.0,35175,885.0,70.0,100.0,
1001.0,ملعب مصر ✅,فيسبوك,رياضة ,Reel,2025-03-25,تحليل فني لأداء الفريق هذا الموسم,96155,39812.0,60548,3801.0,135.0,422.0,لا
107.0,عالم الطبخ  ,FB,Food,ستوري ,25/11/2024,طريقة عمل الكنافة بالقشطة خطوة بخطوة,58628,13961.0,27719,232.0,8.0,19.0,
444.0,تكنولوجيا بلس,Twitter,تقنية,reels,15/01/2025,مراجعة كاملة لأحدث هاتف صدر هذا الشهر,15499,8095.0,15364,379.0,15.0,52.0,
1955.0, أخبار الرياضة,انستغرام,رياضة ,ستوري,10/05/2024,تحليل فني لأداء الفريق هذا الموسم,58914,12541.0,21981,417.0,34.0,68.0,لا
727.0,اليوم السابع نيوز,يوتيوب ,اخبار,ريلز,2025-01-01,تفاصيل جديدة حول الحدث الذي شغل الرأي العام,97380,30128.0,38352,532.0,75.0,39.0,نعم
2239.0, أخبار مصر الآن,X,News,video,2024-02-07,بيان رسمي حول القرار الأخير,28914,6832.0,10207,76.0,2.0,15.0,
2331.0, أخبار مصر الآن,tiktok,اخبار,صورة,2024-01-05,تفاصيل جديدة حول الحدث الذي شغل الرأي العام,20736,11273.0,11786,1118.0,159.0,53.0,No
4126.0,اليوم السابع نيوز  ,تويتر(X),أخبار,فديو,2024-02-08,بيان رسمي حول القرار الأخير,84148,17284.0,21036,1176.0,122.0,88.0,
170.0,اليوم السابع نيوز ✅,FB,أخبار,story,2025-08-06,تفاصيل جديدة حول الحدث الذي شغل الرأي العام,18180,7425.0,10708,611.0,89.0,27.0,0
1002.0,ستايل بنات  ,FB,أزياء,story,07/09/2025,نصائح لاختيار الألوان المناسبة لبشرتك,48961,10109.0,10679,782.0,32.0,128.0,
3253.0,أزياء العرب,insta,موضة,Reel,2025-10-24,أفكار تنسيق ملابس اقتصادية,66910,22142.0,28283,851.0,126.0,146.0,No
2149.0,أخبار الرياضة  ,Instagram,رياضة ,نص,01/07/2025,تشكيلة المنتخب المتوقعة في المباراة القادمة,112020,49243.0,88266,640.0,23.0,108.0,
198.0,جادجت العرب,Facebook,تقنية,ستوري,,مقارنة بين أفضل اللابتوبات لعام هذا,51353,11264.0,20789,,40.0,7.0,Yes
3794.0,أكاديمية المعرفة,يوتيوب,Education,صوره,2025-04-25,نصائح للطلاب الجدد في الجامعة,75152,19367.0,27562,825,21.0,78.0,
648.0,ضحك ونكت  ,X,Entertainment,نص,2025-02-26,تحدي جديد بين المتابعين,37776,12391.0,19940,257.0,13.0,6.0,
3036.0,بوابة الأحداث  ,انستغرام,اخبار,text,12/03/2025,تفاصيل جديدة حول الحدث الذي شغل الرأي العام,29044,8069.0,11438,202.0,22.0,30.0,
4141.0,مطبخ سارة,X, طبخ,فيديو ,2025-11-16,أسرار المطبخ اللي محدش بيقولهالك,10248,5874.0,8947,278.0,33.0,27.0,
3734.0, ضحك ونكت,تويتر,كوميدي,reels,2024-01-03,أفضل خمس مشاهد كوميدية هذا العام,23395,10801.0,11624,218.0,17.0,19.0,لا
2759.0,ضحك ونكت,يوتيوب ,ترفيه,صوره,,أطرف المواقف اللي حصلت الأسبوع ده,35743,19500.0,40022,146.0,11.0,6.0,Yes
374.0,بوابة الأحداث,insta,اخبار,ستوري,2025-10-19,تغطية مباشرة لفعاليات المؤتمر,13435,7791.0,12643,468.0,56.0,73.0,
567.0,كورة  كل  يوم,YouTube,كورة,ستوري,2024-04-07,أفضل اللقطات من الجولة الأخيرة,12445,4374.0,5290,147.0,21.0,2.0,
3721.0, ستايل بنات,tiktok,أزياء,text,2024-03-07,إطلالات بسيطة وأنيقة لكل يوم,8843,1575.0,3107,86.0,6.0,4.0,
2896.0,أكاديمية المعرفة,Twitter,تعليم,صوره,2024-06-04,كيف تذاكر بفعالية قبل الامتحانات,29328,16310.0,32075,314.0,43.0,7.0,
3486.0,موضة اليوم,إنستغرام,موضة ,منشور نصي,2025-12-28,نصائح لاختيار الألوان المناسبة لبشرتك,11922,4055.0,5480,118.0,13.0,1.0,Yes
1156.0, عالم الطبخ,تويتر(X),طبخ ,نص,20/11/2025,وصفة سريعة ولذيذة لعشاء اليوم,6044,2021.0,3872,104.0,10.0,3.0,
4136.0, أخبار الرياضة,YouTube,Sports,فديو,2024-10-25,تشكيلة المنتخب المتوقعة في المباراة القادمة,16971,2291.0,3961,112.0,9.0,6.0,نعم
974.0,جادجت  العرب,TikTok,Tech,video,2024-04-22,مقارنة بين أفضل اللابتوبات لعام هذا,58045,26192.0,26831,595.0,79.0,65.0,
3288.0,اتعلم اونلاين ✅,X,Education,صوره,2024-06-29,نصائح للطلاب الجدد في الجامعة,7744,1708.0,2161,68.0,5.0,10.0,
3628.0,فوازير رمضان  ,insta,ترفيه,صور,25/03/2024,تحدي جديد بين المتابعين,26018,14688.0,21599,672.0,37.0,120.0,0
3639.0,كوميديا العرب ✅,انستجرام,كوميدي,ريلز,19-08-2025,  مقاطع مضحكة من كواليس التصوير   ,8779,2519.0,4040,175.0,11.0,29.0,
1836.0,أخبار الرياضة,YouTube,Sports,صوره,2025-12-16,أهم أحداث مباراة اليوم بالتفصيل,11718,4978.0,7003,274.0,28.0,5.0,نعم
2309.0,أخبار الرياضة,YouTube,رياضة ,نص,2024-02-16,أخبار الانتقالات الصيفية,20817,10293.0,17852,221.0,24.0,28.0,
1841.0,عالم الطبخ  ,يوتيوب ,أكل وطبخ,فيديو,2024-12-10,حلويات رمضان بمكونات بسيطة,24649,4722.0,6883,162.0,9.0,20.0,
2045.0,ضحك ونكت,فيس بوك,ترفيه,reels,,أفضل خمس مشاهد كوميدية هذا العام,26783,11674.0,17762,559.0,23.0,41.0,
845.0,تكنولوجيا  بلس,يوتيوب ,تقنية,فيديو ,2025-05-19,مقارنة بين أفضل اللابتوبات لعام هذا,39517,7838.0,14444,630.0,34.0,,Yes
2156.0,وصفات ماما  ,تيكتوك,طبخ,text,21-09-2025,طريقة عمل الكنافة بالقشطة خطوة بخطوة,33806,18374.0,24734,603.0,75.0,100.0,1
350.0,ملعب مصر,تويتر (X),كورة,فديو,2025-05-14,تحليل فني لأداء الفريق هذا الموسم,44122,9471.0,13547,657,31.0,126.0,
785.0,منصة التعليم  ,تويتر (X),Education,ستوري,2025-01-26,شرح مبسط لأهم قواعد اللغة العربية,55309,17994.0,37681,337.0,16.0,,نعم
48.0,فوازير  رمضان,تويتر(X),Entertainment,فيديو,01-03-2025,نكت وضحك من غير توقف,78797,21210.0,36884,1023.0,70.0,131.0,
3652.0, بوابة الأحداث,Instagram,أخبار,فديو,2024-12-05,تفاصيل جديدة حول الحدث الذي شغل الرأي العام,13484,3892.0,4801,280.0,32.0,36.0,No
4019.0,كورة كل يوم,انستجرام,كورة,video,05/04/2025,تحليل فني لأداء الفريق هذا الموسم,66536,13361.0,16857,250.0,34.0,49.0,0
1440.0,بوابة  الأحداث,إنستغرام,News,فديو,2024-05-30,بيان رسمي حول القرار الأخير,56921,22937.0,35926,1870.0,107.0,196.0,0
1866.0,كورة كل يوم,youtube,Sports,نص,2024-01-09,تشكيلة المنتخب المتوقعة في المباراة القادمة,28012,2212.0,4572,58.0,5.0,6.0,
3196.0,كورة كل يوم  ,Facebook,رياضة,فديو,2024-07-14,أخبار الانتقالات الصيفية,71289,19059.0,39624,504.0,43.0,90.0,0
34.0,أخبار  الرياضة,Instagram,كورة,video,26/02/2025,تشكيلة المنتخب المتوقعة في المباراة القادمة,15411,8524.0,12310,56.0,4.0,10.0,0
788.0,مطبخ سارة ✅,انستغرام,طبخ ,text,05/12/2024,طريقة عمل الكنافة بالقشطة خطوة بخطوة,9390,3860.0,8061,93.0,7.0,17.0,
2628.0,بوابة الأحداث  ,FB,أخبار,video,17/11/2025,آخر التطورات في الساعات الماضية,9770,3087.0,6773,159.0,5.0,29.0,
932.0,ستايل بنات,إنستغرام,أزياء,صورة,2024-10-31,موديلات جديدة من أشهر الماركات,62335,8982.0,10202,598.0,49.0,118.0,No
2405.0,أخبار الرياضة  ,يوتيوب,رياضة ,منشور نصي,06/04/2024,تشكيلة المنتخب المتوقعة في المباراة القادمة,74483,25630.0,46966,1825.0,91.0,55.0,
1686.0,اتعلم اونلاين  ,إنستغرام,تعليم,فيديو,19/04/2025,كيف تذاكر بفعالية قبل الامتحانات,32948,15868.0,25112,437.0,40.0,26.0,
1249.0,كوميديا العرب  ,insta,كوميدي,نص,2024-08-03,أطرف المواقف اللي حصلت الأسبوع ده,15670,2035.0,2807,167.0,13.0,2.0,نعم
93.0,جادجت العرب,Instagram,تقنية,صورة,2025-10-13,نصائح لحماية حسابك من الاختراق,18946,2891.0,3880,69.0,2.0,7.0,1
2852.0,ملعب مصر,Twitter,Sports,text,2025-10-12,تشكيلة المنتخب المتوقعة في المباراة القادمة,66299,11198.0,15363,1222.0,164.0,119.0,No
2794.0,أكاديمية  المعرفة,فيسبوك ,تعليم,ستوري,2025-05-18,دورة مجانية لتعلم أساسيات البرمجة,83625,28362.0,36309,2096.0,269.0,172.0,
765.0,اليوم السابع نيوز,insta,أخبار,video,2025-05-01,بيان رسمي حول القرار الأخير,18641,2084.0,2207,47.0,2.0,3.0,
2989.0,أخبار الرياضة ✅,يوتيوب ,رياضة,video,,تحليل فني لأداء الفريق هذا الموسم,58321,4805.0,9650,474,22.0,37.0,
2449.0,ضحك ونكت ✅,tiktok,كوميدي,Reel,24/11/2025,مقاطع مضحكة من كواليس التصوير,5836,669.0,934,49.0,1.0,2.0,1
1729.0,وصفات ماما,تويتر (X), طبخ,Reel,16/09/2024,طريقة عمل الكنافة بالقشطة خطوة بخطوة,23308,8928.0,16211,665.0,55.0,23.0,
258.0,عالم الطبخ,tiktok, طبخ,video,2024-09-13,أسرار المطبخ اللي محدش بيقولهالك,117415,14377.0,26901,975.0,83.0,165.0,Yes
1220.0,ملعب مصر,tiktok,كورة,صورة,20-12-2025,أخبار الانتقالات الصيفية,73315,32715.0,52796,2290.0,195.0,277.0,
1162.0,موضة اليوم,YouTube,موضة,reels,30/05/2025,نصائح لاختيار الألوان المناسبة لبشرتك,36253,11976.0,17436,672.0,44.0,64.0,لا
773.0,موضة اليوم,تويتر (X),موضة ,story,2025-02-25,أحدث صيحات الموضة لهذا الموسم,14756,1754.0,3133,14.0,1.0,2.0,0
313.0, أخبار مصر الآن,انستغرام,أخبار,صوره,04/10/2025,تغطية مباشرة لفعاليات المؤتمر,18881,8980.0,15466,751.0,74.0,97.0,
4033.0,فوازير رمضان,انستغرام,كوميدي,image,2024-04-03,مقاطع مضحكة من كواليس التصوير,6197,2141.0,4065,35.0,0.0,3.0,نعم
2998.0,فوازير رمضان  ,فيسبوك,ترفيه,نص,22/10/2024,أطرف المواقف اللي حصلت الأسبوع ده,2303,931.0,1947,49.0,6.0,9.0,
2967.0, موضة اليوم,انستجرام,موضة,صورة,2024-06-23,نصائح لاختيار الألوان المناسبة لبشرتك,16776,8466.0,8491,600.0,81.0,84.0,
1177.0,موضة اليوم  ,انستجرام,موضة ,ستوري ,2025-01-24,أحدث صيحات الموضة لهذا الموسم,11732,6754.0,14237,365.0,28.0,33.0,لا
3897.0,عالم الطبخ  ,تويتر (X),أكل وطبخ,story,30/07/2025,وصفة سريعة ولذيذة لعشاء اليوم,59079,20354.0,24124,492.0,38.0,16.0,
1350.0,ملعب  مصر,FB,كورة,text,13/01/2025,تحليل فني لأداء الفريق هذا الموسم,9574,3817.0,7302,303.0,36.0,22.0,1
3776.0,عالم  التقنية,YouTube,تقنية,story,,نصائح لحماية حسابك من الاختراق,12526,6355.0,11361,280.0,39.0,5.0,
3117.0,اليوم السابع نيوز,تيك توك,أخبار,Reel,,ملخص أهم الأخبار المحلية اليوم,274364,55792.0,77336,2138.0,,231.0,
3517.0,منصة التعليم,Instagram,,ستوري,2025-12-22,دورة مجانية لتعلم أساسيات البرمجة,2009,580.0,1062,,2.0,1.0,
2299.0,كوميديا العرب,tiktok,كوميدي,reels,2024-07-18,تحدي جديد بين المتابعين,7749,510.0,751,48.0,1.0,8.0,
2872.0,أخبار مصر الآن  ,فيسبوك,أخبار,ستوري,,تغطية مباشرة لفعاليات المؤتمر,65976,22831.0,27715,2145.0,176.0,353.0,0
392.0,عالم الطبخ ✅,تيكتوك,أكل وطبخ,صوره,13-01-2025,وصفة سريعة ولذيذة لعشاء اليوم,66470,20904.0,37521,278.0,19.0,51.0,No
1457.0,موضة اليوم,إنستغرام,موضة,صور,2024-07-21,نصائح لاختيار الألوان المناسبة لبشرتك,221378,102385.0,165031,1647.0,99.0,320.0,
1093.0, أزياء العرب,انستغرام,أزياء,منشور نصي,30/06/2024,نصائح لاختيار الألوان المناسبة لبشرتك,83226,6182.0,13541,113.0,8.0,11.0,
3240.0, كورة كل يوم,إنستغرام,رياضة,reels,2024-10-29,أهم أحداث مباراة اليوم بالتفصيل,57550,24965.0,49466,753.0,93.0,43.0,
2779.0,أخبار مصر الآن,Twitter,,Reel,24/11/2024,ملخص أهم الأخبار المحلية اليوم,17669,8408.0,11653,549.0,46.0,77.0,لا
3657.0, عالم الطبخ,تويتر,أكل وطبخ,صور,02/05/2024,أسرار المطبخ اللي محدش بيقولهالك,7624,4396.0,6534,222.0,19.0,18.0,No
2584.0,عالم التقنية ✅,Facebook,تقنيه,صوره,2025-02-11,مراجعة كاملة لأحدث هاتف صدر هذا الشهر,7964,2387.0,3181,198.0,16.0,14.0,0
3258.0,كوميديا العرب ✅,فيسبوك ,ترفيه,image,2025-12-11,أفضل خمس مشاهد كوميدية هذا العام,174423,59696.0,109653,1647.0,141.0,204.0,Yes
1373.0,أخبار الرياضة  ,تيك توك,رياضة ,Reel,15/07/2025,تحليل فني لأداء الفريق هذا الموسم,18945,5873.0,10645,,79.0,11.0,Yes
920.0,موضة اليوم  ,X,موضة,ستوري,,إطلالات بسيطة وأنيقة لكل يوم,7640,1729.0,2099,43.0,2.0,3.0,
1019.0,تكنولوجيا بلس  ,يوتيوب ,تقنيه,Reel,,نصائح لحماية حسابك من الاختراق,109449,11461.0,19770,136.0,12.0,11.0,1
2551.0, عالم التقنية,يوتيوب ,Tech,صورة,,نصائح لحماية حسابك من الاختراق,12864,5831.0,8668,408.0,37.0,,
538.0,أكاديمية المعرفة,X,Education,صورة,2025-08-15,دورة مجانية لتعلم أساسيات البرمجة,50090,27751.0,48911,1635.0,192.0,181.0,
1221.0,جادجت  العرب,يوتيوب ,تقنيه,Reel,2024-08-17,كل ما تريد معرفته عن الذكاء الاصطناعي,110932,20307.0,41660,130.0,18.0,17.0,نعم
409.0,مطبخ سارة,فيسبوك, طبخ,ريلز,2024-05-28,حلويات رمضان بمكونات بسيطة,70680,14188.0,27928,287.0,18.0,56.0,
